solver_success,used_fallback,solver_status,solver_message,objective_value,iterations,method,n_assets,max_weight_observed,weight_sum,group_cap,group_weight_observed,cvar_confidence,date,fund,window_observations,sentiment_tilt,post_tilt_max_weight,post_tilt_weight_sum
True,False,0,Deterministic equal-weight benchmark; no solver used.,,0,equal_weight,50,0.02,1.0,,,,2021-01-04,Equity Equal Weight,252,False,0.02,1.0
True,False,0,Deterministic equal-weight benchmark; no solver used.,,0,equal_weight,50,0.02,1.0,,,,2021-02-01,Equity Equal Weight,252,False,0.02,1.0
True,False,0,Deterministic equal-weight benchmark; no solver used.,,0,equal_weight,50,0.02,1.0,,,,2021-03-01,Equity Equal Weight,252,False,0.02,1.0
True,False,0,Deterministic equal-weight benchmark; no solver used.,,0,equal_weight,50,0.02,1.0,,,,2021-04-01,Equity Equal Weight,252,False,0.02,1.0
True,False,0,Deterministic equal-weight benchmark; no solver used.,,0,equal_weight,50,0.02,1.0,,,,2021-05-03,Equity Equal Weight,252,False,0.02,1.0
True,False,0,Deterministic equal-weight benchmark; no solver used.,,0,equal_weight,50,0.02,1.0,,,,2021-06-01,Equity Equal Weight,252,False,0.02,1.0
True,False,0,Deterministic equal-weight benchmark; no solver used.,,0,equal_weight,50,0.02,1.0,,,,2021-07-01,Equity Equal Weight,252,False,0.02,1.0
True,False,0,Deterministic equal-weight benchmark; no solver used.,,0,equal_weight,50,0.02,1.0,,,,2021-08-02,Equity Equal Weight,252,False,0.02,1.0
True,False,0,Deterministic equal-weight benchmark; no solver used.,,0,equal_weight,50,0.02,1.0,,,,2021-09-01,Equity Equal Weight,252,False,0.02,1.0
True,False,0,Deterministic equal-weight benchmark; no solver used.,,0,equal_weight,50,0.02,1.0,,,,2021-10-01,Equity Equal Weight,252,False,0.02,1.0
True,False,0,Deterministic equal-weight benchmark; no solver used.,,0,equal_weight,50,0.02,1.0,,,,2021-11-01,Equity Equal Weight,252,False,0.02,1.0
True,False,0,Deterministic equal-weight benchmark; no solver used.,,0,equal_weight,50,0.02,1.0,,,,2021-12-01,Equity Equal Weight,252,False,0.02,1.0
True,False,0,Deterministic equal-weight benchmark; no solver used.,,0,equal_weight,50,0.02,1.0,,,,2022-01-03,Equity Equal Weight,252,False,0.02,1.0
True,False,0,Deterministic equal-weight benchmark; no solver used.,,0,equal_weight,50,0.02,1.0,,,,2022-02-01,Equity Equal Weight,252,False,0.02,1.0
True,False,0,Deterministic equal-weight benchmark; no solver used.,,0,equal_weight,50,0.02,1.0,,,,2022-03-01,Equity Equal Weight,252,False,0.02,1.0
True,False,0,Deterministic equal-weight benchmark; no solver used.,,0,equal_weight,50,0.02,1.0,,,,2022-04-01,Equity Equal Weight,252,False,0.02,1.0
True,False,0,Deterministic equal-weight benchmark; no solver used.,,0,equal_weight,50,0.02,1.0,,,,2022-05-02,Equity Equal Weight,252,False,0.02,1.0
True,False,0,Deterministic equal-weight benchmark; no solver used.,,0,equal_weight,50,0.02,1.0,,,,2022-06-01,Equity Equal Weight,252,False,0.02,1.0
True,False,0,Deterministic equal-weight benchmark; no solver used.,,0,equal_weight,50,0.02,1.0,,,,2022-07-01,Equity Equal Weight,252,False,0.02,1.0
True,False,0,Deterministic equal-weight benchmark; no solver used.,,0,equal_weight,50,0.02,1.0,,,,2022-08-01,Equity Equal Weight,252,False,0.02,1.0
True,False,0,Deterministic equal-weight benchmark; no solver used.,,0,equal_weight,50,0.02,1.0,,,,2022-09-01,Equity Equal Weight,252,False,0.02,1.0
True,False,0,Deterministic equal-weight benchmark; no solver used.,,0,equal_weight,50,0.02,1.0,,,,2022-10-03,Equity Equal Weight,252,False,0.02,1.0
True,False,0,Deterministic equal-weight benchmark; no solver used.,,0,equal_weight,50,0.02,1.0,,,,2022-11-01,Equity Equal Weight,252,False,0.02,1.0
True,False,0,Deterministic equal-weight benchmark; no solver used.,,0,equal_weight,50,0.02,1.0,,,,2022-12-01,Equity Equal Weight,252,False,0.02,1.0
True,False,0,Deterministic equal-weight benchmark; no solver used.,,0,equal_weight,50,0.02,1.0,,,,2023-01-03,Equity Equal Weight,252,False,0.02,1.0
True,False,0,Deterministic equal-weight benchmark; no solver used.,,0,equal_weight,50,0.02,1.0,,,,2023-02-01,Equity Equal Weight,252,False,0.02,1.0
True,False,0,Deterministic equal-weight benchmark; no solver used.,,0,equal_weight,50,0.02,1.0,,,,2023-03-01,Equity Equal Weight,252,False,0.02,1.0
True,False,0,Deterministic equal-weight benchmark; no solver used.,,0,equal_weight,50,0.02,1.0,,,,2023-04-03,Equity Equal Weight,252,False,0.02,1.0
True,False,0,Deterministic equal-weight benchmark; no solver used.,,0,equal_weight,50,0.02,1.0,,,,2023-05-01,Equity Equal Weight,252,False,0.02,1.0
True,False,0,Deterministic equal-weight benchmark; no solver used.,,0,equal_weight,50,0.02,1.0,,,,2023-06-01,Equity Equal Weight,252,False,0.02,1.0
True,False,0,Deterministic equal-weight benchmark; no solver used.,,0,equal_weight,50,0.02,1.0,,,,2023-07-03,Equity Equal Weight,252,False,0.02,1.0
True,False,0,Deterministic equal-weight benchmark; no solver used.,,0,equal_weight,50,0.02,1.0,,,,2023-08-01,Equity Equal Weight,252,False,0.02,1.0
True,False,0,Deterministic equal-weight benchmark; no solver used.,,0,equal_weight,50,0.02,1.0,,,,2023-09-01,Equity Equal Weight,252,False,0.02,1.0
True,False,0,Deterministic equal-weight benchmark; no solver used.,,0,equal_weight,50,0.02,1.0,,,,2023-10-02,Equity Equal Weight,252,False,0.02,1.0
True,False,0,Deterministic equal-weight benchmark; no solver used.,,0,equal_weight,50,0.02,1.0,,,,2023-11-01,Equity Equal Weight,252,False,0.02,1.0
True,False,0,Deterministic equal-weight benchmark; no solver used.,,0,equal_weight,50,0.02,1.0,,,,2023-12-01,Equity Equal Weight,252,False,0.02,1.0
True,False,0,Optimization terminated successfully,0.056042995102661114,19,min_vol,50,0.18287623665543665,1.0,,,,2021-01-04,Equity Min Vol,252,False,0.18287623665543665,1.0
True,False,0,Optimization terminated successfully,0.056770522815750124,18,min_vol,50,0.18150820195677989,1.0,,,,2021-02-01,Equity Min Vol,252,False,0.18150820195677989,1.0
True,False,0,Optimization terminated successfully,0.055323306830162976,19,min_vol,50,0.1707733294358168,1.0,,,,2021-03-01,Equity Min Vol,252,False,0.1707733294358168,1.0
True,False,0,Optimization terminated successfully,0.020728061539143992,26,min_vol,50,0.19040093010340825,1.0,,,,2021-04-01,Equity Min Vol,252,False,0.19040093010340825,1.0
True,False,0,Optimization terminated successfully,0.0139542011467523,26,min_vol,50,0.16903599252808046,1.0,,,,2021-05-03,Equity Min Vol,252,False,0.16903599252808046,1.0
True,False,0,Optimization terminated successfully,0.012729911862149668,30,min_vol,50,0.14804619215689888,1.0,,,,2021-06-01,Equity Min Vol,252,False,0.14804619215689888,1.0
True,False,0,Optimization terminated successfully,0.01024125542482048,31,min_vol,50,0.1327282762639521,1.0,,,,2021-07-01,Equity Min Vol,252,False,0.1327282762639521,1.0
True,False,0,Optimization terminated successfully,0.010031465090637617,32,min_vol,50,0.13151118173470586,1.0,,,,2021-08-02,Equity Min Vol,252,False,0.13151118173470586,1.0
True,False,0,Optimization terminated successfully,0.00986674320969897,33,min_vol,50,0.12988351245890614,1.0,,,,2021-09-01,Equity Min Vol,252,False,0.12988351245890614,1.0
True,False,0,Optimization terminated successfully,0.008677732383588694,34,min_vol,50,0.11360583822553269,1.0,,,,2021-10-01,Equity Min Vol,252,False,0.11360583822553269,1.0
True,False,0,Optimization terminated successfully,0.008117860993396517,34,min_vol,50,0.09337348892399408,0.9999999999999998,,,,2021-11-01,Equity Min Vol,252,False,0.09337348892399408,0.9999999999999998
True,False,0,Optimization terminated successfully,0.00779011615874944,35,min_vol,50,0.09863357288739341,1.0,,,,2021-12-01,Equity Min Vol,252,False,0.09863357288739341,1.0
True,False,0,Optimization terminated successfully,0.008420515069108164,36,min_vol,50,0.09571182141574812,1.0,,,,2022-01-03,Equity Min Vol,252,False,0.09571182141574812,1.0
True,False,0,Optimization terminated successfully,0.008365480074943853,37,min_vol,50,0.08524206076496299,1.0,,,,2022-02-01,Equity Min Vol,252,False,0.08524206076496299,1.0
True,False,0,Optimization terminated successfully,0.00844694282568219,37,min_vol,50,0.11187600813270275,1.0,,,,2022-03-01,Equity Min Vol,252,False,0.11187600813270275,1.0
True,False,0,Optimization terminated successfully,0.008314356663618048,37,min_vol,50,0.1106058675441104,1.0,,,,2022-04-01,Equity Min Vol,252,False,0.1106058675441104,1.0
True,False,0,Optimization terminated successfully,0.009962626609125417,36,min_vol,50,0.10128162057928346,1.0,,,,2022-05-02,Equity Min Vol,252,False,0.10128162057928346,1.0
True,False,0,Optimization terminated successfully,0.011218462474590143,38,min_vol,50,0.13145969862536153,0.9999999999999999,,,,2022-06-01,Equity Min Vol,252,False,0.13145969862536153,0.9999999999999999
True,False,0,Optimization terminated successfully,0.013220925417610553,35,min_vol,50,0.13222208340758715,1.0,,,,2022-07-01,Equity Min Vol,252,False,0.13222208340758715,1.0
True,False,0,Optimization terminated successfully,0.013679152877231324,35,min_vol,50,0.1294309442517714,0.9999999999999999,,,,2022-08-01,Equity Min Vol,252,False,0.1294309442517714,0.9999999999999999
True,False,0,Optimization terminated successfully,0.014363664513396044,33,min_vol,50,0.11794504231398843,1.0,,,,2022-09-01,Equity Min Vol,252,False,0.11794504231398843,1.0
True,False,0,Optimization terminated successfully,0.016522775912197574,31,min_vol,50,0.1337295991288313,1.0,,,,2022-10-03,Equity Min Vol,252,False,0.1337295991288313,1.0
True,False,0,Optimization terminated successfully,0.019047436222570557,28,min_vol,50,0.14206861332330448,1.0,,,,2022-11-01,Equity Min Vol,252,False,0.14206861332330448,1.0
True,False,0,Optimization terminated successfully,0.019303373116112587,27,min_vol,50,0.1855986171353768,1.0,,,,2022-12-01,Equity Min Vol,252,False,0.1855986171353768,1.0
True,False,0,Optimization terminated successfully,0.01950641589144989,25,min_vol,50,0.17343520516014804,1.0,,,,2023-01-03,Equity Min Vol,252,False,0.17343520516014804,1.0
True,False,0,Optimization terminated successfully,0.01992545233344393,27,min_vol,50,0.168251265792604,0.9999999999999998,,,,2023-02-01,Equity Min Vol,252,False,0.168251265792604,0.9999999999999998
True,False,0,Optimization terminated successfully,0.019787943851808876,30,min_vol,50,0.1690664239413497,1.0,,,,2023-03-01,Equity Min Vol,252,False,0.1690664239413497,1.0
True,False,0,Optimization terminated successfully,0.020222850781014018,29,min_vol,50,0.16488834527914015,1.0,,,,2023-04-03,Equity Min Vol,252,False,0.16488834527914015,1.0
True,False,0,Optimization terminated successfully,0.02012238454313448,29,min_vol,50,0.15661203308910848,1.0,,,,2023-05-01,Equity Min Vol,252,False,0.15661203308910848,1.0
True,False,0,Optimization terminated successfully,0.017695914142950003,31,min_vol,50,0.19730465345028456,1.0,,,,2023-06-01,Equity Min Vol,252,False,0.19730465345028456,1.0
True,False,0,Optimization terminated successfully,0.015574665548355345,31,min_vol,50,0.17149681321955546,1.0,,,,2023-07-03,Equity Min Vol,252,False,0.17149681321955546,1.0
True,False,0,Optimization terminated successfully,0.015281338319782364,33,min_vol,50,0.1650832260774828,1.0000000000000002,,,,2023-08-01,Equity Min Vol,252,False,0.1650832260774828,1.0000000000000002
True,False,0,Optimization terminated successfully,0.014829738966460445,34,min_vol,50,0.1794720583658015,1.0,,,,2023-09-01,Equity Min Vol,252,False,0.1794720583658015,1.0
True,False,0,Optimization terminated successfully,0.013225135930397175,32,min_vol,50,0.19485787048064904,1.0,,,,2023-10-02,Equity Min Vol,252,False,0.19485787048064904,1.0
True,False,0,Optimization terminated successfully,0.01087158727470192,33,min_vol,50,0.15457737154326304,1.0,,,,2023-11-01,Equity Min Vol,252,False,0.15457737154326304,1.0
True,False,0,Optimization terminated successfully,0.009722788216802575,35,min_vol,50,0.15085854521124803,1.0,,,,2023-12-01,Equity Min Vol,252,False,0.15085854521124803,1.0
True,False,0,Optimization terminated successfully,-1.9089796181666032,12,tangency,50,0.19999999999999699,1.0,,,,2021-01-04,Equity Tangency,252,False,0.19999999999999699,1.0
True,False,0,Optimization terminated successfully,-1.7869212040654026,12,tangency,50,0.19999999999995827,1.0,,,,2021-02-01,Equity Tangency,252,False,0.19999999999995827,1.0
True,False,0,Optimization terminated successfully,-2.1012180378555962,14,tangency,50,0.1999999999999978,1.0,,,,2021-03-01,Equity Tangency,252,False,0.1999999999999978,1.0
True,False,0,Optimization terminated successfully,-3.3405296933683784,17,tangency,50,0.14737612397542504,1.0,,,,2021-04-01,Equity Tangency,252,False,0.14737612397542504,1.0
True,False,0,Optimization terminated successfully,-3.7359399550597887,16,tangency,50,0.18293701981316104,1.0,,,,2021-05-03,Equity Tangency,252,False,0.18293701981316104,1.0
True,False,0,Optimization terminated successfully,-3.9154845773665974,14,tangency,50,0.1999999999999782,1.0,,,,2021-06-01,Equity Tangency,252,False,0.1999999999999782,1.0
True,False,0,Optimization terminated successfully,-4.378826763270364,19,tangency,50,0.19999999999998289,1.0,,,,2021-07-01,Equity Tangency,252,False,0.19999999999998289,1.0
True,False,0,Optimization terminated successfully,-4.267193961313173,19,tangency,50,0.1999999999999937,1.0000000000000002,,,,2021-08-02,Equity Tangency,252,False,0.1999999999999937,1.0000000000000002
True,False,0,Optimization terminated successfully,-4.182639018374643,20,tangency,50,0.19999999999995996,0.9999999999999998,,,,2021-09-01,Equity Tangency,252,False,0.19999999999995996,0.9999999999999998
True,False,0,Optimization terminated successfully,-3.7634710277849135,21,tangency,50,0.19999999999998488,1.0,,,,2021-10-01,Equity Tangency,252,False,0.19999999999998488,1.0
True,False,0,Optimization terminated successfully,-4.8104430460948695,22,tangency,50,0.19999999999996668,0.9999999999999999,,,,2021-11-01,Equity Tangency,252,False,0.19999999999996668,0.9999999999999999
True,False,0,Optimization terminated successfully,-4.148044328545217,16,tangency,50,0.19999999999995108,1.0000000000000002,,,,2021-12-01,Equity Tangency,252,False,0.19999999999995108,1.0000000000000002
True,False,0,Optimization terminated successfully,-4.398961521326738,17,tangency,50,0.19999999999997026,1.0,,,,2022-01-03,Equity Tangency,252,False,0.19999999999997026,1.0
True,False,0,Optimization terminated successfully,-4.121290453388101,23,tangency,50,0.19999999999991971,1.0,,,,2022-02-01,Equity Tangency,252,False,0.19999999999991971,1.0
True,False,0,Optimization terminated successfully,-3.742147906426594,18,tangency,50,0.19999999999995624,1.0,,,,2022-03-01,Equity Tangency,252,False,0.19999999999995624,1.0
True,False,0,Optimization terminated successfully,-3.9812428061446203,18,tangency,50,0.1999999999999457,1.0,,,,2022-04-01,Equity Tangency,252,False,0.1999999999999457,1.0
True,False,0,Optimization terminated successfully,-2.982874271785884,19,tangency,50,0.19191706971835326,1.0,,,,2022-05-02,Equity Tangency,252,False,0.19191706971835326,1.0
True,False,0,Optimization terminated successfully,-2.7918203229419327,15,tangency,50,0.19999999999539142,1.0,,,,2022-06-01,Equity Tangency,252,False,0.19999999999539142,1.0
True,False,0,Optimization terminated successfully,-2.14752274034741,11,tangency,50,0.1999999999999921,1.0,,,,2022-07-01,Equity Tangency,252,False,0.1999999999999921,1.0
True,False,0,Optimization terminated successfully,-2.3761640199028644,11,tangency,50,0.19999999999998286,1.0,,,,2022-08-01,Equity Tangency,252,False,0.19999999999998286,1.0
True,False,0,Optimization terminated successfully,-2.4161355063816248,13,tangency,50,0.19999999999999515,1.0,,,,2022-09-01,Equity Tangency,252,False,0.19999999999999515,1.0
True,False,0,Optimization terminated successfully,-1.9728994784710228,11,tangency,50,0.1999999999988619,1.0,,,,2022-10-03,Equity Tangency,252,False,0.1999999999988619,1.0
True,False,0,Optimization terminated successfully,-2.435481527901886,15,tangency,50,0.19999999999955534,1.0000000000000002,,,,2022-11-01,Equity Tangency,252,False,0.19999999999955534,1.0000000000000002
True,False,0,Optimization terminated successfully,-3.035908734046452,17,tangency,50,0.1999999999945251,0.9999999999999999,,,,2022-12-01,Equity Tangency,252,False,0.1999999999945251,0.9999999999999999
True,False,0,Optimization terminated successfully,-2.4579163832632083,14,tangency,50,0.19999999999988247,0.9999999999999999,,,,2023-01-03,Equity Tangency,252,False,0.19999999999988247,0.9999999999999999
True,False,0,Optimization terminated successfully,-2.1829764925410924,11,tangency,50,0.19999999999830212,1.0,,,,2023-02-01,Equity Tangency,252,False,0.19999999999830212,1.0
True,False,0,Optimization terminated successfully,-1.8710509812081046,14,tangency,50,0.19999999999992535,1.0000000000000002,,,,2023-03-01,Equity Tangency,252,False,0.19999999999992535,1.0000000000000002
True,False,0,Optimization terminated successfully,-1.6701901104306653,11,tangency,50,0.19999999999984797,1.0,,,,2023-04-03,Equity Tangency,252,False,0.19999999999984797,1.0
True,False,0,Optimization terminated successfully,-2.2563678965810827,5,tangency,50,0.19999999999993415,1.0,,,,2023-05-01,Equity Tangency,252,False,0.19999999999993415,1.0
True,False,0,Optimization terminated successfully,-2.074126170235126,13,tangency,50,0.19999999999876006,1.0,,,,2023-06-01,Equity Tangency,252,False,0.19999999999876006,1.0
True,False,0,Optimization terminated successfully,-2.9962179323641447,11,tangency,50,0.19999999999941478,1.0,,,,2023-07-03,Equity Tangency,252,False,0.19999999999941478,1.0
True,False,0,Optimization terminated successfully,-2.897916300055298,11,tangency,50,0.19999999999995072,1.0,,,,2023-08-01,Equity Tangency,252,False,0.19999999999995072,1.0
True,False,0,Optimization terminated successfully,-3.1565631798895084,10,tangency,50,0.19999999999994433,1.0,,,,2023-09-01,Equity Tangency,252,False,0.19999999999994433,1.0
True,False,0,Optimization terminated successfully,-3.51674247871254,12,tangency,50,0.19999999999998055,1.0,,,,2023-10-02,Equity Tangency,252,False,0.19999999999998055,1.0
True,False,0,Optimization terminated successfully,-2.791099629920822,12,tangency,50,0.19999999999988394,0.9999999999999999,,,,2023-11-01,Equity Tangency,252,False,0.19999999999988394,0.9999999999999999
True,False,0,Optimization terminated successfully,-3.077990122333632,16,tangency,50,0.1999999999999743,1.0,,,,2023-12-01,Equity Tangency,252,False,0.1999999999999743,1.0
True,False,0,Optimization terminated successfully,9.505652731486603e-12,14,risk_parity,50,0.03883466123125596,1.0,,,,2021-01-04,Equity Risk Parity,252,False,0.03883466123125596,1.0
True,False,0,Optimization terminated successfully,2.8154925954241572e-11,14,risk_parity,50,0.038192925291412015,1.0,,,,2021-02-01,Equity Risk Parity,252,False,0.038192925291412015,1.0
True,False,0,Optimization terminated successfully,8.070404419800786e-12,14,risk_parity,50,0.03794823433863534,1.0,,,,2021-03-01,Equity Risk Parity,252,False,0.03794823433863534,1.0
True,False,0,Optimization terminated successfully,5.654999629036098e-12,17,risk_parity,50,0.044365526552223054,1.0,,,,2021-04-01,Equity Risk Parity,252,False,0.044365526552223054,1.0
True,False,0,Optimization terminated successfully,1.1069583089948347e-11,17,risk_parity,50,0.04264501509028054,1.0,,,,2021-05-03,Equity Risk Parity,252,False,0.04264501509028054,1.0
True,False,0,Optimization terminated successfully,1.6513789845241887e-11,16,risk_parity,50,0.038269669167957356,1.0,,,,2021-06-01,Equity Risk Parity,252,False,0.038269669167957356,1.0
True,False,0,Optimization terminated successfully,3.375442834754567e-12,15,risk_parity,50,0.03650804294394995,1.0,,,,2021-07-01,Equity Risk Parity,252,False,0.03650804294394995,1.0
True,False,0,Optimization terminated successfully,5.207262764979807e-12,15,risk_parity,50,0.035898200153872364,1.0,,,,2021-08-02,Equity Risk Parity,252,False,0.035898200153872364,1.0
True,False,0,Optimization terminated successfully,1.535546609844431e-11,15,risk_parity,50,0.037538439104176195,1.0,,,,2021-09-01,Equity Risk Parity,252,False,0.037538439104176195,1.0
True,False,0,Optimization terminated successfully,1.7640037280641737e-11,16,risk_parity,50,0.0370039823784765,1.0,,,,2021-10-01,Equity Risk Parity,252,False,0.0370039823784765,1.0
True,False,0,Optimization terminated successfully,4.534570481272944e-12,16,risk_parity,50,0.03719700408618958,1.0,,,,2021-11-01,Equity Risk Parity,252,False,0.03719700408618958,1.0
True,False,0,Optimization terminated successfully,8.18785734388447e-12,14,risk_parity,50,0.03453749755675341,1.0,,,,2021-12-01,Equity Risk Parity,252,False,0.03453749755675341,1.0
True,False,0,Optimization terminated successfully,5.777502579030053e-12,14,risk_parity,50,0.03254885179951721,1.0,,,,2022-01-03,Equity Risk Parity,252,False,0.03254885179951721,1.0
True,False,0,Optimization terminated successfully,1.365106680786098e-11,14,risk_parity,50,0.0361078438575838,1.0,,,,2022-02-01,Equity Risk Parity,252,False,0.0361078438575838,1.0
True,False,0,Optimization terminated successfully,1.9731755068428168e-11,14,risk_parity,50,0.033137625079478865,1.0,,,,2022-03-01,Equity Risk Parity,252,False,0.033137625079478865,1.0
True,False,0,Optimization terminated successfully,1.6385287834998084e-11,14,risk_parity,50,0.03475509407266582,1.0,,,,2022-04-01,Equity Risk Parity,252,False,0.03475509407266582,1.0
True,False,0,Optimization terminated successfully,2.6610135858838336e-11,13,risk_parity,50,0.033196973971434875,1.0,,,,2022-05-02,Equity Risk Parity,252,False,0.033196973971434875,1.0
True,False,0,Optimization terminated successfully,1.8466693102905413e-11,14,risk_parity,50,0.03552654135747751,1.0,,,,2022-06-01,Equity Risk Parity,252,False,0.03552654135747751,1.0
True,False,0,Optimization terminated successfully,3.374755216132573e-11,14,risk_parity,50,0.036814764011609644,1.0,,,,2022-07-01,Equity Risk Parity,252,False,0.036814764011609644,1.0
True,False,0,Optimization terminated successfully,6.007208830385687e-12,14,risk_parity,50,0.036330579734858266,1.0,,,,2022-08-01,Equity Risk Parity,252,False,0.036330579734858266,1.0
True,False,0,Optimization terminated successfully,4.048773041631927e-12,14,risk_parity,50,0.03565253737459036,1.0,,,,2022-09-01,Equity Risk Parity,252,False,0.03565253737459036,1.0
True,False,0,Optimization terminated successfully,1.015140576357556e-11,14,risk_parity,50,0.03637080602284976,0.9999999999999998,,,,2022-10-03,Equity Risk Parity,252,False,0.03637080602284976,0.9999999999999998
True,False,0,Optimization terminated successfully,1.0510302410408416e-11,14,risk_parity,50,0.03953988214882867,1.0,,,,2022-11-01,Equity Risk Parity,252,False,0.03953988214882867,1.0
True,False,0,Optimization terminated successfully,6.637983928590953e-12,16,risk_parity,50,0.044291477220835145,1.0,,,,2022-12-01,Equity Risk Parity,252,False,0.044291477220835145,1.0
True,False,0,Optimization terminated successfully,5.64548024250794e-12,16,risk_parity,50,0.04194774492409008,1.0000000000000002,,,,2023-01-03,Equity Risk Parity,252,False,0.04194774492409008,1.0000000000000002
True,False,0,Optimization terminated successfully,2.6129971137961516e-11,15,risk_parity,50,0.04119180907036045,1.0,,,,2023-02-01,Equity Risk Parity,252,False,0.04119180907036045,1.0
True,False,0,Optimization terminated successfully,1.1826426346704779e-11,16,risk_parity,50,0.041810273678786355,1.0,,,,2023-03-01,Equity Risk Parity,252,False,0.041810273678786355,1.0
True,False,0,Optimization terminated successfully,1.3456635519875246e-11,17,risk_parity,50,0.041608413520500626,1.0,,,,2023-04-03,Equity Risk Parity,252,False,0.041608413520500626,1.0
True,False,0,Optimization terminated successfully,1.0999628025908547e-11,16,risk_parity,50,0.0413598089673252,0.9999999999999998,,,,2023-05-01,Equity Risk Parity,252,False,0.0413598089673252,0.9999999999999998
True,False,0,Optimization terminated successfully,1.3686118559219723e-11,14,risk_parity,50,0.041705327099454875,1.0,,,,2023-06-01,Equity Risk Parity,252,False,0.041705327099454875,1.0
True,False,0,Optimization terminated successfully,6.304031742959357e-12,15,risk_parity,50,0.045713743705874624,1.0,,,,2023-07-03,Equity Risk Parity,252,False,0.045713743705874624,1.0
True,False,0,Optimization terminated successfully,5.019511684834521e-12,15,risk_parity,50,0.044944437939378495,1.0,,,,2023-08-01,Equity Risk Parity,252,False,0.044944437939378495,1.0
True,False,0,Optimization terminated successfully,3.927140629916494e-12,15,risk_parity,50,0.043878456323345305,1.0,,,,2023-09-01,Equity Risk Parity,252,False,0.043878456323345305,1.0
True,False,0,Optimization terminated successfully,1.587487292207513e-11,14,risk_parity,50,0.04286327593727293,1.0,,,,2023-10-02,Equity Risk Parity,252,False,0.04286327593727293,1.0
True,False,0,Optimization terminated successfully,9.80197784069874e-12,15,risk_parity,50,0.0452006402450349,1.0,,,,2023-11-01,Equity Risk Parity,252,False,0.0452006402450349,1.0
True,False,0,Optimization terminated successfully,1.3720769490323454e-11,14,risk_parity,50,0.04070401615836264,1.0,,,,2023-12-01,Equity Risk Parity,252,False,0.04070401615836264,1.0
True,False,0,Deterministic equal-weight benchmark; no solver used.,,0,equal_weight,10,0.1,1.0,,,,2021-01-01,Crypto Equal Weight,365,False,0.1,1.0
True,False,0,Deterministic equal-weight benchmark; no solver used.,,0,equal_weight,10,0.1,1.0,,,,2021-02-01,Crypto Equal Weight,365,False,0.1,1.0
True,False,0,Deterministic equal-weight benchmark; no solver used.,,0,equal_weight,10,0.1,1.0,,,,2021-03-01,Crypto Equal Weight,365,False,0.1,1.0
True,False,0,Deterministic equal-weight benchmark; no solver used.,,0,equal_weight,10,0.1,1.0,,,,2021-04-01,Crypto Equal Weight,365,False,0.1,1.0
True,False,0,Deterministic equal-weight benchmark; no solver used.,,0,equal_weight,10,0.1,1.0,,,,2021-05-01,Crypto Equal Weight,365,False,0.1,1.0
True,False,0,Deterministic equal-weight benchmark; no solver used.,,0,equal_weight,10,0.1,1.0,,,,2021-06-01,Crypto Equal Weight,365,False,0.1,1.0
True,False,0,Deterministic equal-weight benchmark; no solver used.,,0,equal_weight,10,0.1,1.0,,,,2021-07-01,Crypto Equal Weight,365,False,0.1,1.0
True,False,0,Deterministic equal-weight benchmark; no solver used.,,0,equal_weight,10,0.1,1.0,,,,2021-08-01,Crypto Equal Weight,365,False,0.1,1.0
True,False,0,Deterministic equal-weight benchmark; no solver used.,,0,equal_weight,10,0.1,1.0,,,,2021-09-01,Crypto Equal Weight,365,False,0.1,1.0
True,False,0,Deterministic equal-weight benchmark; no solver used.,,0,equal_weight,10,0.1,1.0,,,,2021-10-01,Crypto Equal Weight,365,False,0.1,1.0
True,False,0,Deterministic equal-weight benchmark; no solver used.,,0,equal_weight,10,0.1,1.0,,,,2021-11-01,Crypto Equal Weight,365,False,0.1,1.0
True,False,0,Deterministic equal-weight benchmark; no solver used.,,0,equal_weight,10,0.1,1.0,,,,2021-12-01,Crypto Equal Weight,365,False,0.1,1.0
True,False,0,Deterministic equal-weight benchmark; no solver used.,,0,equal_weight,10,0.1,1.0,,,,2022-01-01,Crypto Equal Weight,365,False,0.1,1.0
True,False,0,Deterministic equal-weight benchmark; no solver used.,,0,equal_weight,10,0.1,1.0,,,,2022-02-01,Crypto Equal Weight,365,False,0.1,1.0
True,False,0,Deterministic equal-weight benchmark; no solver used.,,0,equal_weight,10,0.1,1.0,,,,2022-03-01,Crypto Equal Weight,365,False,0.1,1.0
True,False,0,Deterministic equal-weight benchmark; no solver used.,,0,equal_weight,10,0.1,1.0,,,,2022-04-01,Crypto Equal Weight,365,False,0.1,1.0
True,False,0,Deterministic equal-weight benchmark; no solver used.,,0,equal_weight,10,0.1,1.0,,,,2022-05-01,Crypto Equal Weight,365,False,0.1,1.0
True,False,0,Deterministic equal-weight benchmark; no solver used.,,0,equal_weight,10,0.1,1.0,,,,2022-06-01,Crypto Equal Weight,365,False,0.1,1.0
True,False,0,Deterministic equal-weight benchmark; no solver used.,,0,equal_weight,10,0.1,1.0,,,,2022-07-01,Crypto Equal Weight,365,False,0.1,1.0
True,False,0,Deterministic equal-weight benchmark; no solver used.,,0,equal_weight,10,0.1,1.0,,,,2022-08-01,Crypto Equal Weight,365,False,0.1,1.0
True,False,0,Deterministic equal-weight benchmark; no solver used.,,0,equal_weight,10,0.1,1.0,,,,2022-09-01,Crypto Equal Weight,365,False,0.1,1.0
True,False,0,Deterministic equal-weight benchmark; no solver used.,,0,equal_weight,10,0.1,1.0,,,,2022-10-01,Crypto Equal Weight,365,False,0.1,1.0
True,False,0,Deterministic equal-weight benchmark; no solver used.,,0,equal_weight,10,0.1,1.0,,,,2022-11-01,Crypto Equal Weight,365,False,0.1,1.0
True,False,0,Deterministic equal-weight benchmark; no solver used.,,0,equal_weight,10,0.1,1.0,,,,2022-12-01,Crypto Equal Weight,365,False,0.1,1.0
True,False,0,Deterministic equal-weight benchmark; no solver used.,,0,equal_weight,10,0.1,1.0,,,,2023-01-01,Crypto Equal Weight,365,False,0.1,1.0
True,False,0,Deterministic equal-weight benchmark; no solver used.,,0,equal_weight,10,0.1,1.0,,,,2023-02-01,Crypto Equal Weight,365,False,0.1,1.0
True,False,0,Deterministic equal-weight benchmark; no solver used.,,0,equal_weight,10,0.1,1.0,,,,2023-03-01,Crypto Equal Weight,365,False,0.1,1.0
True,False,0,Deterministic equal-weight benchmark; no solver used.,,0,equal_weight,10,0.1,1.0,,,,2023-04-01,Crypto Equal Weight,365,False,0.1,1.0
True,False,0,Deterministic equal-weight benchmark; no solver used.,,0,equal_weight,10,0.1,1.0,,,,2023-05-01,Crypto Equal Weight,365,False,0.1,1.0
True,False,0,Deterministic equal-weight benchmark; no solver used.,,0,equal_weight,10,0.1,1.0,,,,2023-06-01,Crypto Equal Weight,365,False,0.1,1.0
True,False,0,Deterministic equal-weight benchmark; no solver used.,,0,equal_weight,10,0.1,1.0,,,,2023-07-01,Crypto Equal Weight,365,False,0.1,1.0
True,False,0,Deterministic equal-weight benchmark; no solver used.,,0,equal_weight,10,0.1,1.0,,,,2023-08-01,Crypto Equal Weight,365,False,0.1,1.0
True,False,0,Deterministic equal-weight benchmark; no solver used.,,0,equal_weight,10,0.1,1.0,,,,2023-09-01,Crypto Equal Weight,365,False,0.1,1.0
True,False,0,Deterministic equal-weight benchmark; no solver used.,,0,equal_weight,10,0.1,1.0,,,,2023-10-01,Crypto Equal Weight,365,False,0.1,1.0
True,False,0,Deterministic equal-weight benchmark; no solver used.,,0,equal_weight,10,0.1,1.0,,,,2023-11-01,Crypto Equal Weight,365,False,0.1,1.0
True,False,0,Deterministic equal-weight benchmark; no solver used.,,0,equal_weight,10,0.1,1.0,,,,2023-12-01,Crypto Equal Weight,365,False,0.1,1.0
True,False,0,Optimization terminated successfully,0.6370580058772387,8,min_vol,10,0.2,1.0,,,,2021-01-01,Crypto Min Vol,365,False,0.2,1.0
True,False,0,Optimization terminated successfully,0.6659108559362573,9,min_vol,10,0.2,1.0,,,,2021-02-01,Crypto Min Vol,365,False,0.2,1.0
True,False,0,Optimization terminated successfully,0.7114197041202863,9,min_vol,10,0.19999999999999998,1.0,,,,2021-03-01,Crypto Min Vol,365,False,0.19999999999999998,1.0
True,False,0,Optimization terminated successfully,0.504649721371438,10,min_vol,10,0.19999999999999996,1.0,,,,2021-04-01,Crypto Min Vol,365,False,0.19999999999999996,1.0
True,False,0,Optimization terminated successfully,0.5362317896300353,9,min_vol,10,0.2,1.0,,,,2021-05-01,Crypto Min Vol,365,False,0.2,1.0
True,False,0,Optimization terminated successfully,0.76909552523369,9,min_vol,10,0.2,1.0,,,,2021-06-01,Crypto Min Vol,365,False,0.2,1.0
True,False,0,Optimization terminated successfully,0.8301971749431208,9,min_vol,10,0.2,1.0,,,,2021-07-01,Crypto Min Vol,365,False,0.2,1.0
True,False,0,Optimization terminated successfully,0.8417714346911732,10,min_vol,10,0.19999999999999993,0.9999999999999998,,,,2021-08-01,Crypto Min Vol,365,False,0.19999999999999993,0.9999999999999998
True,False,0,Optimization terminated successfully,0.8496232609608004,8,min_vol,10,0.2,1.0,,,,2021-09-01,Crypto Min Vol,365,False,0.2,1.0
True,False,0,Optimization terminated successfully,0.8804857501261096,7,min_vol,10,0.2,1.0,,,,2021-10-01,Crypto Min Vol,365,False,0.2,1.0
True,False,0,Optimization terminated successfully,0.893888296397124,6,min_vol,10,0.2,1.0,,,,2021-11-01,Crypto Min Vol,365,False,0.2,1.0
True,False,0,Optimization terminated successfully,0.87374352610192,6,min_vol,10,0.2,1.0,,,,2021-12-01,Crypto Min Vol,365,False,0.2,1.0
True,False,0,Optimization terminated successfully,0.856265796964885,7,min_vol,10,0.2,1.0,,,,2022-01-01,Crypto Min Vol,365,False,0.2,1.0
True,False,0,Optimization terminated successfully,0.7784313265077629,6,min_vol,10,0.19999999999999993,1.0,,,,2022-02-01,Crypto Min Vol,365,False,0.19999999999999993,1.0
True,False,0,Optimization terminated successfully,0.7522850990400518,6,min_vol,10,0.2,1.0,,,,2022-03-01,Crypto Min Vol,365,False,0.2,1.0
True,False,0,Optimization terminated successfully,0.7341601772284077,5,min_vol,10,0.2,1.0,,,,2022-04-01,Crypto Min Vol,365,False,0.2,1.0
True,False,0,Optimization terminated successfully,0.6859600844473545,7,min_vol,10,0.2,1.0,,,,2022-05-01,Crypto Min Vol,365,False,0.2,1.0
True,False,0,Optimization terminated successfully,0.5154984642235196,9,min_vol,10,0.2,1.0,,,,2022-06-01,Crypto Min Vol,365,False,0.2,1.0
True,False,0,Optimization terminated successfully,0.49405349637716983,6,min_vol,10,0.19999999999999993,1.0,,,,2022-07-01,Crypto Min Vol,365,False,0.19999999999999993,1.0
True,False,0,Optimization terminated successfully,0.5050710167852681,10,min_vol,10,0.19999999999999996,1.0,,,,2022-08-01,Crypto Min Vol,365,False,0.19999999999999996,1.0
True,False,0,Optimization terminated successfully,0.4773390608037313,8,min_vol,10,0.2,1.0,,,,2022-09-01,Crypto Min Vol,365,False,0.2,1.0
True,False,0,Optimization terminated successfully,0.43105498238824874,9,min_vol,10,0.2,1.0,,,,2022-10-01,Crypto Min Vol,365,False,0.2,1.0
True,False,0,Optimization terminated successfully,0.40626921589034615,8,min_vol,10,0.2,1.0,,,,2022-11-01,Crypto Min Vol,365,False,0.2,1.0
True,False,0,Optimization terminated successfully,0.4363744951192041,10,min_vol,10,0.19999999999999996,1.0,,,,2022-12-01,Crypto Min Vol,365,False,0.19999999999999996,1.0
True,False,0,Optimization terminated successfully,0.40880813857754056,9,min_vol,10,0.19999999999999998,1.0,,,,2023-01-01,Crypto Min Vol,365,False,0.19999999999999998,1.0
True,False,0,Optimization terminated successfully,0.3944861343628931,8,min_vol,10,0.2,1.0,,,,2023-02-01,Crypto Min Vol,365,False,0.2,1.0
True,False,0,Optimization terminated successfully,0.36367961936019316,8,min_vol,10,0.2,1.0,,,,2023-03-01,Crypto Min Vol,365,False,0.2,1.0
True,False,0,Optimization terminated successfully,0.37647734051353887,9,min_vol,10,0.2,1.0,,,,2023-04-01,Crypto Min Vol,365,False,0.2,1.0
True,False,0,Optimization terminated successfully,0.3576044163288673,9,min_vol,10,0.19999999999999993,1.0,,,,2023-05-01,Crypto Min Vol,365,False,0.19999999999999993,1.0
True,False,0,Optimization terminated successfully,0.28020729300600994,8,min_vol,10,0.2,1.0,,,,2023-06-01,Crypto Min Vol,365,False,0.2,1.0
True,False,0,Optimization terminated successfully,0.251974829242413,11,min_vol,10,0.2,1.0,,,,2023-07-01,Crypto Min Vol,365,False,0.2,1.0
True,False,0,Optimization terminated successfully,0.25618797642623903,10,min_vol,10,0.2,1.0000000000000002,,,,2023-08-01,Crypto Min Vol,365,False,0.2,1.0000000000000002
True,False,0,Optimization terminated successfully,0.2419708658797755,10,min_vol,10,0.19999999999999998,1.0,,,,2023-09-01,Crypto Min Vol,365,False,0.19999999999999998,1.0
True,False,0,Optimization terminated successfully,0.2199766747795475,10,min_vol,10,0.2,1.0,,,,2023-10-01,Crypto Min Vol,365,False,0.2,1.0
True,False,0,Optimization terminated successfully,0.21899586843533309,11,min_vol,10,0.19999999999999998,1.0,,,,2023-11-01,Crypto Min Vol,365,False,0.19999999999999998,1.0
True,False,0,Optimization terminated successfully,0.1729301244634791,12,min_vol,10,0.2,1.0000000000000002,,,,2023-12-01,Crypto Min Vol,365,False,0.2,1.0000000000000002
True,False,0,Optimization terminated successfully,-2.2684708363151356,2,tangency,10,0.2,1.0,,,,2021-01-01,Crypto Tangency,365,False,0.2,1.0
True,False,0,Optimization terminated successfully,-2.323945832157816,7,tangency,10,0.2,1.0,,,,2021-02-01,Crypto Tangency,365,False,0.2,1.0
True,False,0,Optimization terminated successfully,-2.872844433709536,4,tangency,10,0.19999999999999993,1.0,,,,2021-03-01,Crypto Tangency,365,False,0.19999999999999993,1.0
True,False,0,Optimization terminated successfully,-4.012771900732981,6,tangency,10,0.2,1.0,,,,2021-04-01,Crypto Tangency,365,False,0.2,1.0
True,False,0,Optimization terminated successfully,-3.8811510085884815,8,tangency,10,0.2,1.0,,,,2021-05-01,Crypto Tangency,365,False,0.2,1.0
True,False,0,Optimization terminated successfully,-3.2381885058755024,4,tangency,10,0.1999999999999998,1.0,,,,2021-06-01,Crypto Tangency,365,False,0.1999999999999998,1.0
True,False,0,Optimization terminated successfully,-2.998489432647216,4,tangency,10,0.2,1.0,,,,2021-07-01,Crypto Tangency,365,False,0.2,1.0
True,False,0,Optimization terminated successfully,-2.643590450338753,4,tangency,10,0.19999999999999984,1.0,,,,2021-08-01,Crypto Tangency,365,False,0.19999999999999984,1.0
True,False,0,Optimization terminated successfully,-2.9566782998869194,6,tangency,10,0.19999999999999998,1.0,,,,2021-09-01,Crypto Tangency,365,False,0.19999999999999998,1.0
True,False,0,Optimization terminated successfully,-2.8957614003288947,6,tangency,10,0.19999999999999793,1.0,,,,2021-10-01,Crypto Tangency,365,False,0.19999999999999793,1.0
True,False,0,Optimization terminated successfully,-3.028980120138823,7,tangency,10,0.2,1.0,,,,2021-11-01,Crypto Tangency,365,False,0.2,1.0
True,False,0,Optimization terminated successfully,-2.4988526744917383,5,tangency,10,0.19999999999999768,1.0,,,,2021-12-01,Crypto Tangency,365,False,0.19999999999999768,1.0
True,False,0,Optimization terminated successfully,-2.3343515823636785,5,tangency,10,0.2,1.0,,,,2022-01-01,Crypto Tangency,365,False,0.2,1.0
True,False,0,Optimization terminated successfully,-1.5775592431018148,6,tangency,10,0.2,1.0,,,,2022-02-01,Crypto Tangency,365,False,0.2,1.0
True,False,0,Optimization terminated successfully,-1.2833098729777692,3,tangency,10,0.2,1.0,,,,2022-03-01,Crypto Tangency,365,False,0.2,1.0
True,False,0,Optimization terminated successfully,-1.1006765046874492,6,tangency,10,0.19999999999999973,1.0,,,,2022-04-01,Crypto Tangency,365,False,0.19999999999999973,1.0
True,False,0,Optimization terminated successfully,-0.1462531999764884,6,tangency,10,0.19999999999998958,1.0,,,,2022-05-01,Crypto Tangency,365,False,0.19999999999998958,1.0
True,False,0,Optimization terminated successfully,0.10603224226197873,5,tangency,10,0.2,1.0,,,,2022-06-01,Crypto Tangency,365,False,0.2,1.0
True,False,0,Optimization terminated successfully,0.35997994451185233,6,tangency,10,0.2,1.0,,,,2022-07-01,Crypto Tangency,365,False,0.2,1.0
True,False,0,Optimization terminated successfully,-0.015788851998557382,5,tangency,10,0.2,1.0,,,,2022-08-01,Crypto Tangency,365,False,0.2,1.0
True,False,0,Optimization terminated successfully,0.4902320110492463,5,tangency,10,0.19999999999994258,1.0,,,,2022-09-01,Crypto Tangency,365,False,0.19999999999994258,1.0
True,False,0,Optimization terminated successfully,0.38039456139773625,3,tangency,10,0.2,1.0,,,,2022-10-01,Crypto Tangency,365,False,0.2,1.0
True,False,0,Optimization terminated successfully,0.6848309751199366,4,tangency,10,0.2,1.0,,,,2022-11-01,Crypto Tangency,365,False,0.2,1.0
True,False,0,Optimization terminated successfully,0.668028346605772,4,tangency,10,0.1999999999999858,1.0,,,,2022-12-01,Crypto Tangency,365,False,0.1999999999999858,1.0
True,False,0,Optimization terminated successfully,0.5084334182359551,3,tangency,10,0.19999999999998974,1.0,,,,2023-01-01,Crypto Tangency,365,False,0.19999999999998974,1.0
True,False,0,Optimization terminated successfully,-0.20451401928153967,2,tangency,10,0.20000000000000004,1.0,,,,2023-02-01,Crypto Tangency,365,False,0.20000000000000004,1.0
True,False,0,Optimization terminated successfully,-0.06197908214339279,2,tangency,10,0.2,1.0,,,,2023-03-01,Crypto Tangency,365,False,0.2,1.0
True,False,0,Optimization terminated successfully,0.10947540958773941,3,tangency,10,0.2,1.0,,,,2023-04-01,Crypto Tangency,365,False,0.2,1.0
True,False,0,Optimization terminated successfully,-0.26891525569294794,5,tangency,10,0.19999999999999385,1.0,,,,2023-05-01,Crypto Tangency,365,False,0.19999999999999385,1.0
True,False,0,Optimization terminated successfully,-0.4989383730360075,4,tangency,10,0.19999999999999987,1.0,,,,2023-06-01,Crypto Tangency,365,False,0.19999999999999987,1.0
True,False,0,Optimization terminated successfully,-1.5198380274175238,6,tangency,10,0.2,1.0,,,,2023-07-01,Crypto Tangency,365,False,0.2,1.0
True,False,0,Optimization terminated successfully,-1.2036247712459667,4,tangency,10,0.2,1.0,,,,2023-08-01,Crypto Tangency,365,False,0.2,1.0
True,False,0,Optimization terminated successfully,-1.0932649303173816,4,tangency,10,0.1999999999999754,1.0,,,,2023-09-01,Crypto Tangency,365,False,0.1999999999999754,1.0
True,False,0,Optimization terminated successfully,-1.1330181056607178,6,tangency,10,0.19999999999987872,1.0,,,,2023-10-01,Crypto Tangency,365,False,0.19999999999987872,1.0
True,False,0,Optimization terminated successfully,-1.3101187273661907,4,tangency,10,0.19999999999981272,1.0,,,,2023-11-01,Crypto Tangency,365,False,0.19999999999981272,1.0
True,False,0,Optimization terminated successfully,-1.7564303288316288,2,tangency,10,0.19999999999999998,1.0000000000000002,,,,2023-12-01,Crypto Tangency,365,False,0.19999999999999998,1.0000000000000002
True,False,0,Optimization terminated successfully,3.9220818800851e-11,11,risk_parity,10,0.13820654939727983,1.0,,,,2021-01-01,Crypto Risk Parity,365,False,0.13820654939727983,1.0
True,False,0,Optimization terminated successfully,8.679061138914525e-12,10,risk_parity,10,0.13724514382752445,1.0,,,,2021-02-01,Crypto Risk Parity,365,False,0.13724514382752445,1.0
True,False,0,Optimization terminated successfully,7.747844522540302e-12,12,risk_parity,10,0.13636509441483688,1.0,,,,2021-03-01,Crypto Risk Parity,365,False,0.13636509441483688,1.0
True,False,0,Optimization terminated successfully,1.8314272780801164e-11,13,risk_parity,10,0.14977462657911816,1.0,,,,2021-04-01,Crypto Risk Parity,365,False,0.14977462657911816,1.0
True,False,0,Optimization terminated successfully,1.4544700386563116e-11,11,risk_parity,10,0.15659842066549082,1.0,,,,2021-05-01,Crypto Risk Parity,365,False,0.15659842066549082,1.0
True,False,0,Optimization terminated successfully,4.054429532208212e-12,14,risk_parity,10,0.16784635028127246,1.0,,,,2021-06-01,Crypto Risk Parity,365,False,0.16784635028127246,1.0
True,False,0,Optimization terminated successfully,4.8495999276599235e-12,16,risk_parity,10,0.16506986317097155,1.0,,,,2021-07-01,Crypto Risk Parity,365,False,0.16506986317097155,1.0
True,False,0,Optimization terminated successfully,3.820393598629475e-11,16,risk_parity,10,0.16317566161225186,1.0,,,,2021-08-01,Crypto Risk Parity,365,False,0.16317566161225186,1.0
True,False,0,Optimization terminated successfully,5.799604695539411e-13,16,risk_parity,10,0.16243152619082915,1.0,,,,2021-09-01,Crypto Risk Parity,365,False,0.16243152619082915,1.0
True,False,0,Optimization terminated successfully,5.416274688365172e-12,15,risk_parity,10,0.16112731545738973,1.0,,,,2021-10-01,Crypto Risk Parity,365,False,0.16112731545738973,1.0
True,False,0,Optimization terminated successfully,3.6012033172393304e-12,13,risk_parity,10,0.16003069432698838,1.0,,,,2021-11-01,Crypto Risk Parity,365,False,0.16003069432698838,1.0
True,False,0,Optimization terminated successfully,1.1406981114876423e-11,15,risk_parity,10,0.15697037115717904,1.0,,,,2021-12-01,Crypto Risk Parity,365,False,0.15697037115717904,1.0
True,False,0,Optimization terminated successfully,2.369456095219134e-11,12,risk_parity,10,0.15268762791017593,1.0,,,,2022-01-01,Crypto Risk Parity,365,False,0.15268762791017593,1.0
True,False,0,Optimization terminated successfully,2.233728556258595e-11,12,risk_parity,10,0.15274957417929858,1.0,,,,2022-02-01,Crypto Risk Parity,365,False,0.15274957417929858,1.0
True,False,0,Optimization terminated successfully,4.2467506698893777e-11,13,risk_parity,10,0.15080158055901768,1.0,,,,2022-03-01,Crypto Risk Parity,365,False,0.15080158055901768,1.0
True,False,0,Optimization terminated successfully,5.510785872394967e-12,13,risk_parity,10,0.15063811071576172,1.0,,,,2022-04-01,Crypto Risk Parity,365,False,0.15063811071576172,1.0
True,False,0,Optimization terminated successfully,3.700315661148195e-11,12,risk_parity,10,0.14640750514437922,1.0,,,,2022-05-01,Crypto Risk Parity,365,False,0.14640750514437922,1.0
True,False,0,Optimization terminated successfully,6.27343584328099e-11,10,risk_parity,10,0.1302168517329586,1.0,,,,2022-06-01,Crypto Risk Parity,365,False,0.1302168517329586,1.0
True,False,0,Optimization terminated successfully,1.1521879594487117e-12,6,risk_parity,10,0.12739977795549953,0.9999999999999998,,,,2022-07-01,Crypto Risk Parity,365,False,0.12739977795549953,0.9999999999999998
True,False,0,Optimization terminated successfully,2.5606874992989436e-11,7,risk_parity,10,0.12837637299070268,1.0,,,,2022-08-01,Crypto Risk Parity,365,False,0.12837637299070268,1.0
True,False,0,Optimization terminated successfully,2.2021294408292808e-11,8,risk_parity,10,0.12598393233843702,1.0,,,,2022-09-01,Crypto Risk Parity,365,False,0.12598393233843702,1.0
True,False,0,Optimization terminated successfully,1.85845467808901e-11,8,risk_parity,10,0.13245189404594396,1.0,,,,2022-10-01,Crypto Risk Parity,365,False,0.13245189404594396,1.0
True,False,0,Optimization terminated successfully,8.18602689664855e-12,10,risk_parity,10,0.13445748850477285,1.0,,,,2022-11-01,Crypto Risk Parity,365,False,0.13445748850477285,1.0
True,False,0,Optimization terminated successfully,5.2665089686171863e-11,9,risk_parity,10,0.14191279431346954,1.0,,,,2022-12-01,Crypto Risk Parity,365,False,0.14191279431346954,1.0
True,False,0,Optimization terminated successfully,9.904743772678797e-12,9,risk_parity,10,0.14295731615563478,1.0,,,,2023-01-01,Crypto Risk Parity,365,False,0.14295731615563478,1.0
True,False,0,Optimization terminated successfully,4.8492364192620315e-11,10,risk_parity,10,0.1455271519720602,1.0,,,,2023-02-01,Crypto Risk Parity,365,False,0.1455271519720602,1.0
True,False,0,Optimization terminated successfully,8.680314022034474e-12,11,risk_parity,10,0.14405370587129454,1.0,,,,2023-03-01,Crypto Risk Parity,365,False,0.14405370587129454,1.0
True,False,0,Optimization terminated successfully,1.5294146537394414e-11,11,risk_parity,10,0.1384377116909421,1.0,,,,2023-04-01,Crypto Risk Parity,365,False,0.1384377116909421,1.0
True,False,0,Optimization terminated successfully,1.9150039873245002e-11,10,risk_parity,10,0.14066463900452944,1.0,,,,2023-05-01,Crypto Risk Parity,365,False,0.14066463900452944,1.0
True,False,0,Optimization terminated successfully,2.827942228815151e-12,12,risk_parity,10,0.15586570047730192,1.0,,,,2023-06-01,Crypto Risk Parity,365,False,0.15586570047730192,1.0
True,False,0,Optimization terminated successfully,8.491773636060009e-12,11,risk_parity,10,0.16166690279787257,1.0,,,,2023-07-01,Crypto Risk Parity,365,False,0.16166690279787257,1.0
True,False,0,Optimization terminated successfully,3.164254453134125e-11,12,risk_parity,10,0.16485738174612505,1.0,,,,2023-08-01,Crypto Risk Parity,365,False,0.16485738174612505,1.0
True,False,0,Optimization terminated successfully,8.763443863854729e-12,11,risk_parity,10,0.16584716404126337,1.0,,,,2023-09-01,Crypto Risk Parity,365,False,0.16584716404126337,1.0
True,False,0,Optimization terminated successfully,3.256831105906025e-11,13,risk_parity,10,0.16071756882283608,1.0,,,,2023-10-01,Crypto Risk Parity,365,False,0.16071756882283608,1.0
True,False,0,Optimization terminated successfully,2.4715982747321957e-11,11,risk_parity,10,0.15935295088687987,1.0,,,,2023-11-01,Crypto Risk Parity,365,False,0.15935295088687987,1.0
True,False,0,Optimization terminated successfully,3.6157048255168956e-11,13,risk_parity,10,0.15175565413744826,1.0,,,,2023-12-01,Crypto Risk Parity,365,False,0.15175565413744826,1.0
True,False,0,Deterministic equal-weight benchmark; no solver used.,,0,equal_weight,60,0.016666666666666666,1.0,,,,2021-01-04,Combined Equal Weight,252,False,0.016666666666666666,1.0
True,False,0,Deterministic equal-weight benchmark; no solver used.,,0,equal_weight,60,0.016666666666666666,1.0,,,,2021-02-01,Combined Equal Weight,252,False,0.016666666666666666,1.0
True,False,0,Deterministic equal-weight benchmark; no solver used.,,0,equal_weight,60,0.016666666666666666,1.0,,,,2021-03-01,Combined Equal Weight,252,False,0.016666666666666666,1.0
True,False,0,Deterministic equal-weight benchmark; no solver used.,,0,equal_weight,60,0.016666666666666666,1.0,,,,2021-04-01,Combined Equal Weight,252,False,0.016666666666666666,1.0
True,False,0,Deterministic equal-weight benchmark; no solver used.,,0,equal_weight,60,0.016666666666666666,1.0,,,,2021-05-03,Combined Equal Weight,252,False,0.016666666666666666,1.0
True,False,0,Deterministic equal-weight benchmark; no solver used.,,0,equal_weight,60,0.016666666666666666,1.0,,,,2021-06-01,Combined Equal Weight,252,False,0.016666666666666666,1.0
True,False,0,Deterministic equal-weight benchmark; no solver used.,,0,equal_weight,60,0.016666666666666666,1.0,,,,2021-07-01,Combined Equal Weight,252,False,0.016666666666666666,1.0
True,False,0,Deterministic equal-weight benchmark; no solver used.,,0,equal_weight,60,0.016666666666666666,1.0,,,,2021-08-02,Combined Equal Weight,252,False,0.016666666666666666,1.0
True,False,0,Deterministic equal-weight benchmark; no solver used.,,0,equal_weight,60,0.016666666666666666,1.0,,,,2021-09-01,Combined Equal Weight,252,False,0.016666666666666666,1.0
True,False,0,Deterministic equal-weight benchmark; no solver used.,,0,equal_weight,60,0.016666666666666666,1.0,,,,2021-10-01,Combined Equal Weight,252,False,0.016666666666666666,1.0
True,False,0,Deterministic equal-weight benchmark; no solver used.,,0,equal_weight,60,0.016666666666666666,1.0,,,,2021-11-01,Combined Equal Weight,252,False,0.016666666666666666,1.0
True,False,0,Deterministic equal-weight benchmark; no solver used.,,0,equal_weight,60,0.016666666666666666,1.0,,,,2021-12-01,Combined Equal Weight,252,False,0.016666666666666666,1.0
True,False,0,Deterministic equal-weight benchmark; no solver used.,,0,equal_weight,60,0.016666666666666666,1.0,,,,2022-01-03,Combined Equal Weight,252,False,0.016666666666666666,1.0
True,False,0,Deterministic equal-weight benchmark; no solver used.,,0,equal_weight,60,0.016666666666666666,1.0,,,,2022-02-01,Combined Equal Weight,252,False,0.016666666666666666,1.0
True,False,0,Deterministic equal-weight benchmark; no solver used.,,0,equal_weight,60,0.016666666666666666,1.0,,,,2022-03-01,Combined Equal Weight,252,False,0.016666666666666666,1.0
True,False,0,Deterministic equal-weight benchmark; no solver used.,,0,equal_weight,60,0.016666666666666666,1.0,,,,2022-04-01,Combined Equal Weight,252,False,0.016666666666666666,1.0
True,False,0,Deterministic equal-weight benchmark; no solver used.,,0,equal_weight,60,0.016666666666666666,1.0,,,,2022-05-02,Combined Equal Weight,252,False,0.016666666666666666,1.0
True,False,0,Deterministic equal-weight benchmark; no solver used.,,0,equal_weight,60,0.016666666666666666,1.0,,,,2022-06-01,Combined Equal Weight,252,False,0.016666666666666666,1.0
True,False,0,Deterministic equal-weight benchmark; no solver used.,,0,equal_weight,60,0.016666666666666666,1.0,,,,2022-07-01,Combined Equal Weight,252,False,0.016666666666666666,1.0
True,False,0,Deterministic equal-weight benchmark; no solver used.,,0,equal_weight,60,0.016666666666666666,1.0,,,,2022-08-01,Combined Equal Weight,252,False,0.016666666666666666,1.0
True,False,0,Deterministic equal-weight benchmark; no solver used.,,0,equal_weight,60,0.016666666666666666,1.0,,,,2022-09-01,Combined Equal Weight,252,False,0.016666666666666666,1.0
True,False,0,Deterministic equal-weight benchmark; no solver used.,,0,equal_weight,60,0.016666666666666666,1.0,,,,2022-10-03,Combined Equal Weight,252,False,0.016666666666666666,1.0
True,False,0,Deterministic equal-weight benchmark; no solver used.,,0,equal_weight,60,0.016666666666666666,1.0,,,,2022-11-01,Combined Equal Weight,252,False,0.016666666666666666,1.0
True,False,0,Deterministic equal-weight benchmark; no solver used.,,0,equal_weight,60,0.016666666666666666,1.0,,,,2022-12-01,Combined Equal Weight,252,False,0.016666666666666666,1.0
True,False,0,Deterministic equal-weight benchmark; no solver used.,,0,equal_weight,60,0.016666666666666666,1.0,,,,2023-01-03,Combined Equal Weight,252,False,0.016666666666666666,1.0
True,False,0,Deterministic equal-weight benchmark; no solver used.,,0,equal_weight,60,0.016666666666666666,1.0,,,,2023-02-01,Combined Equal Weight,252,False,0.016666666666666666,1.0
True,False,0,Deterministic equal-weight benchmark; no solver used.,,0,equal_weight,60,0.016666666666666666,1.0,,,,2023-03-01,Combined Equal Weight,252,False,0.016666666666666666,1.0
True,False,0,Deterministic equal-weight benchmark; no solver used.,,0,equal_weight,60,0.016666666666666666,1.0,,,,2023-04-03,Combined Equal Weight,252,False,0.016666666666666666,1.0
True,False,0,Deterministic equal-weight benchmark; no solver used.,,0,equal_weight,60,0.016666666666666666,1.0,,,,2023-05-01,Combined Equal Weight,252,False,0.016666666666666666,1.0
True,False,0,Deterministic equal-weight benchmark; no solver used.,,0,equal_weight,60,0.016666666666666666,1.0,,,,2023-06-01,Combined Equal Weight,252,False,0.016666666666666666,1.0
True,False,0,Deterministic equal-weight benchmark; no solver used.,,0,equal_weight,60,0.016666666666666666,1.0,,,,2023-07-03,Combined Equal Weight,252,False,0.016666666666666666,1.0
True,False,0,Deterministic equal-weight benchmark; no solver used.,,0,equal_weight,60,0.016666666666666666,1.0,,,,2023-08-01,Combined Equal Weight,252,False,0.016666666666666666,1.0
True,False,0,Deterministic equal-weight benchmark; no solver used.,,0,equal_weight,60,0.016666666666666666,1.0,,,,2023-09-01,Combined Equal Weight,252,False,0.016666666666666666,1.0
True,False,0,Deterministic equal-weight benchmark; no solver used.,,0,equal_weight,60,0.016666666666666666,1.0,,,,2023-10-02,Combined Equal Weight,252,False,0.016666666666666666,1.0
True,False,0,Deterministic equal-weight benchmark; no solver used.,,0,equal_weight,60,0.016666666666666666,1.0,,,,2023-11-01,Combined Equal Weight,252,False,0.016666666666666666,1.0
True,False,0,Deterministic equal-weight benchmark; no solver used.,,0,equal_weight,60,0.016666666666666666,1.0,,,,2023-12-01,Combined Equal Weight,252,False,0.016666666666666666,1.0
True,False,0,Optimization terminated successfully,0.05700785715227791,18,min_vol,60,0.172919882540337,1.0,,,,2021-01-04,Combined Min Vol,252,False,0.172919882540337,1.0
True,False,0,Optimization terminated successfully,0.057900922887088084,16,min_vol,60,0.17047929902012907,1.0,,,,2021-02-01,Combined Min Vol,252,False,0.17047929902012907,1.0
True,False,0,Optimization terminated successfully,0.056589751890416186,18,min_vol,60,0.1607059612779529,1.0,,,,2021-03-01,Combined Min Vol,252,False,0.1607059612779529,1.0
True,False,0,Optimization terminated successfully,0.02156712991531444,22,min_vol,60,0.1675892844510879,1.0,,,,2021-04-01,Combined Min Vol,252,False,0.1675892844510879,1.0
True,False,0,Optimization terminated successfully,0.014860231479911314,23,min_vol,60,0.14380976229393647,1.0,,,,2021-05-03,Combined Min Vol,252,False,0.14380976229393647,1.0
True,False,0,Optimization terminated successfully,0.014201447945644157,21,min_vol,60,0.11743934373249622,1.0,,,,2021-06-01,Combined Min Vol,252,False,0.11743934373249622,1.0
True,False,0,Optimization terminated successfully,0.011557057818380597,22,min_vol,60,0.10004380015145568,1.0,,,,2021-07-01,Combined Min Vol,252,False,0.10004380015145568,1.0
True,False,0,Optimization terminated successfully,0.0113273036337675,22,min_vol,60,0.09652719608511183,1.0000000000000002,,,,2021-08-02,Combined Min Vol,252,False,0.09652719608511183,1.0000000000000002
True,False,0,Optimization terminated successfully,0.011164390349495021,23,min_vol,60,0.0926512355475821,1.0,,,,2021-09-01,Combined Min Vol,252,False,0.0926512355475821,1.0
True,False,0,Optimization terminated successfully,0.00999709069474857,23,min_vol,60,0.07807055741953506,1.0,,,,2021-10-01,Combined Min Vol,252,False,0.07807055741953506,1.0
True,False,0,Optimization terminated successfully,0.009308220198535722,21,min_vol,60,0.06887520530639656,1.0,,,,2021-11-01,Combined Min Vol,252,False,0.06887520530639656,1.0
True,False,0,Optimization terminated successfully,0.008886385594737641,23,min_vol,60,0.06753622317895044,1.0,,,,2021-12-01,Combined Min Vol,252,False,0.06753622317895044,1.0
True,False,0,Optimization terminated successfully,0.009474271548771125,24,min_vol,60,0.07100760194117008,1.0,,,,2022-01-03,Combined Min Vol,252,False,0.07100760194117008,1.0
True,False,0,Optimization terminated successfully,0.009256154847843957,23,min_vol,60,0.06526310797105345,1.0,,,,2022-02-01,Combined Min Vol,252,False,0.06526310797105345,1.0
True,False,0,Optimization terminated successfully,0.00941098192884547,24,min_vol,60,0.0804290324196762,1.0,,,,2022-03-01,Combined Min Vol,252,False,0.0804290324196762,1.0
True,False,0,Optimization terminated successfully,0.009254740173537081,24,min_vol,60,0.08129996112533519,1.0,,,,2022-04-01,Combined Min Vol,252,False,0.08129996112533519,1.0
True,False,0,Optimization terminated successfully,0.010862611928575459,25,min_vol,60,0.08097609544778182,1.0,,,,2022-05-02,Combined Min Vol,252,False,0.08097609544778182,1.0
True,False,0,Optimization terminated successfully,0.011826643679834516,27,min_vol,60,0.1107010650417841,1.0,,,,2022-06-01,Combined Min Vol,252,False,0.1107010650417841,1.0
True,False,0,Optimization terminated successfully,0.013806259758003142,27,min_vol,60,0.11290779477113635,1.0,,,,2022-07-01,Combined Min Vol,252,False,0.11290779477113635,1.0
True,False,0,Optimization terminated successfully,0.01430215137942746,27,min_vol,60,0.10972692486471322,1.0,,,,2022-08-01,Combined Min Vol,252,False,0.10972692486471322,1.0
True,False,0,Optimization terminated successfully,0.014981673339298897,28,min_vol,60,0.10329538112713249,1.0,,,,2022-09-01,Combined Min Vol,252,False,0.10329538112713249,1.0
True,False,0,Optimization terminated successfully,0.01713768754140257,27,min_vol,60,0.12001309498264771,1.0,,,,2022-10-03,Combined Min Vol,252,False,0.12001309498264771,1.0
True,False,0,Optimization terminated successfully,0.019652375007805378,27,min_vol,60,0.12752377132987097,0.9999999999999998,,,,2022-11-01,Combined Min Vol,252,False,0.12752377132987097,0.9999999999999998
True,False,0,Optimization terminated successfully,0.020090049221042922,27,min_vol,60,0.16600295018683112,1.0,,,,2022-12-01,Combined Min Vol,252,False,0.16600295018683112,1.0
True,False,0,Optimization terminated successfully,0.02024499136202469,27,min_vol,60,0.15666293460674072,1.0,,,,2023-01-03,Combined Min Vol,252,False,0.15666293460674072,1.0
True,False,0,Optimization terminated successfully,0.02065954041171071,23,min_vol,60,0.15253106044696016,0.9999999999999999,,,,2023-02-01,Combined Min Vol,252,False,0.15253106044696016,0.9999999999999999
True,False,0,Optimization terminated successfully,0.020525664941728756,26,min_vol,60,0.15207230261926796,1.0,,,,2023-03-01,Combined Min Vol,252,False,0.15207230261926796,1.0
True,False,0,Optimization terminated successfully,0.02097949205829805,27,min_vol,60,0.15033881357621548,1.0,,,,2023-04-03,Combined Min Vol,252,False,0.15033881357621548,1.0
True,False,0,Optimization terminated successfully,0.0208467367558032,28,min_vol,60,0.14368854938847683,1.0,,,,2023-05-01,Combined Min Vol,252,False,0.14368854938847683,1.0
True,False,0,Optimization terminated successfully,0.01836953549578244,28,min_vol,60,0.1720050079256931,1.0,,,,2023-06-01,Combined Min Vol,252,False,0.1720050079256931,1.0
True,False,0,Optimization terminated successfully,0.016055819991111074,29,min_vol,60,0.14508664526448248,1.0,,,,2023-07-03,Combined Min Vol,252,False,0.14508664526448248,1.0
True,False,0,Optimization terminated successfully,0.015833339396231626,29,min_vol,60,0.14094039715159837,0.9999999999999998,,,,2023-08-01,Combined Min Vol,252,False,0.14094039715159837,0.9999999999999998
True,False,0,Optimization terminated successfully,0.0153801792952961,30,min_vol,60,0.1534777958488157,1.0,,,,2023-09-01,Combined Min Vol,252,False,0.1534777958488157,1.0
True,False,0,Optimization terminated successfully,0.013682621513018963,31,min_vol,60,0.1640719223300253,0.9999999999999999,,,,2023-10-02,Combined Min Vol,252,False,0.1640719223300253,0.9999999999999999
True,False,0,Optimization terminated successfully,0.011344562189784666,30,min_vol,60,0.13277980626405722,1.0000000000000002,,,,2023-11-01,Combined Min Vol,252,False,0.13277980626405722,1.0000000000000002
True,False,0,Optimization terminated successfully,0.010020050004519072,32,min_vol,60,0.13052301633197214,1.0,,,,2023-12-01,Combined Min Vol,252,False,0.13052301633197214,1.0
True,False,0,Optimization terminated successfully,-2.874356400779006,13,tangency,60,0.19999999999998205,1.0,,,,2021-01-04,Combined Tangency,252,False,0.19999999999998205,1.0
True,False,0,Optimization terminated successfully,-2.7728615975608495,11,tangency,60,0.19999999999917878,0.9999999999999999,,,,2021-02-01,Combined Tangency,252,False,0.19999999999917878,0.9999999999999999
True,False,0,Optimization terminated successfully,-3.2621836466033844,13,tangency,60,0.19999999999966936,1.0,,,,2021-03-01,Combined Tangency,252,False,0.19999999999966936,1.0
True,False,0,Optimization terminated successfully,-4.535768886666881,22,tangency,60,0.1999999999946183,1.0,,,,2021-04-01,Combined Tangency,252,False,0.1999999999946183,1.0
True,False,0,Optimization terminated successfully,-4.67214247964863,20,tangency,60,0.15898572494818283,1.0,,,,2021-05-03,Combined Tangency,252,False,0.15898572494818283,1.0
True,False,0,Optimization terminated successfully,-4.184658757113872,25,tangency,60,0.19005753610800208,1.0,,,,2021-06-01,Combined Tangency,252,False,0.19005753610800208,1.0
True,False,0,Optimization terminated successfully,-4.419106500665125,30,tangency,60,0.19999999999977733,1.0,,,,2021-07-01,Combined Tangency,252,False,0.19999999999977733,1.0
True,False,0,Optimization terminated successfully,-4.233081413912104,25,tangency,60,0.19999999999968773,1.0000000000000002,,,,2021-08-02,Combined Tangency,252,False,0.19999999999968773,1.0000000000000002
True,False,0,Optimization terminated successfully,-4.271659612802102,29,tangency,60,0.19999999999950774,1.0,,,,2021-09-01,Combined Tangency,252,False,0.19999999999950774,1.0
True,False,0,Optimization terminated successfully,-3.91956861930026,24,tangency,60,0.19999999999988902,1.0,,,,2021-10-01,Combined Tangency,252,False,0.19999999999988902,1.0
True,False,0,Optimization terminated successfully,-4.772139350537962,32,tangency,60,0.19999999999988932,0.9999999999999998,,,,2021-11-01,Combined Tangency,252,False,0.19999999999988932,0.9999999999999998
True,False,0,Optimization terminated successfully,-3.9823914523470965,25,tangency,60,0.19999999999994744,1.0,,,,2021-12-01,Combined Tangency,252,False,0.19999999999994744,1.0
True,False,0,Optimization terminated successfully,-4.1576736721328835,23,tangency,60,0.199999999999727,1.0,,,,2022-01-03,Combined Tangency,252,False,0.199999999999727,1.0
True,False,0,Optimization terminated successfully,-3.9294380090246785,23,tangency,60,0.19999999999959603,1.0,,,,2022-02-01,Combined Tangency,252,False,0.19999999999959603,1.0
True,False,0,Optimization terminated successfully,-3.6053642330479185,23,tangency,60,0.1999999999997898,1.0,,,,2022-03-01,Combined Tangency,252,False,0.1999999999997898,1.0
True,False,0,Optimization terminated successfully,-3.824210280125402,23,tangency,60,0.19999999999957735,1.0,,,,2022-04-01,Combined Tangency,252,False,0.19999999999957735,1.0
True,False,0,Optimization terminated successfully,-2.867008566040234,20,tangency,60,0.16753981685471903,1.0,,,,2022-05-02,Combined Tangency,252,False,0.16753981685471903,1.0
True,False,0,Optimization terminated successfully,-2.718132578205433,17,tangency,60,0.1999999999955639,1.0,,,,2022-06-01,Combined Tangency,252,False,0.1999999999955639,1.0
True,False,0,Optimization terminated successfully,-2.0909578375309894,13,tangency,60,0.19999999999877596,1.0,,,,2022-07-01,Combined Tangency,252,False,0.19999999999877596,1.0
True,False,0,Optimization terminated successfully,-2.33086050966467,12,tangency,60,0.19999999999896995,1.0,,,,2022-08-01,Combined Tangency,252,False,0.19999999999896995,1.0
True,False,0,Optimization terminated successfully,-2.387350720211961,15,tangency,60,0.1999999999973676,1.0,,,,2022-09-01,Combined Tangency,252,False,0.1999999999973676,1.0
True,False,0,Optimization terminated successfully,-1.9444817461965669,13,tangency,60,0.1999999999991498,1.0,,,,2022-10-03,Combined Tangency,252,False,0.1999999999991498,1.0
True,False,0,Optimization terminated successfully,-2.396155294810499,14,tangency,60,0.1999999999978132,1.0,,,,2022-11-01,Combined Tangency,252,False,0.1999999999978132,1.0
True,False,0,Optimization terminated successfully,-2.969451389643776,15,tangency,60,0.19999999999968915,1.0,,,,2022-12-01,Combined Tangency,252,False,0.19999999999968915,1.0
True,False,0,Optimization terminated successfully,-2.4180905870589964,14,tangency,60,0.20000000000000004,1.0,,,,2023-01-03,Combined Tangency,252,False,0.20000000000000004,1.0
True,False,0,Optimization terminated successfully,-2.1493215455331276,14,tangency,60,0.19999999997734583,1.0,,,,2023-02-01,Combined Tangency,252,False,0.19999999997734583,1.0
True,False,0,Optimization terminated successfully,-1.843453835026984,14,tangency,60,0.19999999999927714,1.0,,,,2023-03-01,Combined Tangency,252,False,0.19999999999927714,1.0
True,False,0,Optimization terminated successfully,-1.638050264183785,8,tangency,60,0.19999999999869372,1.0,,,,2023-04-03,Combined Tangency,252,False,0.19999999999869372,1.0
True,False,0,Optimization terminated successfully,-2.2144071789231035,7,tangency,60,0.1999999999992552,1.0,,,,2023-05-01,Combined Tangency,252,False,0.1999999999992552,1.0
True,False,0,Optimization terminated successfully,-2.2043356757542507,13,tangency,60,0.19999999999841817,1.0,,,,2023-06-01,Combined Tangency,252,False,0.19999999999841817,1.0
True,False,0,Optimization terminated successfully,-3.1806006933765665,15,tangency,60,0.19999999999990523,0.9999999999999999,,,,2023-07-03,Combined Tangency,252,False,0.19999999999990523,0.9999999999999999
True,False,0,Optimization terminated successfully,-3.055365324247585,15,tangency,60,0.19999999999991308,1.0,,,,2023-08-01,Combined Tangency,252,False,0.19999999999991308,1.0
True,False,0,Optimization terminated successfully,-3.2272258064438515,15,tangency,60,0.19999999999975113,1.0,,,,2023-09-01,Combined Tangency,252,False,0.19999999999975113,1.0
True,False,0,Optimization terminated successfully,-3.579977307532545,16,tangency,60,0.19999999999959886,1.0,,,,2023-10-02,Combined Tangency,252,False,0.19999999999959886,1.0
True,False,0,Optimization terminated successfully,-2.93286070919257,16,tangency,60,0.19999999999995577,1.0,,,,2023-11-01,Combined Tangency,252,False,0.19999999999995577,1.0
True,False,0,Optimization terminated successfully,-3.252421731633972,15,tangency,60,0.19999999999988216,1.0,,,,2023-12-01,Combined Tangency,252,False,0.19999999999988216,1.0
True,False,0,Optimization terminated successfully,1.0546476953984654e-11,15,risk_parity,60,0.034512154337905374,1.0,,,,2021-01-04,Combined Risk Parity,252,False,0.034512154337905374,1.0
True,False,0,Optimization terminated successfully,1.5747024847114846e-11,15,risk_parity,60,0.03345731936659565,1.0,,,,2021-02-01,Combined Risk Parity,252,False,0.03345731936659565,1.0
True,False,0,Optimization terminated successfully,2.052340161451114e-11,15,risk_parity,60,0.033145531163717844,1.0,,,,2021-03-01,Combined Risk Parity,252,False,0.033145531163717844,1.0
True,False,0,Optimization terminated successfully,3.459023151942446e-11,20,risk_parity,60,0.03824009764229503,1.0,,,,2021-04-01,Combined Risk Parity,252,False,0.03824009764229503,1.0
True,False,0,Optimization terminated successfully,1.0594100947882126e-11,23,risk_parity,60,0.03686492712887587,1.0,,,,2021-05-03,Combined Risk Parity,252,False,0.03686492712887587,1.0
True,False,0,Optimization terminated successfully,1.243491508530305e-11,24,risk_parity,60,0.033454410872591975,0.9999999999999999,,,,2021-06-01,Combined Risk Parity,252,False,0.033454410872591975,0.9999999999999999
True,False,0,Optimization terminated successfully,1.5909463272507147e-11,25,risk_parity,60,0.0347382388005057,1.0000000000000002,,,,2021-07-01,Combined Risk Parity,252,False,0.0347382388005057,1.0000000000000002
True,False,0,Optimization terminated successfully,4.091964830902443e-12,25,risk_parity,60,0.03435309416164752,1.0,,,,2021-08-02,Combined Risk Parity,252,False,0.03435309416164752,1.0
True,False,0,Optimization terminated successfully,8.573293138513706e-12,25,risk_parity,60,0.03559302769105145,1.0000000000000002,,,,2021-09-01,Combined Risk Parity,252,False,0.03559302769105145,1.0000000000000002
True,False,0,Optimization terminated successfully,3.624694119025554e-12,27,risk_parity,60,0.035724825286928164,1.0,,,,2021-10-01,Combined Risk Parity,252,False,0.035724825286928164,1.0
True,False,0,Optimization terminated successfully,6.196860779291739e-12,27,risk_parity,60,0.035638324314979014,1.0,,,,2021-11-01,Combined Risk Parity,252,False,0.035638324314979014,1.0
True,False,0,Optimization terminated successfully,4.504378341462126e-12,26,risk_parity,60,0.032967663180995484,1.0,,,,2021-12-01,Combined Risk Parity,252,False,0.032967663180995484,1.0
True,False,0,Optimization terminated successfully,1.694173194933999e-11,25,risk_parity,60,0.0323175057658605,1.0000000000000002,,,,2022-01-03,Combined Risk Parity,252,False,0.0323175057658605,1.0000000000000002
True,False,0,Optimization terminated successfully,7.069427937489131e-12,25,risk_parity,60,0.03218914341776355,0.9999999999999998,,,,2022-02-01,Combined Risk Parity,252,False,0.03218914341776355,0.9999999999999998
True,False,0,Optimization terminated successfully,1.0437289874773984e-11,24,risk_parity,60,0.030738486750210927,1.0,,,,2022-03-01,Combined Risk Parity,252,False,0.030738486750210927,1.0
True,False,0,Optimization terminated successfully,2.2812545213854085e-11,25,risk_parity,60,0.03237235220987879,0.9999999999999998,,,,2022-04-01,Combined Risk Parity,252,False,0.03237235220987879,0.9999999999999998
True,False,0,Optimization terminated successfully,6.705407893612602e-12,24,risk_parity,60,0.03168560910975889,1.0,,,,2022-05-02,Combined Risk Parity,252,False,0.03168560910975889,1.0
True,False,0,Optimization terminated successfully,1.1374451496138304e-11,25,risk_parity,60,0.03394379746076192,1.0,,,,2022-06-01,Combined Risk Parity,252,False,0.03394379746076192,1.0
True,False,0,Optimization terminated successfully,1.21294251141403e-11,25,risk_parity,60,0.03636078072985755,1.0000000000000002,,,,2022-07-01,Combined Risk Parity,252,False,0.03636078072985755,1.0000000000000002
True,False,0,Optimization terminated successfully,1.2612127758718716e-11,24,risk_parity,60,0.034050719699738295,1.0,,,,2022-08-01,Combined Risk Parity,252,False,0.034050719699738295,1.0
True,False,0,Optimization terminated successfully,5.536937054501006e-11,22,risk_parity,60,0.033027683492302264,1.0,,,,2022-09-01,Combined Risk Parity,252,False,0.033027683492302264,1.0
True,False,0,Optimization terminated successfully,2.957633153514474e-11,21,risk_parity,60,0.03346089413608775,1.0,,,,2022-10-03,Combined Risk Parity,252,False,0.03346089413608775,1.0
True,False,0,Optimization terminated successfully,9.725224115847156e-12,21,risk_parity,60,0.03750513856187737,1.0,,,,2022-11-01,Combined Risk Parity,252,False,0.03750513856187737,1.0
True,False,0,Optimization terminated successfully,2.1225758711023456e-11,24,risk_parity,60,0.04201789634441959,1.0,,,,2022-12-01,Combined Risk Parity,252,False,0.04201789634441959,1.0
True,False,0,Optimization terminated successfully,1.7961438648691543e-11,24,risk_parity,60,0.0400309594583076,1.0,,,,2023-01-03,Combined Risk Parity,252,False,0.0400309594583076,1.0
True,False,0,Optimization terminated successfully,3.452186621781644e-11,23,risk_parity,60,0.03910881622258454,1.0,,,,2023-02-01,Combined Risk Parity,252,False,0.03910881622258454,1.0
True,False,0,Optimization terminated successfully,3.1371330528157105e-11,23,risk_parity,60,0.039497341293532356,1.0,,,,2023-03-01,Combined Risk Parity,252,False,0.039497341293532356,1.0
True,False,0,Optimization terminated successfully,5.474203516857871e-11,22,risk_parity,60,0.0399599838228861,1.0,,,,2023-04-03,Combined Risk Parity,252,False,0.0399599838228861,1.0
True,False,0,Optimization terminated successfully,3.058848918160611e-11,22,risk_parity,60,0.03959398477187482,1.0000000000000002,,,,2023-05-01,Combined Risk Parity,252,False,0.03959398477187482,1.0000000000000002
True,False,0,Optimization terminated successfully,2.1398021065307913e-11,20,risk_parity,60,0.039605953831500174,1.0000000000000002,,,,2023-06-01,Combined Risk Parity,252,False,0.039605953831500174,1.0000000000000002
True,False,0,Optimization terminated successfully,2.2278962403914285e-11,22,risk_parity,60,0.04289665921610776,0.9999999999999999,,,,2023-07-03,Combined Risk Parity,252,False,0.04289665921610776,0.9999999999999999
True,False,0,Optimization terminated successfully,5.716645162827461e-12,22,risk_parity,60,0.04182389191649315,1.0,,,,2023-08-01,Combined Risk Parity,252,False,0.04182389191649315,1.0
True,False,0,Optimization terminated successfully,2.302318640371992e-11,21,risk_parity,60,0.04022663127333153,1.0,,,,2023-09-01,Combined Risk Parity,252,False,0.04022663127333153,1.0
True,False,0,Optimization terminated successfully,6.837719905059933e-11,20,risk_parity,60,0.04009951514375967,1.0,,,,2023-10-02,Combined Risk Parity,252,False,0.04009951514375967,1.0
True,False,0,Optimization terminated successfully,3.303690267307289e-11,22,risk_parity,60,0.041714667237642895,1.0,,,,2023-11-01,Combined Risk Parity,252,False,0.041714667237642895,1.0
True,False,0,Optimization terminated successfully,1.3881870830954277e-11,20,risk_parity,60,0.03676558161015933,1.0,,,,2023-12-01,Combined Risk Parity,252,False,0.03676558161015933,1.0
True,False,0,Optimization terminated successfully. (HiGHS Status 7: Optimal),0.033945703792580564,150,min_cvar,60,0.19999999999999601,1.0,0.3,0.0,0.95,2021-01-04,MarketPulse TailGuard,252,False,0.19999999999999601,1.0
True,False,0,Optimization terminated successfully. (HiGHS Status 7: Optimal),0.03422588743652043,131,min_cvar,60,0.2,1.0,0.3,0.0,0.95,2021-02-01,MarketPulse TailGuard,252,False,0.2,1.0
True,False,0,Optimization terminated successfully. (HiGHS Status 7: Optimal),0.033530547920073345,127,min_cvar,60,0.19999999999999996,0.9999999999999998,0.3,0.0,0.95,2021-03-01,MarketPulse TailGuard,252,False,0.19999999999999996,0.9999999999999998
True,False,0,Optimization terminated successfully. (HiGHS Status 7: Optimal),0.01709452136147872,146,min_cvar,60,0.19999999999999046,1.0,0.3,0.05864482266105488,0.95,2021-04-01,MarketPulse TailGuard,252,False,0.19999999999999046,1.0
True,False,0,Optimization terminated successfully. (HiGHS Status 7: Optimal),0.014868484543768053,146,min_cvar,60,0.2,1.0,0.3,0.0343374318275152,0.95,2021-05-03,MarketPulse TailGuard,252,False,0.2,1.0
True,False,0,Optimization terminated successfully. (HiGHS Status 7: Optimal),0.015538357132158896,141,min_cvar,60,0.19999999999999904,1.0,0.3,0.017485476414309347,0.95,2021-06-01,MarketPulse TailGuard,252,False,0.19999999999999904,1.0
True,False,0,Optimization terminated successfully. (HiGHS Status 7: Optimal),0.012325508651223576,119,min_cvar,60,0.16932055597085155,0.9999999999999998,0.3,0.011031827106286923,0.95,2021-07-01,MarketPulse TailGuard,252,False,0.16932055597085155,0.9999999999999998
True,False,0,Optimization terminated successfully. (HiGHS Status 7: Optimal),0.012340943764609468,153,min_cvar,60,0.19973683882472315,1.0,0.3,0.012221602686322781,0.95,2021-08-02,MarketPulse TailGuard,252,False,0.19973683882472315,1.0
True,False,0,Optimization terminated successfully. (HiGHS Status 7: Optimal),0.012313761261125345,110,min_cvar,60,0.17907148724025265,1.0,0.3,0.018192740273070503,0.95,2021-09-01,MarketPulse TailGuard,252,False,0.17907148724025265,1.0
True,False,0,Optimization terminated successfully. (HiGHS Status 7: Optimal),0.011307266327639223,159,min_cvar,60,0.2,1.0,0.3,0.0,0.95,2021-10-01,MarketPulse TailGuard,252,False,0.2,1.0
True,False,0,Optimization terminated successfully. (HiGHS Status 7: Optimal),0.010460806666887154,135,min_cvar,60,0.19999999999999973,1.0,0.3,0.0,0.95,2021-11-01,MarketPulse TailGuard,252,False,0.19999999999999973,1.0
True,False,0,Optimization terminated successfully. (HiGHS Status 7: Optimal),0.011096720064714414,138,min_cvar,60,0.19999999999999998,0.9999999999999999,0.3,0.0,0.95,2021-12-01,MarketPulse TailGuard,252,False,0.19999999999999998,0.9999999999999999
True,False,0,Optimization terminated successfully. (HiGHS Status 7: Optimal),0.01113060523709572,161,min_cvar,60,0.19932505457782546,1.0,0.3,0.0,0.95,2022-01-03,MarketPulse TailGuard,252,False,0.19932505457782546,1.0
True,False,0,Optimization terminated successfully. (HiGHS Status 7: Optimal),0.010954870409870435,165,min_cvar,60,0.1954187049459421,1.0,0.3,0.0,0.95,2022-02-01,MarketPulse TailGuard,252,False,0.1954187049459421,1.0
True,False,0,Optimization terminated successfully. (HiGHS Status 7: Optimal),0.010950199987520268,153,min_cvar,60,0.2,1.0,0.3,0.0,0.95,2022-03-01,MarketPulse TailGuard,252,False,0.2,1.0
True,False,0,Optimization terminated successfully. (HiGHS Status 7: Optimal),0.011184190201236352,165,min_cvar,60,0.19640129665514497,1.0,0.3,0.0,0.95,2022-04-01,MarketPulse TailGuard,252,False,0.19640129665514497,1.0
True,False,0,Optimization terminated successfully. (HiGHS Status 7: Optimal),0.012871308379761274,157,min_cvar,60,0.17415725775337917,1.0,0.3,0.0,0.95,2022-05-02,MarketPulse TailGuard,252,False,0.17415725775337917,1.0
True,False,0,Optimization terminated successfully. (HiGHS Status 7: Optimal),0.013732036962895546,143,min_cvar,60,0.19254248127719245,1.0,0.3,0.0,0.95,2022-06-01,MarketPulse TailGuard,252,False,0.19254248127719245,1.0
True,False,0,Optimization terminated successfully. (HiGHS Status 7: Optimal),0.016296236154342135,172,min_cvar,60,0.19999999999999998,1.0,0.3,0.0,0.95,2022-07-01,MarketPulse TailGuard,252,False,0.19999999999999998,1.0
True,False,0,Optimization terminated successfully. (HiGHS Status 7: Optimal),0.016296301104973692,175,min_cvar,60,0.19999999999999996,1.0,0.3,0.0,0.95,2022-08-01,MarketPulse TailGuard,252,False,0.19999999999999996,1.0
True,False,0,Optimization terminated successfully. (HiGHS Status 7: Optimal),0.016295956963553054,176,min_cvar,60,0.2,1.0,0.3,0.0,0.95,2022-09-01,MarketPulse TailGuard,252,False,0.2,1.0
True,False,0,Optimization terminated successfully. (HiGHS Status 7: Optimal),0.017765677698239668,149,min_cvar,60,0.2,1.0,0.3,0.0,0.95,2022-10-03,MarketPulse TailGuard,252,False,0.2,1.0
True,False,0,Optimization terminated successfully. (HiGHS Status 7: Optimal),0.01781617555179617,123,min_cvar,60,0.19999999999999873,1.0000000000000002,0.3,0.0,0.95,2022-11-01,MarketPulse TailGuard,252,False,0.19999999999999873,1.0000000000000002
True,False,0,Optimization terminated successfully. (HiGHS Status 7: Optimal),0.016847232976222884,144,min_cvar,60,0.1999999999999991,1.0,0.3,0.0027231834641631945,0.95,2022-12-01,MarketPulse TailGuard,252,False,0.1999999999999991,1.0
True,False,0,Optimization terminated successfully. (HiGHS Status 7: Optimal),0.017090251369928127,152,min_cvar,60,0.19999999999999998,1.0,0.3,0.003073919657820947,0.95,2023-01-03,MarketPulse TailGuard,252,False,0.19999999999999998,1.0
True,False,0,Optimization terminated successfully. (HiGHS Status 7: Optimal),0.017384417869788643,175,min_cvar,60,0.2,1.0,0.3,0.0,0.95,2023-02-01,MarketPulse TailGuard,252,False,0.2,1.0
True,False,0,Optimization terminated successfully. (HiGHS Status 7: Optimal),0.017427084881447105,151,min_cvar,60,0.19999999999999996,1.0,0.3,0.0,0.95,2023-03-01,MarketPulse TailGuard,252,False,0.19999999999999996,1.0
True,False,0,Optimization terminated successfully. (HiGHS Status 7: Optimal),0.0174857636529395,147,min_cvar,60,0.19999999999999965,1.0,0.3,0.0,0.95,2023-04-03,MarketPulse TailGuard,252,False,0.19999999999999965,1.0
True,False,0,Optimization terminated successfully. (HiGHS Status 7: Optimal),0.017773035616389075,112,min_cvar,60,0.2,1.0,0.3,0.0,0.95,2023-05-01,MarketPulse TailGuard,252,False,0.2,1.0
True,False,0,Optimization terminated successfully. (HiGHS Status 7: Optimal),0.015889465775493297,134,min_cvar,60,0.2,1.0,0.3,0.0,0.95,2023-06-01,MarketPulse TailGuard,252,False,0.2,1.0
True,False,0,Optimization terminated successfully. (HiGHS Status 7: Optimal),0.01439888638207511,164,min_cvar,60,0.2,1.0,0.3,0.01565507723333809,0.95,2023-07-03,MarketPulse TailGuard,252,False,0.2,1.0
True,False,0,Optimization terminated successfully. (HiGHS Status 7: Optimal),0.01443624372313567,122,min_cvar,60,0.19999999999999973,1.0,0.3,0.020858064882756787,0.95,2023-08-01,MarketPulse TailGuard,252,False,0.19999999999999973,1.0
True,False,0,Optimization terminated successfully. (HiGHS Status 7: Optimal),0.014040681603783356,144,min_cvar,60,0.19999999999999962,1.0,0.3,0.019402449693880736,0.95,2023-09-01,MarketPulse TailGuard,252,False,0.19999999999999962,1.0
True,False,0,Optimization terminated successfully. (HiGHS Status 7: Optimal),0.01228597196625146,139,min_cvar,60,0.19437677640051457,1.0,0.3,0.0,0.95,2023-10-02,MarketPulse TailGuard,252,False,0.19437677640051457,1.0
True,False,0,Optimization terminated successfully. (HiGHS Status 7: Optimal),0.011719409377515345,149,min_cvar,60,0.17934357315597513,1.0000000000000002,0.3,0.0,0.95,2023-11-01,MarketPulse TailGuard,252,False,0.17934357315597513,1.0000000000000002
True,False,0,Optimization terminated successfully. (HiGHS Status 7: Optimal),0.011563773285422036,136,min_cvar,60,0.1814541656169881,1.0,0.3,0.0,0.95,2023-12-01,MarketPulse TailGuard,252,False,0.1814541656169881,1.0
True,False,0,Optimization terminated successfully,-1.9089796181666032,12,tangency,50,0.19999999999999699,1.0,,,,2021-01-04,Sentiment Tilt Equity,252,True,0.20000000000000007,1.0
True,False,0,Optimization terminated successfully,-1.7869212040654026,12,tangency,50,0.19999999999995827,1.0,,,,2021-02-01,Sentiment Tilt Equity,252,True,0.20000000000000007,1.0
True,False,0,Optimization terminated successfully,-2.1012180378555962,14,tangency,50,0.1999999999999978,1.0,,,,2021-03-01,Sentiment Tilt Equity,252,True,0.20000000000000007,1.0
True,False,0,Optimization terminated successfully,-3.3405296933683784,17,tangency,50,0.14737612397542504,1.0,,,,2021-04-01,Sentiment Tilt Equity,252,True,0.15984450276443565,1.0
True,False,0,Optimization terminated successfully,-3.7359399550597887,16,tangency,50,0.18293701981316104,1.0,,,,2021-05-03,Sentiment Tilt Equity,252,True,0.19999999999999996,0.9999999999999999
True,False,0,Optimization terminated successfully,-3.9154845773665974,14,tangency,50,0.1999999999999782,1.0,,,,2021-06-01,Sentiment Tilt Equity,252,True,0.2,1.0
True,False,0,Optimization terminated successfully,-4.378826763270364,19,tangency,50,0.19999999999998289,1.0,,,,2021-07-01,Sentiment Tilt Equity,252,True,0.19535769506235473,1.0000000000000002
True,False,0,Optimization terminated successfully,-4.267193961313173,19,tangency,50,0.1999999999999937,1.0000000000000002,,,,2021-08-02,Sentiment Tilt Equity,252,True,0.16389352727783993,1.0000000000000002
True,False,0,Optimization terminated successfully,-4.182639018374643,20,tangency,50,0.19999999999995996,0.9999999999999998,,,,2021-09-01,Sentiment Tilt Equity,252,True,0.19999999999999996,1.0
True,False,0,Optimization terminated successfully,-3.7634710277849135,21,tangency,50,0.19999999999998488,1.0,,,,2021-10-01,Sentiment Tilt Equity,252,True,0.19999999999999996,0.9999999999999997
True,False,0,Optimization terminated successfully,-4.8104430460948695,22,tangency,50,0.19999999999996668,0.9999999999999999,,,,2021-11-01,Sentiment Tilt Equity,252,True,0.2,1.0
True,False,0,Optimization terminated successfully,-4.148044328545217,16,tangency,50,0.19999999999995108,1.0000000000000002,,,,2021-12-01,Sentiment Tilt Equity,252,True,0.17023682318991112,0.9999999999999998
True,False,0,Optimization terminated successfully,-4.398961521326738,17,tangency,50,0.19999999999997026,1.0,,,,2022-01-03,Sentiment Tilt Equity,252,True,0.1696360546835966,1.0
True,False,0,Optimization terminated successfully,-4.121290453388101,23,tangency,50,0.19999999999991971,1.0,,,,2022-02-01,Sentiment Tilt Equity,252,True,0.2,1.0
True,False,0,Optimization terminated successfully,-3.742147906426594,18,tangency,50,0.19999999999995624,1.0,,,,2022-03-01,Sentiment Tilt Equity,252,True,0.17499157589172493,1.0
True,False,0,Optimization terminated successfully,-3.9812428061446203,18,tangency,50,0.1999999999999457,1.0,,,,2022-04-01,Sentiment Tilt Equity,252,True,0.2,1.0
True,False,0,Optimization terminated successfully,-2.982874271785884,19,tangency,50,0.19191706971835326,1.0,,,,2022-05-02,Sentiment Tilt Equity,252,True,0.2,1.0
True,False,0,Optimization terminated successfully,-2.7918203229419327,15,tangency,50,0.19999999999539142,1.0,,,,2022-06-01,Sentiment Tilt Equity,252,True,0.2,1.0
True,False,0,Optimization terminated successfully,-2.14752274034741,11,tangency,50,0.1999999999999921,1.0,,,,2022-07-01,Sentiment Tilt Equity,252,True,0.2,1.0
True,False,0,Optimization terminated successfully,-2.3761640199028644,11,tangency,50,0.19999999999998286,1.0,,,,2022-08-01,Sentiment Tilt Equity,252,True,0.2,1.0
True,False,0,Optimization terminated successfully,-2.4161355063816248,13,tangency,50,0.19999999999999515,1.0,,,,2022-09-01,Sentiment Tilt Equity,252,True,0.2,1.0
True,False,0,Optimization terminated successfully,-1.9728994784710228,11,tangency,50,0.1999999999988619,1.0,,,,2022-10-03,Sentiment Tilt Equity,252,True,0.2,1.0
True,False,0,Optimization terminated successfully,-2.435481527901886,15,tangency,50,0.19999999999955534,1.0000000000000002,,,,2022-11-01,Sentiment Tilt Equity,252,True,0.19845637926868773,1.0
True,False,0,Optimization terminated successfully,-3.035908734046452,17,tangency,50,0.1999999999945251,0.9999999999999999,,,,2022-12-01,Sentiment Tilt Equity,252,True,0.20000000000000004,1.0000000000000002
True,False,0,Optimization terminated successfully,-2.4579163832632083,14,tangency,50,0.19999999999988247,0.9999999999999999,,,,2023-01-03,Sentiment Tilt Equity,252,True,0.2,1.0
True,False,0,Optimization terminated successfully,-2.1829764925410924,11,tangency,50,0.19999999999830212,1.0,,,,2023-02-01,Sentiment Tilt Equity,252,True,0.2,1.0
True,False,0,Optimization terminated successfully,-1.8710509812081046,14,tangency,50,0.19999999999992535,1.0000000000000002,,,,2023-03-01,Sentiment Tilt Equity,252,True,0.19999999999999996,0.9999999999999998
True,False,0,Optimization terminated successfully,-1.6701901104306653,11,tangency,50,0.19999999999984797,1.0,,,,2023-04-03,Sentiment Tilt Equity,252,True,0.20000000000000004,1.0
True,False,0,Optimization terminated successfully,-2.2563678965810827,5,tangency,50,0.19999999999993415,1.0,,,,2023-05-01,Sentiment Tilt Equity,252,True,0.2,1.0
True,False,0,Optimization terminated successfully,-2.074126170235126,13,tangency,50,0.19999999999876006,1.0,,,,2023-06-01,Sentiment Tilt Equity,252,True,0.2,1.0
True,False,0,Optimization terminated successfully,-2.9962179323641447,11,tangency,50,0.19999999999941478,1.0,,,,2023-07-03,Sentiment Tilt Equity,252,True,0.2,1.0
True,False,0,Optimization terminated successfully,-2.897916300055298,11,tangency,50,0.19999999999995072,1.0,,,,2023-08-01,Sentiment Tilt Equity,252,True,0.20000000000000004,1.0000000000000002
True,False,0,Optimization terminated successfully,-3.1565631798895084,10,tangency,50,0.19999999999994433,1.0,,,,2023-09-01,Sentiment Tilt Equity,252,True,0.2,1.0
True,False,0,Optimization terminated successfully,-3.51674247871254,12,tangency,50,0.19999999999998055,1.0,,,,2023-10-02,Sentiment Tilt Equity,252,True,0.19999999999999996,0.9999999999999999
True,False,0,Optimization terminated successfully,-2.791099629920822,12,tangency,50,0.19999999999988394,0.9999999999999999,,,,2023-11-01,Sentiment Tilt Equity,252,True,0.2,1.0
True,False,0,Optimization terminated successfully,-3.077990122333632,16,tangency,50,0.1999999999999743,1.0,,,,2023-12-01,Sentiment Tilt Equity,252,True,0.20000000000000007,1.0
True,False,0,Deterministic equal-weight benchmark; no solver used.,,0,equal_weight,50,0.02,1.0,,,,2021-01-04,Sentiment Tilt Equal Weight,252,True,0.03070764259592886,1.0
True,False,0,Deterministic equal-weight benchmark; no solver used.,,0,equal_weight,50,0.02,1.0,,,,2021-02-01,Sentiment Tilt Equal Weight,252,True,0.02471245001821199,1.0
True,False,0,Deterministic equal-weight benchmark; no solver used.,,0,equal_weight,50,0.02,1.0,,,,2021-03-01,Sentiment Tilt Equal Weight,252,True,0.029862929349884375,1.0
True,False,0,Deterministic equal-weight benchmark; no solver used.,,0,equal_weight,50,0.02,1.0,,,,2021-04-01,Sentiment Tilt Equal Weight,252,True,0.030397196816628686,1.0
True,False,0,Deterministic equal-weight benchmark; no solver used.,,0,equal_weight,50,0.02,1.0,,,,2021-05-03,Sentiment Tilt Equal Weight,252,True,0.0278191070098947,1.0000000000000002
True,False,0,Deterministic equal-weight benchmark; no solver used.,,0,equal_weight,50,0.02,1.0,,,,2021-06-01,Sentiment Tilt Equal Weight,252,True,0.03007009836564488,1.0
True,False,0,Deterministic equal-weight benchmark; no solver used.,,0,equal_weight,50,0.02,1.0,,,,2021-07-01,Sentiment Tilt Equal Weight,252,True,0.03033838598572774,1.0
True,False,0,Deterministic equal-weight benchmark; no solver used.,,0,equal_weight,50,0.02,1.0,,,,2021-08-02,Sentiment Tilt Equal Weight,252,True,0.030092477034417493,1.0
True,False,0,Deterministic equal-weight benchmark; no solver used.,,0,equal_weight,50,0.02,1.0,,,,2021-09-01,Sentiment Tilt Equal Weight,252,True,0.02964309066811209,0.9999999999999998
True,False,0,Deterministic equal-weight benchmark; no solver used.,,0,equal_weight,50,0.02,1.0,,,,2021-10-01,Sentiment Tilt Equal Weight,252,True,0.026450302424614557,1.0000000000000002
True,False,0,Deterministic equal-weight benchmark; no solver used.,,0,equal_weight,50,0.02,1.0,,,,2021-11-01,Sentiment Tilt Equal Weight,252,True,0.030522943135526347,0.9999999999999999
True,False,0,Deterministic equal-weight benchmark; no solver used.,,0,equal_weight,50,0.02,1.0,,,,2021-12-01,Sentiment Tilt Equal Weight,252,True,0.030089079104526757,1.0
True,False,0,Deterministic equal-weight benchmark; no solver used.,,0,equal_weight,50,0.02,1.0,,,,2022-01-03,Sentiment Tilt Equal Weight,252,True,0.030329616053084804,1.0
True,False,0,Deterministic equal-weight benchmark; no solver used.,,0,equal_weight,50,0.02,1.0,,,,2022-02-01,Sentiment Tilt Equal Weight,252,True,0.030444143631611114,1.0
True,False,0,Deterministic equal-weight benchmark; no solver used.,,0,equal_weight,50,0.02,1.0,,,,2022-03-01,Sentiment Tilt Equal Weight,252,True,0.027903196061006927,1.0
True,False,0,Deterministic equal-weight benchmark; no solver used.,,0,equal_weight,50,0.02,1.0,,,,2022-04-01,Sentiment Tilt Equal Weight,252,True,0.030342364835254147,1.0
True,False,0,Deterministic equal-weight benchmark; no solver used.,,0,equal_weight,50,0.02,1.0,,,,2022-05-02,Sentiment Tilt Equal Weight,252,True,0.0299445704898727,1.0
True,False,0,Deterministic equal-weight benchmark; no solver used.,,0,equal_weight,50,0.02,1.0,,,,2022-06-01,Sentiment Tilt Equal Weight,252,True,0.029695814721617867,1.0
True,False,0,Deterministic equal-weight benchmark; no solver used.,,0,equal_weight,50,0.02,1.0,,,,2022-07-01,Sentiment Tilt Equal Weight,252,True,0.03000941968786847,1.0
True,False,0,Deterministic equal-weight benchmark; no solver used.,,0,equal_weight,50,0.02,1.0,,,,2022-08-01,Sentiment Tilt Equal Weight,252,True,0.028017475541674056,1.0
True,False,0,Deterministic equal-weight benchmark; no solver used.,,0,equal_weight,50,0.02,1.0,,,,2022-09-01,Sentiment Tilt Equal Weight,252,True,0.028426726811614116,1.0
True,False,0,Deterministic equal-weight benchmark; no solver used.,,0,equal_weight,50,0.02,1.0,,,,2022-10-03,Sentiment Tilt Equal Weight,252,True,0.0272434013338308,1.0
True,False,0,Deterministic equal-weight benchmark; no solver used.,,0,equal_weight,50,0.02,1.0,,,,2022-11-01,Sentiment Tilt Equal Weight,252,True,0.030301857633601312,0.9999999999999999
True,False,0,Deterministic equal-weight benchmark; no solver used.,,0,equal_weight,50,0.02,1.0,,,,2022-12-01,Sentiment Tilt Equal Weight,252,True,0.030444152558437985,1.0
True,False,0,Deterministic equal-weight benchmark; no solver used.,,0,equal_weight,50,0.02,1.0,,,,2023-01-03,Sentiment Tilt Equal Weight,252,True,0.03016656262400412,1.0
True,False,0,Deterministic equal-weight benchmark; no solver used.,,0,equal_weight,50,0.02,1.0,,,,2023-02-01,Sentiment Tilt Equal Weight,252,True,0.029221541380781292,0.9999999999999998
True,False,0,Deterministic equal-weight benchmark; no solver used.,,0,equal_weight,50,0.02,1.0,,,,2023-03-01,Sentiment Tilt Equal Weight,252,True,0.02998962205727867,1.0
True,False,0,Deterministic equal-weight benchmark; no solver used.,,0,equal_weight,50,0.02,1.0,,,,2023-04-03,Sentiment Tilt Equal Weight,252,True,0.02937843940727388,1.0
True,False,0,Deterministic equal-weight benchmark; no solver used.,,0,equal_weight,50,0.02,1.0,,,,2023-05-01,Sentiment Tilt Equal Weight,252,True,0.030176543507083594,1.0
True,False,0,Deterministic equal-weight benchmark; no solver used.,,0,equal_weight,50,0.02,1.0,,,,2023-06-01,Sentiment Tilt Equal Weight,252,True,0.030475795070084258,1.0
True,False,0,Deterministic equal-weight benchmark; no solver used.,,0,equal_weight,50,0.02,1.0,,,,2023-07-03,Sentiment Tilt Equal Weight,252,True,0.03022490467090348,1.0
True,False,0,Deterministic equal-weight benchmark; no solver used.,,0,equal_weight,50,0.02,1.0,,,,2023-08-01,Sentiment Tilt Equal Weight,252,True,0.02989922367908183,1.0
True,False,0,Deterministic equal-weight benchmark; no solver used.,,0,equal_weight,50,0.02,1.0,,,,2023-09-01,Sentiment Tilt Equal Weight,252,True,0.027619692570691107,1.0
True,False,0,Deterministic equal-weight benchmark; no solver used.,,0,equal_weight,50,0.02,1.0,,,,2023-10-02,Sentiment Tilt Equal Weight,252,True,0.03019981342810149,1.0
True,False,0,Deterministic equal-weight benchmark; no solver used.,,0,equal_weight,50,0.02,1.0,,,,2023-11-01,Sentiment Tilt Equal Weight,252,True,0.029146245048378414,1.0
True,False,0,Deterministic equal-weight benchmark; no solver used.,,0,equal_weight,50,0.02,1.0,,,,2023-12-01,Sentiment Tilt Equal Weight,252,True,0.030097547620719194,1.0
True,False,0,Optimization terminated successfully,0.056042995102661114,19,min_vol,50,0.18287623665543665,1.0,,,,2021-01-04,Sentiment Tilt Min Vol,252,True,0.20000000000000004,1.0
True,False,0,Optimization terminated successfully,0.056770522815750124,18,min_vol,50,0.18150820195677989,1.0,,,,2021-02-01,Sentiment Tilt Min Vol,252,True,0.20000000000000004,1.0
True,False,0,Optimization terminated successfully,0.055323306830162976,19,min_vol,50,0.1707733294358168,1.0,,,,2021-03-01,Sentiment Tilt Min Vol,252,True,0.2,1.0
True,False,0,Optimization terminated successfully,0.020728061539143992,26,min_vol,50,0.19040093010340825,1.0,,,,2021-04-01,Sentiment Tilt Min Vol,252,True,0.2,1.0
True,False,0,Optimization terminated successfully,0.0139542011467523,26,min_vol,50,0.16903599252808046,1.0,,,,2021-05-03,Sentiment Tilt Min Vol,252,True,0.13783678821488385,1.0
True,False,0,Optimization terminated successfully,0.012729911862149668,30,min_vol,50,0.14804619215689888,1.0,,,,2021-06-01,Sentiment Tilt Min Vol,252,True,0.19940626359374858,0.9999999999999999
True,False,0,Optimization terminated successfully,0.01024125542482048,31,min_vol,50,0.1327282762639521,1.0,,,,2021-07-01,Sentiment Tilt Min Vol,252,True,0.2,1.0
True,False,0,Optimization terminated successfully,0.010031465090637617,32,min_vol,50,0.13151118173470586,1.0,,,,2021-08-02,Sentiment Tilt Min Vol,252,True,0.14722242238722855,1.0
True,False,0,Optimization terminated successfully,0.00986674320969897,33,min_vol,50,0.12988351245890614,1.0,,,,2021-09-01,Sentiment Tilt Min Vol,252,True,0.1391377086189702,1.0
True,False,0,Optimization terminated successfully,0.008677732383588694,34,min_vol,50,0.11360583822553269,1.0,,,,2021-10-01,Sentiment Tilt Min Vol,252,True,0.12562956096748976,1.0
True,False,0,Optimization terminated successfully,0.008117860993396517,34,min_vol,50,0.09337348892399408,0.9999999999999998,,,,2021-11-01,Sentiment Tilt Min Vol,252,True,0.12895799558966642,1.0
True,False,0,Optimization terminated successfully,0.00779011615874944,35,min_vol,50,0.09863357288739341,1.0,,,,2021-12-01,Sentiment Tilt Min Vol,252,True,0.13526490401289967,0.9999999999999999
True,False,0,Optimization terminated successfully,0.008420515069108164,36,min_vol,50,0.09571182141574812,1.0,,,,2022-01-03,Sentiment Tilt Min Vol,252,True,0.09380409879133624,0.9999999999999999
True,False,0,Optimization terminated successfully,0.008365480074943853,37,min_vol,50,0.08524206076496299,1.0,,,,2022-02-01,Sentiment Tilt Min Vol,252,True,0.1254480833736246,1.0
True,False,0,Optimization terminated successfully,0.00844694282568219,37,min_vol,50,0.11187600813270275,1.0,,,,2022-03-01,Sentiment Tilt Min Vol,252,True,0.1301422248763254,1.0000000000000002
True,False,0,Optimization terminated successfully,0.008314356663618048,37,min_vol,50,0.1106058675441104,1.0,,,,2022-04-01,Sentiment Tilt Min Vol,252,True,0.10501034189911478,0.9999999999999998
True,False,0,Optimization terminated successfully,0.009962626609125417,36,min_vol,50,0.10128162057928346,1.0,,,,2022-05-02,Sentiment Tilt Min Vol,252,True,0.10866420634718389,1.0
True,False,0,Optimization terminated successfully,0.011218462474590143,38,min_vol,50,0.13145969862536153,0.9999999999999999,,,,2022-06-01,Sentiment Tilt Min Vol,252,True,0.17814095952176207,1.0
True,False,0,Optimization terminated successfully,0.013220925417610553,35,min_vol,50,0.13222208340758715,1.0,,,,2022-07-01,Sentiment Tilt Min Vol,252,True,0.12856059687624688,1.0000000000000002
True,False,0,Optimization terminated successfully,0.013679152877231324,35,min_vol,50,0.1294309442517714,0.9999999999999999,,,,2022-08-01,Sentiment Tilt Min Vol,252,True,0.12410262982574312,0.9999999999999999
True,False,0,Optimization terminated successfully,0.014363664513396044,33,min_vol,50,0.11794504231398843,1.0,,,,2022-09-01,Sentiment Tilt Min Vol,252,True,0.1320609606856208,1.0
True,False,0,Optimization terminated successfully,0.016522775912197574,31,min_vol,50,0.1337295991288313,1.0,,,,2022-10-03,Sentiment Tilt Min Vol,252,True,0.13540804080842597,1.0
True,False,0,Optimization terminated successfully,0.019047436222570557,28,min_vol,50,0.14206861332330448,1.0,,,,2022-11-01,Sentiment Tilt Min Vol,252,True,0.14739995933418015,1.0
True,False,0,Optimization terminated successfully,0.019303373116112587,27,min_vol,50,0.1855986171353768,1.0,,,,2022-12-01,Sentiment Tilt Min Vol,252,True,0.2,1.0
True,False,0,Optimization terminated successfully,0.01950641589144989,25,min_vol,50,0.17343520516014804,1.0,,,,2023-01-03,Sentiment Tilt Min Vol,252,True,0.15787364990169095,1.0
True,False,0,Optimization terminated successfully,0.01992545233344393,27,min_vol,50,0.168251265792604,0.9999999999999998,,,,2023-02-01,Sentiment Tilt Min Vol,252,True,0.1568100664731455,1.0
True,False,0,Optimization terminated successfully,0.019787943851808876,30,min_vol,50,0.1690664239413497,1.0,,,,2023-03-01,Sentiment Tilt Min Vol,252,True,0.12418413908108938,1.0
True,False,0,Optimization terminated successfully,0.020222850781014018,29,min_vol,50,0.16488834527914015,1.0,,,,2023-04-03,Sentiment Tilt Min Vol,252,True,0.1501240017213276,1.0
True,False,0,Optimization terminated successfully,0.02012238454313448,29,min_vol,50,0.15661203308910848,1.0,,,,2023-05-01,Sentiment Tilt Min Vol,252,True,0.17430551104975367,1.0
True,False,0,Optimization terminated successfully,0.017695914142950003,31,min_vol,50,0.19730465345028456,1.0,,,,2023-06-01,Sentiment Tilt Min Vol,252,True,0.1584491170108922,1.0
True,False,0,Optimization terminated successfully,0.015574665548355345,31,min_vol,50,0.17149681321955546,1.0,,,,2023-07-03,Sentiment Tilt Min Vol,252,True,0.2,1.0
True,False,0,Optimization terminated successfully,0.015281338319782364,33,min_vol,50,0.1650832260774828,1.0000000000000002,,,,2023-08-01,Sentiment Tilt Min Vol,252,True,0.16134292307423725,1.0
True,False,0,Optimization terminated successfully,0.014829738966460445,34,min_vol,50,0.1794720583658015,1.0,,,,2023-09-01,Sentiment Tilt Min Vol,252,True,0.2,1.0
True,False,0,Optimization terminated successfully,0.013225135930397175,32,min_vol,50,0.19485787048064904,1.0,,,,2023-10-02,Sentiment Tilt Min Vol,252,True,0.1811448082296014,1.0
True,False,0,Optimization terminated successfully,0.01087158727470192,33,min_vol,50,0.15457737154326304,1.0,,,,2023-11-01,Sentiment Tilt Min Vol,252,True,0.1676819963289684,1.0
True,False,0,Optimization terminated successfully,0.009722788216802575,35,min_vol,50,0.15085854521124803,1.0,,,,2023-12-01,Sentiment Tilt Min Vol,252,True,0.1166395045296302,1.0000000000000002
True,False,0,Optimization terminated successfully,9.505652731486603e-12,14,risk_parity,50,0.03883466123125596,1.0,,,,2021-01-04,Sentiment Tilt Risk Parity,252,True,0.05550045546036855,1.0
True,False,0,Optimization terminated successfully,2.8154925954241572e-11,14,risk_parity,50,0.038192925291412015,1.0,,,,2021-02-01,Sentiment Tilt Risk Parity,252,True,0.044202438212315356,1.0
True,False,0,Optimization terminated successfully,8.070404419800786e-12,14,risk_parity,50,0.03794823433863534,1.0,,,,2021-03-01,Sentiment Tilt Risk Parity,252,True,0.05379112543934871,1.0
True,False,0,Optimization terminated successfully,5.654999629036098e-12,17,risk_parity,50,0.044365526552223054,1.0,,,,2021-04-01,Sentiment Tilt Risk Parity,252,True,0.06396872004718314,1.0
True,False,0,Optimization terminated successfully,1.1069583089948347e-11,17,risk_parity,50,0.04264501509028054,1.0,,,,2021-05-03,Sentiment Tilt Risk Parity,252,True,0.0414158753810407,1.0000000000000002
True,False,0,Optimization terminated successfully,1.6513789845241887e-11,16,risk_parity,50,0.038269669167957356,1.0,,,,2021-06-01,Sentiment Tilt Risk Parity,252,True,0.05594120018592266,1.0
True,False,0,Optimization terminated successfully,3.375442834754567e-12,15,risk_parity,50,0.03650804294394995,1.0,,,,2021-07-01,Sentiment Tilt Risk Parity,252,True,0.047676388074682226,0.9999999999999999
True,False,0,Optimization terminated successfully,5.207262764979807e-12,15,risk_parity,50,0.035898200153872364,1.0,,,,2021-08-02,Sentiment Tilt Risk Parity,252,True,0.03643524936633635,1.0
True,False,0,Optimization terminated successfully,1.535546609844431e-11,15,risk_parity,50,0.037538439104176195,1.0,,,,2021-09-01,Sentiment Tilt Risk Parity,252,True,0.038754677045800975,1.0
True,False,0,Optimization terminated successfully,1.7640037280641737e-11,16,risk_parity,50,0.0370039823784765,1.0,,,,2021-10-01,Sentiment Tilt Risk Parity,252,True,0.047128399584538704,1.0
True,False,0,Optimization terminated successfully,4.534570481272944e-12,16,risk_parity,50,0.03719700408618958,1.0,,,,2021-11-01,Sentiment Tilt Risk Parity,252,True,0.042485307503185125,1.0
True,False,0,Optimization terminated successfully,8.18785734388447e-12,14,risk_parity,50,0.03453749755675341,1.0,,,,2021-12-01,Sentiment Tilt Risk Parity,252,True,0.04320140689400631,1.0
True,False,0,Optimization terminated successfully,5.777502579030053e-12,14,risk_parity,50,0.03254885179951721,1.0,,,,2022-01-03,Sentiment Tilt Risk Parity,252,True,0.035389110659389496,1.0000000000000002
True,False,0,Optimization terminated successfully,1.365106680786098e-11,14,risk_parity,50,0.0361078438575838,1.0,,,,2022-02-01,Sentiment Tilt Risk Parity,252,True,0.046934438918561236,1.0
True,False,0,Optimization terminated successfully,1.9731755068428168e-11,14,risk_parity,50,0.033137625079478865,1.0,,,,2022-03-01,Sentiment Tilt Risk Parity,252,True,0.04250858188157162,1.0
True,False,0,Optimization terminated successfully,1.6385287834998084e-11,14,risk_parity,50,0.03475509407266582,1.0,,,,2022-04-01,Sentiment Tilt Risk Parity,252,True,0.05177395154020713,1.0
True,False,0,Optimization terminated successfully,2.6610135858838336e-11,13,risk_parity,50,0.033196973971434875,1.0,,,,2022-05-02,Sentiment Tilt Risk Parity,252,True,0.037263563852100876,1.0
True,False,0,Optimization terminated successfully,1.8466693102905413e-11,14,risk_parity,50,0.03552654135747751,1.0,,,,2022-06-01,Sentiment Tilt Risk Parity,252,True,0.05207848999412132,1.0
True,False,0,Optimization terminated successfully,3.374755216132573e-11,14,risk_parity,50,0.036814764011609644,1.0,,,,2022-07-01,Sentiment Tilt Risk Parity,252,True,0.046701451150203875,1.0
True,False,0,Optimization terminated successfully,6.007208830385687e-12,14,risk_parity,50,0.036330579734858266,1.0,,,,2022-08-01,Sentiment Tilt Risk Parity,252,True,0.045001838927823015,1.0
True,False,0,Optimization terminated successfully,4.048773041631927e-12,14,risk_parity,50,0.03565253737459036,1.0,,,,2022-09-01,Sentiment Tilt Risk Parity,252,True,0.03494756033217066,1.0
True,False,0,Optimization terminated successfully,1.015140576357556e-11,14,risk_parity,50,0.03637080602284976,0.9999999999999998,,,,2022-10-03,Sentiment Tilt Risk Parity,252,True,0.044953368429778824,1.0
True,False,0,Optimization terminated successfully,1.0510302410408416e-11,14,risk_parity,50,0.03953988214882867,1.0,,,,2022-11-01,Sentiment Tilt Risk Parity,252,True,0.041023812975088315,1.0
True,False,0,Optimization terminated successfully,6.637983928590953e-12,16,risk_parity,50,0.044291477220835145,1.0,,,,2022-12-01,Sentiment Tilt Risk Parity,252,True,0.05456901590874165,1.0
True,False,0,Optimization terminated successfully,5.64548024250794e-12,16,risk_parity,50,0.04194774492409008,1.0000000000000002,,,,2023-01-03,Sentiment Tilt Risk Parity,252,True,0.040576899191958775,1.0
True,False,0,Optimization terminated successfully,2.6129971137961516e-11,15,risk_parity,50,0.04119180907036045,1.0,,,,2023-02-01,Sentiment Tilt Risk Parity,252,True,0.03985221924816524,1.0
True,False,0,Optimization terminated successfully,1.1826426346704779e-11,16,risk_parity,50,0.041810273678786355,1.0,,,,2023-03-01,Sentiment Tilt Risk Parity,252,True,0.034945581233702006,1.0
True,False,0,Optimization terminated successfully,1.3456635519875246e-11,17,risk_parity,50,0.041608413520500626,1.0,,,,2023-04-03,Sentiment Tilt Risk Parity,252,True,0.03946167870088208,1.0
True,False,0,Optimization terminated successfully,1.0999628025908547e-11,16,risk_parity,50,0.0413598089673252,0.9999999999999998,,,,2023-05-01,Sentiment Tilt Risk Parity,252,True,0.04411864089487572,1.0
True,False,0,Optimization terminated successfully,1.3686118559219723e-11,14,risk_parity,50,0.041705327099454875,1.0,,,,2023-06-01,Sentiment Tilt Risk Parity,252,True,0.047003283497771796,1.0
True,False,0,Optimization terminated successfully,6.304031742959357e-12,15,risk_parity,50,0.045713743705874624,1.0,,,,2023-07-03,Sentiment Tilt Risk Parity,252,True,0.03892532196585429,1.0
True,False,0,Optimization terminated successfully,5.019511684834521e-12,15,risk_parity,50,0.044944437939378495,1.0,,,,2023-08-01,Sentiment Tilt Risk Parity,252,True,0.04797023434242036,1.0
True,False,0,Optimization terminated successfully,3.927140629916494e-12,15,risk_parity,50,0.043878456323345305,1.0,,,,2023-09-01,Sentiment Tilt Risk Parity,252,True,0.0436169656307042,0.9999999999999998
True,False,0,Optimization terminated successfully,1.587487292207513e-11,14,risk_parity,50,0.04286327593727293,1.0,,,,2023-10-02,Sentiment Tilt Risk Parity,252,True,0.04783579960358388,1.0
True,False,0,Optimization terminated successfully,9.80197784069874e-12,15,risk_parity,50,0.0452006402450349,1.0,,,,2023-11-01,Sentiment Tilt Risk Parity,252,True,0.04843234679778443,0.9999999999999999
True,False,0,Optimization terminated successfully,1.3720769490323454e-11,14,risk_parity,50,0.04070401615836264,1.0,,,,2023-12-01,Sentiment Tilt Risk Parity,252,True,0.05151684870964878,1.0
