date,fund,asset,weight,asset_class,sector,method,sentiment_tilt
2021-01-04,Sentiment Tilt Equal Weight,CMCSA,0.016374224653348035,Equity,Comm,equal_weight,True
2021-01-04,Sentiment Tilt Equal Weight,EA,0.016374224653348035,Equity,Comm,equal_weight,True
2021-01-04,Sentiment Tilt Equal Weight,T,0.016374224653348035,Equity,Comm,equal_weight,True
2021-01-04,Sentiment Tilt Equal Weight,TMUS,0.016374224653348035,Equity,Comm,equal_weight,True
2021-01-04,Sentiment Tilt Equal Weight,TTWO,0.016374224653348035,Equity,Comm,equal_weight,True
2021-01-04,Sentiment Tilt Equal Weight,DIS,0.03070764259592886,Equity,Consumer,equal_weight,True
2021-01-04,Sentiment Tilt Equal Weight,KO,0.03070764259592886,Equity,Consumer,equal_weight,True
2021-01-04,Sentiment Tilt Equal Weight,NKE,0.03070764259592886,Equity,Consumer,equal_weight,True
2021-01-04,Sentiment Tilt Equal Weight,SBUX,0.03070764259592886,Equity,Consumer,equal_weight,True
2021-01-04,Sentiment Tilt Equal Weight,WMT,0.03070764259592886,Equity,Consumer,equal_weight,True
2021-01-04,Sentiment Tilt Equal Weight,COP,0.015972894351769126,Equity,Energy,equal_weight,True
2021-01-04,Sentiment Tilt Equal Weight,CVX,0.015972894351769126,Equity,Energy,equal_weight,True
2021-01-04,Sentiment Tilt Equal Weight,OXY,0.015972894351769126,Equity,Energy,equal_weight,True
2021-01-04,Sentiment Tilt Equal Weight,SLB,0.015972894351769126,Equity,Energy,equal_weight,True
2021-01-04,Sentiment Tilt Equal Weight,XOM,0.015972894351769126,Equity,Energy,equal_weight,True
2021-01-04,Sentiment Tilt Equal Weight,GS,0.02899288653928427,Equity,Financials,equal_weight,True
2021-01-04,Sentiment Tilt Equal Weight,MS,0.02899288653928427,Equity,Financials,equal_weight,True
2021-01-04,Sentiment Tilt Equal Weight,USB,0.02899288653928427,Equity,Financials,equal_weight,True
2021-01-04,Sentiment Tilt Equal Weight,V,0.02899288653928427,Equity,Financials,equal_weight,True
2021-01-04,Sentiment Tilt Equal Weight,WFC,0.02899288653928427,Equity,Financials,equal_weight,True
2021-01-04,Sentiment Tilt Equal Weight,ABBV,0.01881994779271867,Equity,Healthcare,equal_weight,True
2021-01-04,Sentiment Tilt Equal Weight,ABT,0.01881994779271867,Equity,Healthcare,equal_weight,True
2021-01-04,Sentiment Tilt Equal Weight,AMGN,0.01881994779271867,Equity,Healthcare,equal_weight,True
2021-01-04,Sentiment Tilt Equal Weight,GILD,0.01881994779271867,Equity,Healthcare,equal_weight,True
2021-01-04,Sentiment Tilt Equal Weight,MRK,0.01881994779271867,Equity,Healthcare,equal_weight,True
2021-01-04,Sentiment Tilt Equal Weight,BA,0.0186162995193938,Equity,Industrials,equal_weight,True
2021-01-04,Sentiment Tilt Equal Weight,CAT,0.0186162995193938,Equity,Industrials,equal_weight,True
2021-01-04,Sentiment Tilt Equal Weight,GE,0.0186162995193938,Equity,Industrials,equal_weight,True
2021-01-04,Sentiment Tilt Equal Weight,MMM,0.0186162995193938,Equity,Industrials,equal_weight,True
2021-01-04,Sentiment Tilt Equal Weight,UPS,0.0186162995193938,Equity,Industrials,equal_weight,True
2021-01-04,Sentiment Tilt Equal Weight,DD,0.01891924726439483,Equity,Materials,equal_weight,True
2021-01-04,Sentiment Tilt Equal Weight,DOW,0.01891924726439483,Equity,Materials,equal_weight,True
2021-01-04,Sentiment Tilt Equal Weight,NEM,0.01891924726439483,Equity,Materials,equal_weight,True
2021-01-04,Sentiment Tilt Equal Weight,NUE,0.01891924726439483,Equity,Materials,equal_weight,True
2021-01-04,Sentiment Tilt Equal Weight,SHW,0.01891924726439483,Equity,Materials,equal_weight,True
2021-01-04,Sentiment Tilt Equal Weight,AMT,0.016460352390032976,Equity,RealEstate,equal_weight,True
2021-01-04,Sentiment Tilt Equal Weight,CCI,0.016460352390032976,Equity,RealEstate,equal_weight,True
2021-01-04,Sentiment Tilt Equal Weight,O,0.016460352390032976,Equity,RealEstate,equal_weight,True
2021-01-04,Sentiment Tilt Equal Weight,PLD,0.016460352390032976,Equity,RealEstate,equal_weight,True
2021-01-04,Sentiment Tilt Equal Weight,PSA,0.016460352390032976,Equity,RealEstate,equal_weight,True
2021-01-04,Sentiment Tilt Equal Weight,ADBE,0.018664556342429882,Equity,Tech,equal_weight,True
2021-01-04,Sentiment Tilt Equal Weight,AMD,0.018664556342429882,Equity,Tech,equal_weight,True
2021-01-04,Sentiment Tilt Equal Weight,INTC,0.018664556342429882,Equity,Tech,equal_weight,True
2021-01-04,Sentiment Tilt Equal Weight,NVDA,0.018664556342429882,Equity,Tech,equal_weight,True
2021-01-04,Sentiment Tilt Equal Weight,QCOM,0.018664556342429882,Equity,Tech,equal_weight,True
2021-01-04,Sentiment Tilt Equal Weight,AEP,0.01647194855069956,Equity,Utilities,equal_weight,True
2021-01-04,Sentiment Tilt Equal Weight,D,0.01647194855069956,Equity,Utilities,equal_weight,True
2021-01-04,Sentiment Tilt Equal Weight,DUK,0.01647194855069956,Equity,Utilities,equal_weight,True
2021-01-04,Sentiment Tilt Equal Weight,NEE,0.01647194855069956,Equity,Utilities,equal_weight,True
2021-01-04,Sentiment Tilt Equal Weight,SO,0.01647194855069956,Equity,Utilities,equal_weight,True
2021-02-01,Sentiment Tilt Equal Weight,CMCSA,0.021225612389998705,Equity,Comm,equal_weight,True
2021-02-01,Sentiment Tilt Equal Weight,EA,0.021225612389998705,Equity,Comm,equal_weight,True
2021-02-01,Sentiment Tilt Equal Weight,T,0.021225612389998705,Equity,Comm,equal_weight,True
2021-02-01,Sentiment Tilt Equal Weight,TMUS,0.021225612389998705,Equity,Comm,equal_weight,True
2021-02-01,Sentiment Tilt Equal Weight,TTWO,0.021225612389998705,Equity,Comm,equal_weight,True
2021-02-01,Sentiment Tilt Equal Weight,DIS,0.02471245001821199,Equity,Consumer,equal_weight,True
2021-02-01,Sentiment Tilt Equal Weight,KO,0.02471245001821199,Equity,Consumer,equal_weight,True
2021-02-01,Sentiment Tilt Equal Weight,NKE,0.02471245001821199,Equity,Consumer,equal_weight,True
2021-02-01,Sentiment Tilt Equal Weight,SBUX,0.02471245001821199,Equity,Consumer,equal_weight,True
2021-02-01,Sentiment Tilt Equal Weight,WMT,0.02471245001821199,Equity,Consumer,equal_weight,True
2021-02-01,Sentiment Tilt Equal Weight,COP,0.009774966687147196,Equity,Energy,equal_weight,True
2021-02-01,Sentiment Tilt Equal Weight,CVX,0.009774966687147196,Equity,Energy,equal_weight,True
2021-02-01,Sentiment Tilt Equal Weight,OXY,0.009774966687147196,Equity,Energy,equal_weight,True
2021-02-01,Sentiment Tilt Equal Weight,SLB,0.009774966687147196,Equity,Energy,equal_weight,True
2021-02-01,Sentiment Tilt Equal Weight,XOM,0.009774966687147196,Equity,Energy,equal_weight,True
2021-02-01,Sentiment Tilt Equal Weight,GS,0.022809688112918846,Equity,Financials,equal_weight,True
2021-02-01,Sentiment Tilt Equal Weight,MS,0.022809688112918846,Equity,Financials,equal_weight,True
2021-02-01,Sentiment Tilt Equal Weight,USB,0.022809688112918846,Equity,Financials,equal_weight,True
2021-02-01,Sentiment Tilt Equal Weight,V,0.022809688112918846,Equity,Financials,equal_weight,True
2021-02-01,Sentiment Tilt Equal Weight,WFC,0.022809688112918846,Equity,Financials,equal_weight,True
2021-02-01,Sentiment Tilt Equal Weight,ABBV,0.01357421718335691,Equity,Healthcare,equal_weight,True
2021-02-01,Sentiment Tilt Equal Weight,ABT,0.01357421718335691,Equity,Healthcare,equal_weight,True
2021-02-01,Sentiment Tilt Equal Weight,AMGN,0.01357421718335691,Equity,Healthcare,equal_weight,True
2021-02-01,Sentiment Tilt Equal Weight,GILD,0.01357421718335691,Equity,Healthcare,equal_weight,True
2021-02-01,Sentiment Tilt Equal Weight,MRK,0.01357421718335691,Equity,Healthcare,equal_weight,True
2021-02-01,Sentiment Tilt Equal Weight,BA,0.02469747434599537,Equity,Industrials,equal_weight,True
2021-02-01,Sentiment Tilt Equal Weight,CAT,0.02469747434599537,Equity,Industrials,equal_weight,True
2021-02-01,Sentiment Tilt Equal Weight,GE,0.02469747434599537,Equity,Industrials,equal_weight,True
2021-02-01,Sentiment Tilt Equal Weight,MMM,0.02469747434599537,Equity,Industrials,equal_weight,True
2021-02-01,Sentiment Tilt Equal Weight,UPS,0.02469747434599537,Equity,Industrials,equal_weight,True
2021-02-01,Sentiment Tilt Equal Weight,DD,0.020907591292890892,Equity,Materials,equal_weight,True
2021-02-01,Sentiment Tilt Equal Weight,DOW,0.020907591292890892,Equity,Materials,equal_weight,True
2021-02-01,Sentiment Tilt Equal Weight,NEM,0.020907591292890892,Equity,Materials,equal_weight,True
2021-02-01,Sentiment Tilt Equal Weight,NUE,0.020907591292890892,Equity,Materials,equal_weight,True
2021-02-01,Sentiment Tilt Equal Weight,SHW,0.020907591292890892,Equity,Materials,equal_weight,True
2021-02-01,Sentiment Tilt Equal Weight,AMT,0.016178732339612294,Equity,RealEstate,equal_weight,True
2021-02-01,Sentiment Tilt Equal Weight,CCI,0.016178732339612294,Equity,RealEstate,equal_weight,True
2021-02-01,Sentiment Tilt Equal Weight,O,0.016178732339612294,Equity,RealEstate,equal_weight,True
2021-02-01,Sentiment Tilt Equal Weight,PLD,0.016178732339612294,Equity,RealEstate,equal_weight,True
2021-02-01,Sentiment Tilt Equal Weight,PSA,0.016178732339612294,Equity,RealEstate,equal_weight,True
2021-02-01,Sentiment Tilt Equal Weight,ADBE,0.022901294916968806,Equity,Tech,equal_weight,True
2021-02-01,Sentiment Tilt Equal Weight,AMD,0.022901294916968806,Equity,Tech,equal_weight,True
2021-02-01,Sentiment Tilt Equal Weight,INTC,0.022901294916968806,Equity,Tech,equal_weight,True
2021-02-01,Sentiment Tilt Equal Weight,NVDA,0.022901294916968806,Equity,Tech,equal_weight,True
2021-02-01,Sentiment Tilt Equal Weight,QCOM,0.022901294916968806,Equity,Tech,equal_weight,True
2021-02-01,Sentiment Tilt Equal Weight,AEP,0.023217972712898993,Equity,Utilities,equal_weight,True
2021-02-01,Sentiment Tilt Equal Weight,D,0.023217972712898993,Equity,Utilities,equal_weight,True
2021-02-01,Sentiment Tilt Equal Weight,DUK,0.023217972712898993,Equity,Utilities,equal_weight,True
2021-02-01,Sentiment Tilt Equal Weight,NEE,0.023217972712898993,Equity,Utilities,equal_weight,True
2021-02-01,Sentiment Tilt Equal Weight,SO,0.023217972712898993,Equity,Utilities,equal_weight,True
2021-03-01,Sentiment Tilt Equal Weight,CMCSA,0.02435967071391175,Equity,Comm,equal_weight,True
2021-03-01,Sentiment Tilt Equal Weight,EA,0.02435967071391175,Equity,Comm,equal_weight,True
2021-03-01,Sentiment Tilt Equal Weight,T,0.02435967071391175,Equity,Comm,equal_weight,True
2021-03-01,Sentiment Tilt Equal Weight,TMUS,0.02435967071391175,Equity,Comm,equal_weight,True
2021-03-01,Sentiment Tilt Equal Weight,TTWO,0.02435967071391175,Equity,Comm,equal_weight,True
2021-03-01,Sentiment Tilt Equal Weight,DIS,0.029862929349884375,Equity,Consumer,equal_weight,True
2021-03-01,Sentiment Tilt Equal Weight,KO,0.029862929349884375,Equity,Consumer,equal_weight,True
2021-03-01,Sentiment Tilt Equal Weight,NKE,0.029862929349884375,Equity,Consumer,equal_weight,True
2021-03-01,Sentiment Tilt Equal Weight,SBUX,0.029862929349884375,Equity,Consumer,equal_weight,True
2021-03-01,Sentiment Tilt Equal Weight,WMT,0.029862929349884375,Equity,Consumer,equal_weight,True
2021-03-01,Sentiment Tilt Equal Weight,COP,0.0165960986928952,Equity,Energy,equal_weight,True
2021-03-01,Sentiment Tilt Equal Weight,CVX,0.0165960986928952,Equity,Energy,equal_weight,True
2021-03-01,Sentiment Tilt Equal Weight,OXY,0.0165960986928952,Equity,Energy,equal_weight,True
2021-03-01,Sentiment Tilt Equal Weight,SLB,0.0165960986928952,Equity,Energy,equal_weight,True
2021-03-01,Sentiment Tilt Equal Weight,XOM,0.0165960986928952,Equity,Energy,equal_weight,True
2021-03-01,Sentiment Tilt Equal Weight,GS,0.021062568397576698,Equity,Financials,equal_weight,True
2021-03-01,Sentiment Tilt Equal Weight,MS,0.021062568397576698,Equity,Financials,equal_weight,True
2021-03-01,Sentiment Tilt Equal Weight,USB,0.021062568397576698,Equity,Financials,equal_weight,True
2021-03-01,Sentiment Tilt Equal Weight,V,0.021062568397576698,Equity,Financials,equal_weight,True
2021-03-01,Sentiment Tilt Equal Weight,WFC,0.021062568397576698,Equity,Financials,equal_weight,True
2021-03-01,Sentiment Tilt Equal Weight,ABBV,0.009954309783294792,Equity,Healthcare,equal_weight,True
2021-03-01,Sentiment Tilt Equal Weight,ABT,0.009954309783294792,Equity,Healthcare,equal_weight,True
2021-03-01,Sentiment Tilt Equal Weight,AMGN,0.009954309783294792,Equity,Healthcare,equal_weight,True
2021-03-01,Sentiment Tilt Equal Weight,GILD,0.009954309783294792,Equity,Healthcare,equal_weight,True
2021-03-01,Sentiment Tilt Equal Weight,MRK,0.009954309783294792,Equity,Healthcare,equal_weight,True
2021-03-01,Sentiment Tilt Equal Weight,BA,0.018117256159977033,Equity,Industrials,equal_weight,True
2021-03-01,Sentiment Tilt Equal Weight,CAT,0.018117256159977033,Equity,Industrials,equal_weight,True
2021-03-01,Sentiment Tilt Equal Weight,GE,0.018117256159977033,Equity,Industrials,equal_weight,True
2021-03-01,Sentiment Tilt Equal Weight,MMM,0.018117256159977033,Equity,Industrials,equal_weight,True
2021-03-01,Sentiment Tilt Equal Weight,UPS,0.018117256159977033,Equity,Industrials,equal_weight,True
2021-03-01,Sentiment Tilt Equal Weight,DD,0.02072858548314333,Equity,Materials,equal_weight,True
2021-03-01,Sentiment Tilt Equal Weight,DOW,0.02072858548314333,Equity,Materials,equal_weight,True
2021-03-01,Sentiment Tilt Equal Weight,NEM,0.02072858548314333,Equity,Materials,equal_weight,True
2021-03-01,Sentiment Tilt Equal Weight,NUE,0.02072858548314333,Equity,Materials,equal_weight,True
2021-03-01,Sentiment Tilt Equal Weight,SHW,0.02072858548314333,Equity,Materials,equal_weight,True
2021-03-01,Sentiment Tilt Equal Weight,AMT,0.024318200633660622,Equity,RealEstate,equal_weight,True
2021-03-01,Sentiment Tilt Equal Weight,CCI,0.024318200633660622,Equity,RealEstate,equal_weight,True
2021-03-01,Sentiment Tilt Equal Weight,O,0.024318200633660622,Equity,RealEstate,equal_weight,True
2021-03-01,Sentiment Tilt Equal Weight,PLD,0.024318200633660622,Equity,RealEstate,equal_weight,True
2021-03-01,Sentiment Tilt Equal Weight,PSA,0.024318200633660622,Equity,RealEstate,equal_weight,True
2021-03-01,Sentiment Tilt Equal Weight,ADBE,0.022804286642092202,Equity,Tech,equal_weight,True
2021-03-01,Sentiment Tilt Equal Weight,AMD,0.022804286642092202,Equity,Tech,equal_weight,True
2021-03-01,Sentiment Tilt Equal Weight,INTC,0.022804286642092202,Equity,Tech,equal_weight,True
2021-03-01,Sentiment Tilt Equal Weight,NVDA,0.022804286642092202,Equity,Tech,equal_weight,True
2021-03-01,Sentiment Tilt Equal Weight,QCOM,0.022804286642092202,Equity,Tech,equal_weight,True
2021-03-01,Sentiment Tilt Equal Weight,AEP,0.012196094143564009,Equity,Utilities,equal_weight,True
2021-03-01,Sentiment Tilt Equal Weight,D,0.012196094143564009,Equity,Utilities,equal_weight,True
2021-03-01,Sentiment Tilt Equal Weight,DUK,0.012196094143564009,Equity,Utilities,equal_weight,True
2021-03-01,Sentiment Tilt Equal Weight,NEE,0.012196094143564009,Equity,Utilities,equal_weight,True
2021-03-01,Sentiment Tilt Equal Weight,SO,0.012196094143564009,Equity,Utilities,equal_weight,True
2021-04-01,Sentiment Tilt Equal Weight,CMCSA,0.011375558323126993,Equity,Comm,equal_weight,True
2021-04-01,Sentiment Tilt Equal Weight,EA,0.011375558323126993,Equity,Comm,equal_weight,True
2021-04-01,Sentiment Tilt Equal Weight,T,0.011375558323126993,Equity,Comm,equal_weight,True
2021-04-01,Sentiment Tilt Equal Weight,TMUS,0.011375558323126993,Equity,Comm,equal_weight,True
2021-04-01,Sentiment Tilt Equal Weight,TTWO,0.011375558323126993,Equity,Comm,equal_weight,True
2021-04-01,Sentiment Tilt Equal Weight,DIS,0.027627134491888288,Equity,Consumer,equal_weight,True
2021-04-01,Sentiment Tilt Equal Weight,KO,0.027627134491888288,Equity,Consumer,equal_weight,True
2021-04-01,Sentiment Tilt Equal Weight,NKE,0.027627134491888288,Equity,Consumer,equal_weight,True
2021-04-01,Sentiment Tilt Equal Weight,SBUX,0.027627134491888288,Equity,Consumer,equal_weight,True
2021-04-01,Sentiment Tilt Equal Weight,WMT,0.027627134491888288,Equity,Consumer,equal_weight,True
2021-04-01,Sentiment Tilt Equal Weight,COP,0.030397196816628686,Equity,Energy,equal_weight,True
2021-04-01,Sentiment Tilt Equal Weight,CVX,0.030397196816628686,Equity,Energy,equal_weight,True
2021-04-01,Sentiment Tilt Equal Weight,OXY,0.030397196816628686,Equity,Energy,equal_weight,True
2021-04-01,Sentiment Tilt Equal Weight,SLB,0.030397196816628686,Equity,Energy,equal_weight,True
2021-04-01,Sentiment Tilt Equal Weight,XOM,0.030397196816628686,Equity,Energy,equal_weight,True
2021-04-01,Sentiment Tilt Equal Weight,GS,0.01939831198940802,Equity,Financials,equal_weight,True
2021-04-01,Sentiment Tilt Equal Weight,MS,0.01939831198940802,Equity,Financials,equal_weight,True
2021-04-01,Sentiment Tilt Equal Weight,USB,0.01939831198940802,Equity,Financials,equal_weight,True
2021-04-01,Sentiment Tilt Equal Weight,V,0.01939831198940802,Equity,Financials,equal_weight,True
2021-04-01,Sentiment Tilt Equal Weight,WFC,0.01939831198940802,Equity,Financials,equal_weight,True
2021-04-01,Sentiment Tilt Equal Weight,ABBV,0.016224859172342926,Equity,Healthcare,equal_weight,True
2021-04-01,Sentiment Tilt Equal Weight,ABT,0.016224859172342926,Equity,Healthcare,equal_weight,True
2021-04-01,Sentiment Tilt Equal Weight,AMGN,0.016224859172342926,Equity,Healthcare,equal_weight,True
2021-04-01,Sentiment Tilt Equal Weight,GILD,0.016224859172342926,Equity,Healthcare,equal_weight,True
2021-04-01,Sentiment Tilt Equal Weight,MRK,0.016224859172342926,Equity,Healthcare,equal_weight,True
2021-04-01,Sentiment Tilt Equal Weight,BA,0.021156737266876394,Equity,Industrials,equal_weight,True
2021-04-01,Sentiment Tilt Equal Weight,CAT,0.021156737266876394,Equity,Industrials,equal_weight,True
2021-04-01,Sentiment Tilt Equal Weight,GE,0.021156737266876394,Equity,Industrials,equal_weight,True
2021-04-01,Sentiment Tilt Equal Weight,MMM,0.021156737266876394,Equity,Industrials,equal_weight,True
2021-04-01,Sentiment Tilt Equal Weight,UPS,0.021156737266876394,Equity,Industrials,equal_weight,True
2021-04-01,Sentiment Tilt Equal Weight,DD,0.023728333053388544,Equity,Materials,equal_weight,True
2021-04-01,Sentiment Tilt Equal Weight,DOW,0.023728333053388544,Equity,Materials,equal_weight,True
2021-04-01,Sentiment Tilt Equal Weight,NEM,0.023728333053388544,Equity,Materials,equal_weight,True
2021-04-01,Sentiment Tilt Equal Weight,NUE,0.023728333053388544,Equity,Materials,equal_weight,True
2021-04-01,Sentiment Tilt Equal Weight,SHW,0.023728333053388544,Equity,Materials,equal_weight,True
2021-04-01,Sentiment Tilt Equal Weight,AMT,0.014925843655483696,Equity,RealEstate,equal_weight,True
2021-04-01,Sentiment Tilt Equal Weight,CCI,0.014925843655483696,Equity,RealEstate,equal_weight,True
2021-04-01,Sentiment Tilt Equal Weight,O,0.014925843655483696,Equity,RealEstate,equal_weight,True
2021-04-01,Sentiment Tilt Equal Weight,PLD,0.014925843655483696,Equity,RealEstate,equal_weight,True
2021-04-01,Sentiment Tilt Equal Weight,PSA,0.014925843655483696,Equity,RealEstate,equal_weight,True
2021-04-01,Sentiment Tilt Equal Weight,ADBE,0.017959366153662008,Equity,Tech,equal_weight,True
2021-04-01,Sentiment Tilt Equal Weight,AMD,0.017959366153662008,Equity,Tech,equal_weight,True
2021-04-01,Sentiment Tilt Equal Weight,INTC,0.017959366153662008,Equity,Tech,equal_weight,True
2021-04-01,Sentiment Tilt Equal Weight,NVDA,0.017959366153662008,Equity,Tech,equal_weight,True
2021-04-01,Sentiment Tilt Equal Weight,QCOM,0.017959366153662008,Equity,Tech,equal_weight,True
2021-04-01,Sentiment Tilt Equal Weight,AEP,0.017206659077194472,Equity,Utilities,equal_weight,True
2021-04-01,Sentiment Tilt Equal Weight,D,0.017206659077194472,Equity,Utilities,equal_weight,True
2021-04-01,Sentiment Tilt Equal Weight,DUK,0.017206659077194472,Equity,Utilities,equal_weight,True
2021-04-01,Sentiment Tilt Equal Weight,NEE,0.017206659077194472,Equity,Utilities,equal_weight,True
2021-04-01,Sentiment Tilt Equal Weight,SO,0.017206659077194472,Equity,Utilities,equal_weight,True
2021-05-03,Sentiment Tilt Equal Weight,CMCSA,0.021891695726113766,Equity,Comm,equal_weight,True
2021-05-03,Sentiment Tilt Equal Weight,EA,0.021891695726113766,Equity,Comm,equal_weight,True
2021-05-03,Sentiment Tilt Equal Weight,T,0.021891695726113766,Equity,Comm,equal_weight,True
2021-05-03,Sentiment Tilt Equal Weight,TMUS,0.021891695726113766,Equity,Comm,equal_weight,True
2021-05-03,Sentiment Tilt Equal Weight,TTWO,0.021891695726113766,Equity,Comm,equal_weight,True
2021-05-03,Sentiment Tilt Equal Weight,DIS,0.017809129375415338,Equity,Consumer,equal_weight,True
2021-05-03,Sentiment Tilt Equal Weight,KO,0.017809129375415338,Equity,Consumer,equal_weight,True
2021-05-03,Sentiment Tilt Equal Weight,NKE,0.017809129375415338,Equity,Consumer,equal_weight,True
2021-05-03,Sentiment Tilt Equal Weight,SBUX,0.017809129375415338,Equity,Consumer,equal_weight,True
2021-05-03,Sentiment Tilt Equal Weight,WMT,0.017809129375415338,Equity,Consumer,equal_weight,True
2021-05-03,Sentiment Tilt Equal Weight,COP,0.0276852052738694,Equity,Energy,equal_weight,True
2021-05-03,Sentiment Tilt Equal Weight,CVX,0.0276852052738694,Equity,Energy,equal_weight,True
2021-05-03,Sentiment Tilt Equal Weight,OXY,0.0276852052738694,Equity,Energy,equal_weight,True
2021-05-03,Sentiment Tilt Equal Weight,SLB,0.0276852052738694,Equity,Energy,equal_weight,True
2021-05-03,Sentiment Tilt Equal Weight,XOM,0.0276852052738694,Equity,Energy,equal_weight,True
2021-05-03,Sentiment Tilt Equal Weight,GS,0.017127406052339315,Equity,Financials,equal_weight,True
2021-05-03,Sentiment Tilt Equal Weight,MS,0.017127406052339315,Equity,Financials,equal_weight,True
2021-05-03,Sentiment Tilt Equal Weight,USB,0.017127406052339315,Equity,Financials,equal_weight,True
2021-05-03,Sentiment Tilt Equal Weight,V,0.017127406052339315,Equity,Financials,equal_weight,True
2021-05-03,Sentiment Tilt Equal Weight,WFC,0.017127406052339315,Equity,Financials,equal_weight,True
2021-05-03,Sentiment Tilt Equal Weight,ABBV,0.023424921831766247,Equity,Healthcare,equal_weight,True
2021-05-03,Sentiment Tilt Equal Weight,ABT,0.023424921831766247,Equity,Healthcare,equal_weight,True
2021-05-03,Sentiment Tilt Equal Weight,AMGN,0.023424921831766247,Equity,Healthcare,equal_weight,True
2021-05-03,Sentiment Tilt Equal Weight,GILD,0.023424921831766247,Equity,Healthcare,equal_weight,True
2021-05-03,Sentiment Tilt Equal Weight,MRK,0.023424921831766247,Equity,Healthcare,equal_weight,True
2021-05-03,Sentiment Tilt Equal Weight,BA,0.015774680055894233,Equity,Industrials,equal_weight,True
2021-05-03,Sentiment Tilt Equal Weight,CAT,0.015774680055894233,Equity,Industrials,equal_weight,True
2021-05-03,Sentiment Tilt Equal Weight,GE,0.015774680055894233,Equity,Industrials,equal_weight,True
2021-05-03,Sentiment Tilt Equal Weight,MMM,0.015774680055894233,Equity,Industrials,equal_weight,True
2021-05-03,Sentiment Tilt Equal Weight,UPS,0.015774680055894233,Equity,Industrials,equal_weight,True
2021-05-03,Sentiment Tilt Equal Weight,DD,0.009998424347224507,Equity,Materials,equal_weight,True
2021-05-03,Sentiment Tilt Equal Weight,DOW,0.009998424347224507,Equity,Materials,equal_weight,True
2021-05-03,Sentiment Tilt Equal Weight,NEM,0.009998424347224507,Equity,Materials,equal_weight,True
2021-05-03,Sentiment Tilt Equal Weight,NUE,0.009998424347224507,Equity,Materials,equal_weight,True
2021-05-03,Sentiment Tilt Equal Weight,SHW,0.009998424347224507,Equity,Materials,equal_weight,True
2021-05-03,Sentiment Tilt Equal Weight,AMT,0.0278191070098947,Equity,RealEstate,equal_weight,True
2021-05-03,Sentiment Tilt Equal Weight,CCI,0.0278191070098947,Equity,RealEstate,equal_weight,True
2021-05-03,Sentiment Tilt Equal Weight,O,0.0278191070098947,Equity,RealEstate,equal_weight,True
2021-05-03,Sentiment Tilt Equal Weight,PLD,0.0278191070098947,Equity,RealEstate,equal_weight,True
2021-05-03,Sentiment Tilt Equal Weight,PSA,0.0278191070098947,Equity,RealEstate,equal_weight,True
2021-05-03,Sentiment Tilt Equal Weight,ADBE,0.012465741277837903,Equity,Tech,equal_weight,True
2021-05-03,Sentiment Tilt Equal Weight,AMD,0.012465741277837903,Equity,Tech,equal_weight,True
2021-05-03,Sentiment Tilt Equal Weight,INTC,0.012465741277837903,Equity,Tech,equal_weight,True
2021-05-03,Sentiment Tilt Equal Weight,NVDA,0.012465741277837903,Equity,Tech,equal_weight,True
2021-05-03,Sentiment Tilt Equal Weight,QCOM,0.012465741277837903,Equity,Tech,equal_weight,True
2021-05-03,Sentiment Tilt Equal Weight,AEP,0.02600368904964462,Equity,Utilities,equal_weight,True
2021-05-03,Sentiment Tilt Equal Weight,D,0.02600368904964462,Equity,Utilities,equal_weight,True
2021-05-03,Sentiment Tilt Equal Weight,DUK,0.02600368904964462,Equity,Utilities,equal_weight,True
2021-05-03,Sentiment Tilt Equal Weight,NEE,0.02600368904964462,Equity,Utilities,equal_weight,True
2021-05-03,Sentiment Tilt Equal Weight,SO,0.02600368904964462,Equity,Utilities,equal_weight,True
2021-06-01,Sentiment Tilt Equal Weight,CMCSA,0.03007009836564488,Equity,Comm,equal_weight,True
2021-06-01,Sentiment Tilt Equal Weight,EA,0.03007009836564488,Equity,Comm,equal_weight,True
2021-06-01,Sentiment Tilt Equal Weight,T,0.03007009836564488,Equity,Comm,equal_weight,True
2021-06-01,Sentiment Tilt Equal Weight,TMUS,0.03007009836564488,Equity,Comm,equal_weight,True
2021-06-01,Sentiment Tilt Equal Weight,TTWO,0.03007009836564488,Equity,Comm,equal_weight,True
2021-06-01,Sentiment Tilt Equal Weight,DIS,0.030012035497865252,Equity,Consumer,equal_weight,True
2021-06-01,Sentiment Tilt Equal Weight,KO,0.030012035497865252,Equity,Consumer,equal_weight,True
2021-06-01,Sentiment Tilt Equal Weight,NKE,0.030012035497865252,Equity,Consumer,equal_weight,True
2021-06-01,Sentiment Tilt Equal Weight,SBUX,0.030012035497865252,Equity,Consumer,equal_weight,True
2021-06-01,Sentiment Tilt Equal Weight,WMT,0.030012035497865252,Equity,Consumer,equal_weight,True
2021-06-01,Sentiment Tilt Equal Weight,COP,0.012673701170946721,Equity,Energy,equal_weight,True
2021-06-01,Sentiment Tilt Equal Weight,CVX,0.012673701170946721,Equity,Energy,equal_weight,True
2021-06-01,Sentiment Tilt Equal Weight,OXY,0.012673701170946721,Equity,Energy,equal_weight,True
2021-06-01,Sentiment Tilt Equal Weight,SLB,0.012673701170946721,Equity,Energy,equal_weight,True
2021-06-01,Sentiment Tilt Equal Weight,XOM,0.012673701170946721,Equity,Energy,equal_weight,True
2021-06-01,Sentiment Tilt Equal Weight,GS,0.021271562647753112,Equity,Financials,equal_weight,True
2021-06-01,Sentiment Tilt Equal Weight,MS,0.021271562647753112,Equity,Financials,equal_weight,True
2021-06-01,Sentiment Tilt Equal Weight,USB,0.021271562647753112,Equity,Financials,equal_weight,True
2021-06-01,Sentiment Tilt Equal Weight,V,0.021271562647753112,Equity,Financials,equal_weight,True
2021-06-01,Sentiment Tilt Equal Weight,WFC,0.021271562647753112,Equity,Financials,equal_weight,True
2021-06-01,Sentiment Tilt Equal Weight,ABBV,0.01485686140191642,Equity,Healthcare,equal_weight,True
2021-06-01,Sentiment Tilt Equal Weight,ABT,0.01485686140191642,Equity,Healthcare,equal_weight,True
2021-06-01,Sentiment Tilt Equal Weight,AMGN,0.01485686140191642,Equity,Healthcare,equal_weight,True
2021-06-01,Sentiment Tilt Equal Weight,GILD,0.01485686140191642,Equity,Healthcare,equal_weight,True
2021-06-01,Sentiment Tilt Equal Weight,MRK,0.01485686140191642,Equity,Healthcare,equal_weight,True
2021-06-01,Sentiment Tilt Equal Weight,BA,0.016179067909052644,Equity,Industrials,equal_weight,True
2021-06-01,Sentiment Tilt Equal Weight,CAT,0.016179067909052644,Equity,Industrials,equal_weight,True
2021-06-01,Sentiment Tilt Equal Weight,GE,0.016179067909052644,Equity,Industrials,equal_weight,True
2021-06-01,Sentiment Tilt Equal Weight,MMM,0.016179067909052644,Equity,Industrials,equal_weight,True
2021-06-01,Sentiment Tilt Equal Weight,UPS,0.016179067909052644,Equity,Industrials,equal_weight,True
2021-06-01,Sentiment Tilt Equal Weight,DD,0.018743785942633737,Equity,Materials,equal_weight,True
2021-06-01,Sentiment Tilt Equal Weight,DOW,0.018743785942633737,Equity,Materials,equal_weight,True
2021-06-01,Sentiment Tilt Equal Weight,NEM,0.018743785942633737,Equity,Materials,equal_weight,True
2021-06-01,Sentiment Tilt Equal Weight,NUE,0.018743785942633737,Equity,Materials,equal_weight,True
2021-06-01,Sentiment Tilt Equal Weight,SHW,0.018743785942633737,Equity,Materials,equal_weight,True
2021-06-01,Sentiment Tilt Equal Weight,AMT,0.024103990362545836,Equity,RealEstate,equal_weight,True
2021-06-01,Sentiment Tilt Equal Weight,CCI,0.024103990362545836,Equity,RealEstate,equal_weight,True
2021-06-01,Sentiment Tilt Equal Weight,O,0.024103990362545836,Equity,RealEstate,equal_weight,True
2021-06-01,Sentiment Tilt Equal Weight,PLD,0.024103990362545836,Equity,RealEstate,equal_weight,True
2021-06-01,Sentiment Tilt Equal Weight,PSA,0.024103990362545836,Equity,RealEstate,equal_weight,True
2021-06-01,Sentiment Tilt Equal Weight,ADBE,0.017522887085283153,Equity,Tech,equal_weight,True
2021-06-01,Sentiment Tilt Equal Weight,AMD,0.017522887085283153,Equity,Tech,equal_weight,True
2021-06-01,Sentiment Tilt Equal Weight,INTC,0.017522887085283153,Equity,Tech,equal_weight,True
2021-06-01,Sentiment Tilt Equal Weight,NVDA,0.017522887085283153,Equity,Tech,equal_weight,True
2021-06-01,Sentiment Tilt Equal Weight,QCOM,0.017522887085283153,Equity,Tech,equal_weight,True
2021-06-01,Sentiment Tilt Equal Weight,AEP,0.014566009616358276,Equity,Utilities,equal_weight,True
2021-06-01,Sentiment Tilt Equal Weight,D,0.014566009616358276,Equity,Utilities,equal_weight,True
2021-06-01,Sentiment Tilt Equal Weight,DUK,0.014566009616358276,Equity,Utilities,equal_weight,True
2021-06-01,Sentiment Tilt Equal Weight,NEE,0.014566009616358276,Equity,Utilities,equal_weight,True
2021-06-01,Sentiment Tilt Equal Weight,SO,0.014566009616358276,Equity,Utilities,equal_weight,True
2021-07-01,Sentiment Tilt Equal Weight,CMCSA,0.03033838598572774,Equity,Comm,equal_weight,True
2021-07-01,Sentiment Tilt Equal Weight,EA,0.03033838598572774,Equity,Comm,equal_weight,True
2021-07-01,Sentiment Tilt Equal Weight,T,0.03033838598572774,Equity,Comm,equal_weight,True
2021-07-01,Sentiment Tilt Equal Weight,TMUS,0.03033838598572774,Equity,Comm,equal_weight,True
2021-07-01,Sentiment Tilt Equal Weight,TTWO,0.03033838598572774,Equity,Comm,equal_weight,True
2021-07-01,Sentiment Tilt Equal Weight,DIS,0.010112795328575916,Equity,Consumer,equal_weight,True
2021-07-01,Sentiment Tilt Equal Weight,KO,0.010112795328575916,Equity,Consumer,equal_weight,True
2021-07-01,Sentiment Tilt Equal Weight,NKE,0.010112795328575916,Equity,Consumer,equal_weight,True
2021-07-01,Sentiment Tilt Equal Weight,SBUX,0.010112795328575916,Equity,Consumer,equal_weight,True
2021-07-01,Sentiment Tilt Equal Weight,WMT,0.010112795328575916,Equity,Consumer,equal_weight,True
2021-07-01,Sentiment Tilt Equal Weight,COP,0.025135794849145833,Equity,Energy,equal_weight,True
2021-07-01,Sentiment Tilt Equal Weight,CVX,0.025135794849145833,Equity,Energy,equal_weight,True
2021-07-01,Sentiment Tilt Equal Weight,OXY,0.025135794849145833,Equity,Energy,equal_weight,True
2021-07-01,Sentiment Tilt Equal Weight,SLB,0.025135794849145833,Equity,Energy,equal_weight,True
2021-07-01,Sentiment Tilt Equal Weight,XOM,0.025135794849145833,Equity,Energy,equal_weight,True
2021-07-01,Sentiment Tilt Equal Weight,GS,0.0219660392600134,Equity,Financials,equal_weight,True
2021-07-01,Sentiment Tilt Equal Weight,MS,0.0219660392600134,Equity,Financials,equal_weight,True
2021-07-01,Sentiment Tilt Equal Weight,USB,0.0219660392600134,Equity,Financials,equal_weight,True
2021-07-01,Sentiment Tilt Equal Weight,V,0.0219660392600134,Equity,Financials,equal_weight,True
2021-07-01,Sentiment Tilt Equal Weight,WFC,0.0219660392600134,Equity,Financials,equal_weight,True
2021-07-01,Sentiment Tilt Equal Weight,ABBV,0.019931290282502706,Equity,Healthcare,equal_weight,True
2021-07-01,Sentiment Tilt Equal Weight,ABT,0.019931290282502706,Equity,Healthcare,equal_weight,True
2021-07-01,Sentiment Tilt Equal Weight,AMGN,0.019931290282502706,Equity,Healthcare,equal_weight,True
2021-07-01,Sentiment Tilt Equal Weight,GILD,0.019931290282502706,Equity,Healthcare,equal_weight,True
2021-07-01,Sentiment Tilt Equal Weight,MRK,0.019931290282502706,Equity,Healthcare,equal_weight,True
2021-07-01,Sentiment Tilt Equal Weight,BA,0.018426426382829732,Equity,Industrials,equal_weight,True
2021-07-01,Sentiment Tilt Equal Weight,CAT,0.018426426382829732,Equity,Industrials,equal_weight,True
2021-07-01,Sentiment Tilt Equal Weight,GE,0.018426426382829732,Equity,Industrials,equal_weight,True
2021-07-01,Sentiment Tilt Equal Weight,MMM,0.018426426382829732,Equity,Industrials,equal_weight,True
2021-07-01,Sentiment Tilt Equal Weight,UPS,0.018426426382829732,Equity,Industrials,equal_weight,True
2021-07-01,Sentiment Tilt Equal Weight,DD,0.01667375821149718,Equity,Materials,equal_weight,True
2021-07-01,Sentiment Tilt Equal Weight,DOW,0.01667375821149718,Equity,Materials,equal_weight,True
2021-07-01,Sentiment Tilt Equal Weight,NEM,0.01667375821149718,Equity,Materials,equal_weight,True
2021-07-01,Sentiment Tilt Equal Weight,NUE,0.01667375821149718,Equity,Materials,equal_weight,True
2021-07-01,Sentiment Tilt Equal Weight,SHW,0.01667375821149718,Equity,Materials,equal_weight,True
2021-07-01,Sentiment Tilt Equal Weight,AMT,0.01787791308346915,Equity,RealEstate,equal_weight,True
2021-07-01,Sentiment Tilt Equal Weight,CCI,0.01787791308346915,Equity,RealEstate,equal_weight,True
2021-07-01,Sentiment Tilt Equal Weight,O,0.01787791308346915,Equity,RealEstate,equal_weight,True
2021-07-01,Sentiment Tilt Equal Weight,PLD,0.01787791308346915,Equity,RealEstate,equal_weight,True
2021-07-01,Sentiment Tilt Equal Weight,PSA,0.01787791308346915,Equity,RealEstate,equal_weight,True
2021-07-01,Sentiment Tilt Equal Weight,ADBE,0.020641000865782445,Equity,Tech,equal_weight,True
2021-07-01,Sentiment Tilt Equal Weight,AMD,0.020641000865782445,Equity,Tech,equal_weight,True
2021-07-01,Sentiment Tilt Equal Weight,INTC,0.020641000865782445,Equity,Tech,equal_weight,True
2021-07-01,Sentiment Tilt Equal Weight,NVDA,0.020641000865782445,Equity,Tech,equal_weight,True
2021-07-01,Sentiment Tilt Equal Weight,QCOM,0.020641000865782445,Equity,Tech,equal_weight,True
2021-07-01,Sentiment Tilt Equal Weight,AEP,0.018896595750455922,Equity,Utilities,equal_weight,True
2021-07-01,Sentiment Tilt Equal Weight,D,0.018896595750455922,Equity,Utilities,equal_weight,True
2021-07-01,Sentiment Tilt Equal Weight,DUK,0.018896595750455922,Equity,Utilities,equal_weight,True
2021-07-01,Sentiment Tilt Equal Weight,NEE,0.018896595750455922,Equity,Utilities,equal_weight,True
2021-07-01,Sentiment Tilt Equal Weight,SO,0.018896595750455922,Equity,Utilities,equal_weight,True
2021-08-02,Sentiment Tilt Equal Weight,CMCSA,0.015319517475288076,Equity,Comm,equal_weight,True
2021-08-02,Sentiment Tilt Equal Weight,EA,0.015319517475288076,Equity,Comm,equal_weight,True
2021-08-02,Sentiment Tilt Equal Weight,T,0.015319517475288076,Equity,Comm,equal_weight,True
2021-08-02,Sentiment Tilt Equal Weight,TMUS,0.015319517475288076,Equity,Comm,equal_weight,True
2021-08-02,Sentiment Tilt Equal Weight,TTWO,0.015319517475288076,Equity,Comm,equal_weight,True
2021-08-02,Sentiment Tilt Equal Weight,DIS,0.014095679361442707,Equity,Consumer,equal_weight,True
2021-08-02,Sentiment Tilt Equal Weight,KO,0.014095679361442707,Equity,Consumer,equal_weight,True
2021-08-02,Sentiment Tilt Equal Weight,NKE,0.014095679361442707,Equity,Consumer,equal_weight,True
2021-08-02,Sentiment Tilt Equal Weight,SBUX,0.014095679361442707,Equity,Consumer,equal_weight,True
2021-08-02,Sentiment Tilt Equal Weight,WMT,0.014095679361442707,Equity,Consumer,equal_weight,True
2021-08-02,Sentiment Tilt Equal Weight,COP,0.026151046584024014,Equity,Energy,equal_weight,True
2021-08-02,Sentiment Tilt Equal Weight,CVX,0.026151046584024014,Equity,Energy,equal_weight,True
2021-08-02,Sentiment Tilt Equal Weight,OXY,0.026151046584024014,Equity,Energy,equal_weight,True
2021-08-02,Sentiment Tilt Equal Weight,SLB,0.026151046584024014,Equity,Energy,equal_weight,True
2021-08-02,Sentiment Tilt Equal Weight,XOM,0.026151046584024014,Equity,Energy,equal_weight,True
2021-08-02,Sentiment Tilt Equal Weight,GS,0.019390093986317563,Equity,Financials,equal_weight,True
2021-08-02,Sentiment Tilt Equal Weight,MS,0.019390093986317563,Equity,Financials,equal_weight,True
2021-08-02,Sentiment Tilt Equal Weight,USB,0.019390093986317563,Equity,Financials,equal_weight,True
2021-08-02,Sentiment Tilt Equal Weight,V,0.019390093986317563,Equity,Financials,equal_weight,True
2021-08-02,Sentiment Tilt Equal Weight,WFC,0.019390093986317563,Equity,Financials,equal_weight,True
2021-08-02,Sentiment Tilt Equal Weight,ABBV,0.021946124131198255,Equity,Healthcare,equal_weight,True
2021-08-02,Sentiment Tilt Equal Weight,ABT,0.021946124131198255,Equity,Healthcare,equal_weight,True
2021-08-02,Sentiment Tilt Equal Weight,AMGN,0.021946124131198255,Equity,Healthcare,equal_weight,True
2021-08-02,Sentiment Tilt Equal Weight,GILD,0.021946124131198255,Equity,Healthcare,equal_weight,True
2021-08-02,Sentiment Tilt Equal Weight,MRK,0.021946124131198255,Equity,Healthcare,equal_weight,True
2021-08-02,Sentiment Tilt Equal Weight,BA,0.022358447403387792,Equity,Industrials,equal_weight,True
2021-08-02,Sentiment Tilt Equal Weight,CAT,0.022358447403387792,Equity,Industrials,equal_weight,True
2021-08-02,Sentiment Tilt Equal Weight,GE,0.022358447403387792,Equity,Industrials,equal_weight,True
2021-08-02,Sentiment Tilt Equal Weight,MMM,0.022358447403387792,Equity,Industrials,equal_weight,True
2021-08-02,Sentiment Tilt Equal Weight,UPS,0.022358447403387792,Equity,Industrials,equal_weight,True
2021-08-02,Sentiment Tilt Equal Weight,DD,0.024985688134942306,Equity,Materials,equal_weight,True
2021-08-02,Sentiment Tilt Equal Weight,DOW,0.024985688134942306,Equity,Materials,equal_weight,True
2021-08-02,Sentiment Tilt Equal Weight,NEM,0.024985688134942306,Equity,Materials,equal_weight,True
2021-08-02,Sentiment Tilt Equal Weight,NUE,0.024985688134942306,Equity,Materials,equal_weight,True
2021-08-02,Sentiment Tilt Equal Weight,SHW,0.024985688134942306,Equity,Materials,equal_weight,True
2021-08-02,Sentiment Tilt Equal Weight,AMT,0.015622580239094195,Equity,RealEstate,equal_weight,True
2021-08-02,Sentiment Tilt Equal Weight,CCI,0.015622580239094195,Equity,RealEstate,equal_weight,True
2021-08-02,Sentiment Tilt Equal Weight,O,0.015622580239094195,Equity,RealEstate,equal_weight,True
2021-08-02,Sentiment Tilt Equal Weight,PLD,0.015622580239094195,Equity,RealEstate,equal_weight,True
2021-08-02,Sentiment Tilt Equal Weight,PSA,0.015622580239094195,Equity,RealEstate,equal_weight,True
2021-08-02,Sentiment Tilt Equal Weight,ADBE,0.030092477034417493,Equity,Tech,equal_weight,True
2021-08-02,Sentiment Tilt Equal Weight,AMD,0.030092477034417493,Equity,Tech,equal_weight,True
2021-08-02,Sentiment Tilt Equal Weight,INTC,0.030092477034417493,Equity,Tech,equal_weight,True
2021-08-02,Sentiment Tilt Equal Weight,NVDA,0.030092477034417493,Equity,Tech,equal_weight,True
2021-08-02,Sentiment Tilt Equal Weight,QCOM,0.030092477034417493,Equity,Tech,equal_weight,True
2021-08-02,Sentiment Tilt Equal Weight,AEP,0.010038345649887594,Equity,Utilities,equal_weight,True
2021-08-02,Sentiment Tilt Equal Weight,D,0.010038345649887594,Equity,Utilities,equal_weight,True
2021-08-02,Sentiment Tilt Equal Weight,DUK,0.010038345649887594,Equity,Utilities,equal_weight,True
2021-08-02,Sentiment Tilt Equal Weight,NEE,0.010038345649887594,Equity,Utilities,equal_weight,True
2021-08-02,Sentiment Tilt Equal Weight,SO,0.010038345649887594,Equity,Utilities,equal_weight,True
2021-09-01,Sentiment Tilt Equal Weight,CMCSA,0.019502960038437586,Equity,Comm,equal_weight,True
2021-09-01,Sentiment Tilt Equal Weight,EA,0.019502960038437586,Equity,Comm,equal_weight,True
2021-09-01,Sentiment Tilt Equal Weight,T,0.019502960038437586,Equity,Comm,equal_weight,True
2021-09-01,Sentiment Tilt Equal Weight,TMUS,0.019502960038437586,Equity,Comm,equal_weight,True
2021-09-01,Sentiment Tilt Equal Weight,TTWO,0.019502960038437586,Equity,Comm,equal_weight,True
2021-09-01,Sentiment Tilt Equal Weight,DIS,0.019909685136313665,Equity,Consumer,equal_weight,True
2021-09-01,Sentiment Tilt Equal Weight,KO,0.019909685136313665,Equity,Consumer,equal_weight,True
2021-09-01,Sentiment Tilt Equal Weight,NKE,0.019909685136313665,Equity,Consumer,equal_weight,True
2021-09-01,Sentiment Tilt Equal Weight,SBUX,0.019909685136313665,Equity,Consumer,equal_weight,True
2021-09-01,Sentiment Tilt Equal Weight,WMT,0.019909685136313665,Equity,Consumer,equal_weight,True
2021-09-01,Sentiment Tilt Equal Weight,COP,0.024841380345500142,Equity,Energy,equal_weight,True
2021-09-01,Sentiment Tilt Equal Weight,CVX,0.024841380345500142,Equity,Energy,equal_weight,True
2021-09-01,Sentiment Tilt Equal Weight,OXY,0.024841380345500142,Equity,Energy,equal_weight,True
2021-09-01,Sentiment Tilt Equal Weight,SLB,0.024841380345500142,Equity,Energy,equal_weight,True
2021-09-01,Sentiment Tilt Equal Weight,XOM,0.024841380345500142,Equity,Energy,equal_weight,True
2021-09-01,Sentiment Tilt Equal Weight,GS,0.02964309066811209,Equity,Financials,equal_weight,True
2021-09-01,Sentiment Tilt Equal Weight,MS,0.02964309066811209,Equity,Financials,equal_weight,True
2021-09-01,Sentiment Tilt Equal Weight,USB,0.02964309066811209,Equity,Financials,equal_weight,True
2021-09-01,Sentiment Tilt Equal Weight,V,0.02964309066811209,Equity,Financials,equal_weight,True
2021-09-01,Sentiment Tilt Equal Weight,WFC,0.02964309066811209,Equity,Financials,equal_weight,True
2021-09-01,Sentiment Tilt Equal Weight,ABBV,0.013230914281638102,Equity,Healthcare,equal_weight,True
2021-09-01,Sentiment Tilt Equal Weight,ABT,0.013230914281638102,Equity,Healthcare,equal_weight,True
2021-09-01,Sentiment Tilt Equal Weight,AMGN,0.013230914281638102,Equity,Healthcare,equal_weight,True
2021-09-01,Sentiment Tilt Equal Weight,GILD,0.013230914281638102,Equity,Healthcare,equal_weight,True
2021-09-01,Sentiment Tilt Equal Weight,MRK,0.013230914281638102,Equity,Healthcare,equal_weight,True
2021-09-01,Sentiment Tilt Equal Weight,BA,0.028680272403951924,Equity,Industrials,equal_weight,True
2021-09-01,Sentiment Tilt Equal Weight,CAT,0.028680272403951924,Equity,Industrials,equal_weight,True
2021-09-01,Sentiment Tilt Equal Weight,GE,0.028680272403951924,Equity,Industrials,equal_weight,True
2021-09-01,Sentiment Tilt Equal Weight,MMM,0.028680272403951924,Equity,Industrials,equal_weight,True
2021-09-01,Sentiment Tilt Equal Weight,UPS,0.028680272403951924,Equity,Industrials,equal_weight,True
2021-09-01,Sentiment Tilt Equal Weight,DD,0.02039273013729627,Equity,Materials,equal_weight,True
2021-09-01,Sentiment Tilt Equal Weight,DOW,0.02039273013729627,Equity,Materials,equal_weight,True
2021-09-01,Sentiment Tilt Equal Weight,NEM,0.02039273013729627,Equity,Materials,equal_weight,True
2021-09-01,Sentiment Tilt Equal Weight,NUE,0.02039273013729627,Equity,Materials,equal_weight,True
2021-09-01,Sentiment Tilt Equal Weight,SHW,0.02039273013729627,Equity,Materials,equal_weight,True
2021-09-01,Sentiment Tilt Equal Weight,AMT,0.018717035567437257,Equity,RealEstate,equal_weight,True
2021-09-01,Sentiment Tilt Equal Weight,CCI,0.018717035567437257,Equity,RealEstate,equal_weight,True
2021-09-01,Sentiment Tilt Equal Weight,O,0.018717035567437257,Equity,RealEstate,equal_weight,True
2021-09-01,Sentiment Tilt Equal Weight,PLD,0.018717035567437257,Equity,RealEstate,equal_weight,True
2021-09-01,Sentiment Tilt Equal Weight,PSA,0.018717035567437257,Equity,RealEstate,equal_weight,True
2021-09-01,Sentiment Tilt Equal Weight,ADBE,0.01467103178877176,Equity,Tech,equal_weight,True
2021-09-01,Sentiment Tilt Equal Weight,AMD,0.01467103178877176,Equity,Tech,equal_weight,True
2021-09-01,Sentiment Tilt Equal Weight,INTC,0.01467103178877176,Equity,Tech,equal_weight,True
2021-09-01,Sentiment Tilt Equal Weight,NVDA,0.01467103178877176,Equity,Tech,equal_weight,True
2021-09-01,Sentiment Tilt Equal Weight,QCOM,0.01467103178877176,Equity,Tech,equal_weight,True
2021-09-01,Sentiment Tilt Equal Weight,AEP,0.0104108996325412,Equity,Utilities,equal_weight,True
2021-09-01,Sentiment Tilt Equal Weight,D,0.0104108996325412,Equity,Utilities,equal_weight,True
2021-09-01,Sentiment Tilt Equal Weight,DUK,0.0104108996325412,Equity,Utilities,equal_weight,True
2021-09-01,Sentiment Tilt Equal Weight,NEE,0.0104108996325412,Equity,Utilities,equal_weight,True
2021-09-01,Sentiment Tilt Equal Weight,SO,0.0104108996325412,Equity,Utilities,equal_weight,True
2021-10-01,Sentiment Tilt Equal Weight,CMCSA,0.021191604668059458,Equity,Comm,equal_weight,True
2021-10-01,Sentiment Tilt Equal Weight,EA,0.021191604668059458,Equity,Comm,equal_weight,True
2021-10-01,Sentiment Tilt Equal Weight,T,0.021191604668059458,Equity,Comm,equal_weight,True
2021-10-01,Sentiment Tilt Equal Weight,TMUS,0.021191604668059458,Equity,Comm,equal_weight,True
2021-10-01,Sentiment Tilt Equal Weight,TTWO,0.021191604668059458,Equity,Comm,equal_weight,True
2021-10-01,Sentiment Tilt Equal Weight,DIS,0.017884794412155878,Equity,Consumer,equal_weight,True
2021-10-01,Sentiment Tilt Equal Weight,KO,0.017884794412155878,Equity,Consumer,equal_weight,True
2021-10-01,Sentiment Tilt Equal Weight,NKE,0.017884794412155878,Equity,Consumer,equal_weight,True
2021-10-01,Sentiment Tilt Equal Weight,SBUX,0.017884794412155878,Equity,Consumer,equal_weight,True
2021-10-01,Sentiment Tilt Equal Weight,WMT,0.017884794412155878,Equity,Consumer,equal_weight,True
2021-10-01,Sentiment Tilt Equal Weight,COP,0.021064402514630327,Equity,Energy,equal_weight,True
2021-10-01,Sentiment Tilt Equal Weight,CVX,0.021064402514630327,Equity,Energy,equal_weight,True
2021-10-01,Sentiment Tilt Equal Weight,OXY,0.021064402514630327,Equity,Energy,equal_weight,True
2021-10-01,Sentiment Tilt Equal Weight,SLB,0.021064402514630327,Equity,Energy,equal_weight,True
2021-10-01,Sentiment Tilt Equal Weight,XOM,0.021064402514630327,Equity,Energy,equal_weight,True
2021-10-01,Sentiment Tilt Equal Weight,GS,0.018194101053594012,Equity,Financials,equal_weight,True
2021-10-01,Sentiment Tilt Equal Weight,MS,0.018194101053594012,Equity,Financials,equal_weight,True
2021-10-01,Sentiment Tilt Equal Weight,USB,0.018194101053594012,Equity,Financials,equal_weight,True
2021-10-01,Sentiment Tilt Equal Weight,V,0.018194101053594012,Equity,Financials,equal_weight,True
2021-10-01,Sentiment Tilt Equal Weight,WFC,0.018194101053594012,Equity,Financials,equal_weight,True
2021-10-01,Sentiment Tilt Equal Weight,ABBV,0.012178174023025899,Equity,Healthcare,equal_weight,True
2021-10-01,Sentiment Tilt Equal Weight,ABT,0.012178174023025899,Equity,Healthcare,equal_weight,True
2021-10-01,Sentiment Tilt Equal Weight,AMGN,0.012178174023025899,Equity,Healthcare,equal_weight,True
2021-10-01,Sentiment Tilt Equal Weight,GILD,0.012178174023025899,Equity,Healthcare,equal_weight,True
2021-10-01,Sentiment Tilt Equal Weight,MRK,0.012178174023025899,Equity,Healthcare,equal_weight,True
2021-10-01,Sentiment Tilt Equal Weight,BA,0.02402348642626785,Equity,Industrials,equal_weight,True
2021-10-01,Sentiment Tilt Equal Weight,CAT,0.02402348642626785,Equity,Industrials,equal_weight,True
2021-10-01,Sentiment Tilt Equal Weight,GE,0.02402348642626785,Equity,Industrials,equal_weight,True
2021-10-01,Sentiment Tilt Equal Weight,MMM,0.02402348642626785,Equity,Industrials,equal_weight,True
2021-10-01,Sentiment Tilt Equal Weight,UPS,0.02402348642626785,Equity,Industrials,equal_weight,True
2021-10-01,Sentiment Tilt Equal Weight,DD,0.026450302424614557,Equity,Materials,equal_weight,True
2021-10-01,Sentiment Tilt Equal Weight,DOW,0.026450302424614557,Equity,Materials,equal_weight,True
2021-10-01,Sentiment Tilt Equal Weight,NEM,0.026450302424614557,Equity,Materials,equal_weight,True
2021-10-01,Sentiment Tilt Equal Weight,NUE,0.026450302424614557,Equity,Materials,equal_weight,True
2021-10-01,Sentiment Tilt Equal Weight,SHW,0.026450302424614557,Equity,Materials,equal_weight,True
2021-10-01,Sentiment Tilt Equal Weight,AMT,0.024773411889518152,Equity,RealEstate,equal_weight,True
2021-10-01,Sentiment Tilt Equal Weight,CCI,0.024773411889518152,Equity,RealEstate,equal_weight,True
2021-10-01,Sentiment Tilt Equal Weight,O,0.024773411889518152,Equity,RealEstate,equal_weight,True
2021-10-01,Sentiment Tilt Equal Weight,PLD,0.024773411889518152,Equity,RealEstate,equal_weight,True
2021-10-01,Sentiment Tilt Equal Weight,PSA,0.024773411889518152,Equity,RealEstate,equal_weight,True
2021-10-01,Sentiment Tilt Equal Weight,ADBE,0.024399243905206702,Equity,Tech,equal_weight,True
2021-10-01,Sentiment Tilt Equal Weight,AMD,0.024399243905206702,Equity,Tech,equal_weight,True
2021-10-01,Sentiment Tilt Equal Weight,INTC,0.024399243905206702,Equity,Tech,equal_weight,True
2021-10-01,Sentiment Tilt Equal Weight,NVDA,0.024399243905206702,Equity,Tech,equal_weight,True
2021-10-01,Sentiment Tilt Equal Weight,QCOM,0.024399243905206702,Equity,Tech,equal_weight,True
2021-10-01,Sentiment Tilt Equal Weight,AEP,0.009840478682927187,Equity,Utilities,equal_weight,True
2021-10-01,Sentiment Tilt Equal Weight,D,0.009840478682927187,Equity,Utilities,equal_weight,True
2021-10-01,Sentiment Tilt Equal Weight,DUK,0.009840478682927187,Equity,Utilities,equal_weight,True
2021-10-01,Sentiment Tilt Equal Weight,NEE,0.009840478682927187,Equity,Utilities,equal_weight,True
2021-10-01,Sentiment Tilt Equal Weight,SO,0.009840478682927187,Equity,Utilities,equal_weight,True
2021-11-01,Sentiment Tilt Equal Weight,CMCSA,0.02589303165175563,Equity,Comm,equal_weight,True
2021-11-01,Sentiment Tilt Equal Weight,EA,0.02589303165175563,Equity,Comm,equal_weight,True
2021-11-01,Sentiment Tilt Equal Weight,T,0.02589303165175563,Equity,Comm,equal_weight,True
2021-11-01,Sentiment Tilt Equal Weight,TMUS,0.02589303165175563,Equity,Comm,equal_weight,True
2021-11-01,Sentiment Tilt Equal Weight,TTWO,0.02589303165175563,Equity,Comm,equal_weight,True
2021-11-01,Sentiment Tilt Equal Weight,DIS,0.015673518178299102,Equity,Consumer,equal_weight,True
2021-11-01,Sentiment Tilt Equal Weight,KO,0.015673518178299102,Equity,Consumer,equal_weight,True
2021-11-01,Sentiment Tilt Equal Weight,NKE,0.015673518178299102,Equity,Consumer,equal_weight,True
2021-11-01,Sentiment Tilt Equal Weight,SBUX,0.015673518178299102,Equity,Consumer,equal_weight,True
2021-11-01,Sentiment Tilt Equal Weight,WMT,0.015673518178299102,Equity,Consumer,equal_weight,True
2021-11-01,Sentiment Tilt Equal Weight,COP,0.030522943135526347,Equity,Energy,equal_weight,True
2021-11-01,Sentiment Tilt Equal Weight,CVX,0.030522943135526347,Equity,Energy,equal_weight,True
2021-11-01,Sentiment Tilt Equal Weight,OXY,0.030522943135526347,Equity,Energy,equal_weight,True
2021-11-01,Sentiment Tilt Equal Weight,SLB,0.030522943135526347,Equity,Energy,equal_weight,True
2021-11-01,Sentiment Tilt Equal Weight,XOM,0.030522943135526347,Equity,Energy,equal_weight,True
2021-11-01,Sentiment Tilt Equal Weight,GS,0.024457987156418365,Equity,Financials,equal_weight,True
2021-11-01,Sentiment Tilt Equal Weight,MS,0.024457987156418365,Equity,Financials,equal_weight,True
2021-11-01,Sentiment Tilt Equal Weight,USB,0.024457987156418365,Equity,Financials,equal_weight,True
2021-11-01,Sentiment Tilt Equal Weight,V,0.024457987156418365,Equity,Financials,equal_weight,True
2021-11-01,Sentiment Tilt Equal Weight,WFC,0.024457987156418365,Equity,Financials,equal_weight,True
2021-11-01,Sentiment Tilt Equal Weight,ABBV,0.01344960831834445,Equity,Healthcare,equal_weight,True
2021-11-01,Sentiment Tilt Equal Weight,ABT,0.01344960831834445,Equity,Healthcare,equal_weight,True
2021-11-01,Sentiment Tilt Equal Weight,AMGN,0.01344960831834445,Equity,Healthcare,equal_weight,True
2021-11-01,Sentiment Tilt Equal Weight,GILD,0.01344960831834445,Equity,Healthcare,equal_weight,True
2021-11-01,Sentiment Tilt Equal Weight,MRK,0.01344960831834445,Equity,Healthcare,equal_weight,True
2021-11-01,Sentiment Tilt Equal Weight,BA,0.014337413733065102,Equity,Industrials,equal_weight,True
2021-11-01,Sentiment Tilt Equal Weight,CAT,0.014337413733065102,Equity,Industrials,equal_weight,True
2021-11-01,Sentiment Tilt Equal Weight,GE,0.014337413733065102,Equity,Industrials,equal_weight,True
2021-11-01,Sentiment Tilt Equal Weight,MMM,0.014337413733065102,Equity,Industrials,equal_weight,True
2021-11-01,Sentiment Tilt Equal Weight,UPS,0.014337413733065102,Equity,Industrials,equal_weight,True
2021-11-01,Sentiment Tilt Equal Weight,DD,0.020528955418048073,Equity,Materials,equal_weight,True
2021-11-01,Sentiment Tilt Equal Weight,DOW,0.020528955418048073,Equity,Materials,equal_weight,True
2021-11-01,Sentiment Tilt Equal Weight,NEM,0.020528955418048073,Equity,Materials,equal_weight,True
2021-11-01,Sentiment Tilt Equal Weight,NUE,0.020528955418048073,Equity,Materials,equal_weight,True
2021-11-01,Sentiment Tilt Equal Weight,SHW,0.020528955418048073,Equity,Materials,equal_weight,True
2021-11-01,Sentiment Tilt Equal Weight,AMT,0.022132245101043654,Equity,RealEstate,equal_weight,True
2021-11-01,Sentiment Tilt Equal Weight,CCI,0.022132245101043654,Equity,RealEstate,equal_weight,True
2021-11-01,Sentiment Tilt Equal Weight,O,0.022132245101043654,Equity,RealEstate,equal_weight,True
2021-11-01,Sentiment Tilt Equal Weight,PLD,0.022132245101043654,Equity,RealEstate,equal_weight,True
2021-11-01,Sentiment Tilt Equal Weight,PSA,0.022132245101043654,Equity,RealEstate,equal_weight,True
2021-11-01,Sentiment Tilt Equal Weight,ADBE,0.016621052416996056,Equity,Tech,equal_weight,True
2021-11-01,Sentiment Tilt Equal Weight,AMD,0.016621052416996056,Equity,Tech,equal_weight,True
2021-11-01,Sentiment Tilt Equal Weight,INTC,0.016621052416996056,Equity,Tech,equal_weight,True
2021-11-01,Sentiment Tilt Equal Weight,NVDA,0.016621052416996056,Equity,Tech,equal_weight,True
2021-11-01,Sentiment Tilt Equal Weight,QCOM,0.016621052416996056,Equity,Tech,equal_weight,True
2021-11-01,Sentiment Tilt Equal Weight,AEP,0.016383244890503204,Equity,Utilities,equal_weight,True
2021-11-01,Sentiment Tilt Equal Weight,D,0.016383244890503204,Equity,Utilities,equal_weight,True
2021-11-01,Sentiment Tilt Equal Weight,DUK,0.016383244890503204,Equity,Utilities,equal_weight,True
2021-11-01,Sentiment Tilt Equal Weight,NEE,0.016383244890503204,Equity,Utilities,equal_weight,True
2021-11-01,Sentiment Tilt Equal Weight,SO,0.016383244890503204,Equity,Utilities,equal_weight,True
2021-12-01,Sentiment Tilt Equal Weight,CMCSA,0.01923033841905665,Equity,Comm,equal_weight,True
2021-12-01,Sentiment Tilt Equal Weight,EA,0.01923033841905665,Equity,Comm,equal_weight,True
2021-12-01,Sentiment Tilt Equal Weight,T,0.01923033841905665,Equity,Comm,equal_weight,True
2021-12-01,Sentiment Tilt Equal Weight,TMUS,0.01923033841905665,Equity,Comm,equal_weight,True
2021-12-01,Sentiment Tilt Equal Weight,TTWO,0.01923033841905665,Equity,Comm,equal_weight,True
2021-12-01,Sentiment Tilt Equal Weight,DIS,0.030089079104526757,Equity,Consumer,equal_weight,True
2021-12-01,Sentiment Tilt Equal Weight,KO,0.030089079104526757,Equity,Consumer,equal_weight,True
2021-12-01,Sentiment Tilt Equal Weight,NKE,0.030089079104526757,Equity,Consumer,equal_weight,True
2021-12-01,Sentiment Tilt Equal Weight,SBUX,0.030089079104526757,Equity,Consumer,equal_weight,True
2021-12-01,Sentiment Tilt Equal Weight,WMT,0.030089079104526757,Equity,Consumer,equal_weight,True
2021-12-01,Sentiment Tilt Equal Weight,COP,0.010555039491617495,Equity,Energy,equal_weight,True
2021-12-01,Sentiment Tilt Equal Weight,CVX,0.010555039491617495,Equity,Energy,equal_weight,True
2021-12-01,Sentiment Tilt Equal Weight,OXY,0.010555039491617495,Equity,Energy,equal_weight,True
2021-12-01,Sentiment Tilt Equal Weight,SLB,0.010555039491617495,Equity,Energy,equal_weight,True
2021-12-01,Sentiment Tilt Equal Weight,XOM,0.010555039491617495,Equity,Energy,equal_weight,True
2021-12-01,Sentiment Tilt Equal Weight,GS,0.02645966608736238,Equity,Financials,equal_weight,True
2021-12-01,Sentiment Tilt Equal Weight,MS,0.02645966608736238,Equity,Financials,equal_weight,True
2021-12-01,Sentiment Tilt Equal Weight,USB,0.02645966608736238,Equity,Financials,equal_weight,True
2021-12-01,Sentiment Tilt Equal Weight,V,0.02645966608736238,Equity,Financials,equal_weight,True
2021-12-01,Sentiment Tilt Equal Weight,WFC,0.02645966608736238,Equity,Financials,equal_weight,True
2021-12-01,Sentiment Tilt Equal Weight,ABBV,0.017038635583409734,Equity,Healthcare,equal_weight,True
2021-12-01,Sentiment Tilt Equal Weight,ABT,0.017038635583409734,Equity,Healthcare,equal_weight,True
2021-12-01,Sentiment Tilt Equal Weight,AMGN,0.017038635583409734,Equity,Healthcare,equal_weight,True
2021-12-01,Sentiment Tilt Equal Weight,GILD,0.017038635583409734,Equity,Healthcare,equal_weight,True
2021-12-01,Sentiment Tilt Equal Weight,MRK,0.017038635583409734,Equity,Healthcare,equal_weight,True
2021-12-01,Sentiment Tilt Equal Weight,BA,0.0177638826324387,Equity,Industrials,equal_weight,True
2021-12-01,Sentiment Tilt Equal Weight,CAT,0.0177638826324387,Equity,Industrials,equal_weight,True
2021-12-01,Sentiment Tilt Equal Weight,GE,0.0177638826324387,Equity,Industrials,equal_weight,True
2021-12-01,Sentiment Tilt Equal Weight,MMM,0.0177638826324387,Equity,Industrials,equal_weight,True
2021-12-01,Sentiment Tilt Equal Weight,UPS,0.0177638826324387,Equity,Industrials,equal_weight,True
2021-12-01,Sentiment Tilt Equal Weight,DD,0.02541473311434327,Equity,Materials,equal_weight,True
2021-12-01,Sentiment Tilt Equal Weight,DOW,0.02541473311434327,Equity,Materials,equal_weight,True
2021-12-01,Sentiment Tilt Equal Weight,NEM,0.02541473311434327,Equity,Materials,equal_weight,True
2021-12-01,Sentiment Tilt Equal Weight,NUE,0.02541473311434327,Equity,Materials,equal_weight,True
2021-12-01,Sentiment Tilt Equal Weight,SHW,0.02541473311434327,Equity,Materials,equal_weight,True
2021-12-01,Sentiment Tilt Equal Weight,AMT,0.015186168927340078,Equity,RealEstate,equal_weight,True
2021-12-01,Sentiment Tilt Equal Weight,CCI,0.015186168927340078,Equity,RealEstate,equal_weight,True
2021-12-01,Sentiment Tilt Equal Weight,O,0.015186168927340078,Equity,RealEstate,equal_weight,True
2021-12-01,Sentiment Tilt Equal Weight,PLD,0.015186168927340078,Equity,RealEstate,equal_weight,True
2021-12-01,Sentiment Tilt Equal Weight,PSA,0.015186168927340078,Equity,RealEstate,equal_weight,True
2021-12-01,Sentiment Tilt Equal Weight,ADBE,0.014193999338380883,Equity,Tech,equal_weight,True
2021-12-01,Sentiment Tilt Equal Weight,AMD,0.014193999338380883,Equity,Tech,equal_weight,True
2021-12-01,Sentiment Tilt Equal Weight,INTC,0.014193999338380883,Equity,Tech,equal_weight,True
2021-12-01,Sentiment Tilt Equal Weight,NVDA,0.014193999338380883,Equity,Tech,equal_weight,True
2021-12-01,Sentiment Tilt Equal Weight,QCOM,0.014193999338380883,Equity,Tech,equal_weight,True
2021-12-01,Sentiment Tilt Equal Weight,AEP,0.024068457301524047,Equity,Utilities,equal_weight,True
2021-12-01,Sentiment Tilt Equal Weight,D,0.024068457301524047,Equity,Utilities,equal_weight,True
2021-12-01,Sentiment Tilt Equal Weight,DUK,0.024068457301524047,Equity,Utilities,equal_weight,True
2021-12-01,Sentiment Tilt Equal Weight,NEE,0.024068457301524047,Equity,Utilities,equal_weight,True
2021-12-01,Sentiment Tilt Equal Weight,SO,0.024068457301524047,Equity,Utilities,equal_weight,True
2022-01-03,Sentiment Tilt Equal Weight,CMCSA,0.014772350851905867,Equity,Comm,equal_weight,True
2022-01-03,Sentiment Tilt Equal Weight,EA,0.014772350851905867,Equity,Comm,equal_weight,True
2022-01-03,Sentiment Tilt Equal Weight,T,0.014772350851905867,Equity,Comm,equal_weight,True
2022-01-03,Sentiment Tilt Equal Weight,TMUS,0.014772350851905867,Equity,Comm,equal_weight,True
2022-01-03,Sentiment Tilt Equal Weight,TTWO,0.014772350851905867,Equity,Comm,equal_weight,True
2022-01-03,Sentiment Tilt Equal Weight,DIS,0.018455272717140956,Equity,Consumer,equal_weight,True
2022-01-03,Sentiment Tilt Equal Weight,KO,0.018455272717140956,Equity,Consumer,equal_weight,True
2022-01-03,Sentiment Tilt Equal Weight,NKE,0.018455272717140956,Equity,Consumer,equal_weight,True
2022-01-03,Sentiment Tilt Equal Weight,SBUX,0.018455272717140956,Equity,Consumer,equal_weight,True
2022-01-03,Sentiment Tilt Equal Weight,WMT,0.018455272717140956,Equity,Consumer,equal_weight,True
2022-01-03,Sentiment Tilt Equal Weight,COP,0.030329616053084804,Equity,Energy,equal_weight,True
2022-01-03,Sentiment Tilt Equal Weight,CVX,0.030329616053084804,Equity,Energy,equal_weight,True
2022-01-03,Sentiment Tilt Equal Weight,OXY,0.030329616053084804,Equity,Energy,equal_weight,True
2022-01-03,Sentiment Tilt Equal Weight,SLB,0.030329616053084804,Equity,Energy,equal_weight,True
2022-01-03,Sentiment Tilt Equal Weight,XOM,0.030329616053084804,Equity,Energy,equal_weight,True
2022-01-03,Sentiment Tilt Equal Weight,GS,0.01976674002403589,Equity,Financials,equal_weight,True
2022-01-03,Sentiment Tilt Equal Weight,MS,0.01976674002403589,Equity,Financials,equal_weight,True
2022-01-03,Sentiment Tilt Equal Weight,USB,0.01976674002403589,Equity,Financials,equal_weight,True
2022-01-03,Sentiment Tilt Equal Weight,V,0.01976674002403589,Equity,Financials,equal_weight,True
2022-01-03,Sentiment Tilt Equal Weight,WFC,0.01976674002403589,Equity,Financials,equal_weight,True
2022-01-03,Sentiment Tilt Equal Weight,ABBV,0.022107726982138958,Equity,Healthcare,equal_weight,True
2022-01-03,Sentiment Tilt Equal Weight,ABT,0.022107726982138958,Equity,Healthcare,equal_weight,True
2022-01-03,Sentiment Tilt Equal Weight,AMGN,0.022107726982138958,Equity,Healthcare,equal_weight,True
2022-01-03,Sentiment Tilt Equal Weight,GILD,0.022107726982138958,Equity,Healthcare,equal_weight,True
2022-01-03,Sentiment Tilt Equal Weight,MRK,0.022107726982138958,Equity,Healthcare,equal_weight,True
2022-01-03,Sentiment Tilt Equal Weight,BA,0.01406307259755505,Equity,Industrials,equal_weight,True
2022-01-03,Sentiment Tilt Equal Weight,CAT,0.01406307259755505,Equity,Industrials,equal_weight,True
2022-01-03,Sentiment Tilt Equal Weight,GE,0.01406307259755505,Equity,Industrials,equal_weight,True
2022-01-03,Sentiment Tilt Equal Weight,MMM,0.01406307259755505,Equity,Industrials,equal_weight,True
2022-01-03,Sentiment Tilt Equal Weight,UPS,0.01406307259755505,Equity,Industrials,equal_weight,True
2022-01-03,Sentiment Tilt Equal Weight,DD,0.015113090394376381,Equity,Materials,equal_weight,True
2022-01-03,Sentiment Tilt Equal Weight,DOW,0.015113090394376381,Equity,Materials,equal_weight,True
2022-01-03,Sentiment Tilt Equal Weight,NEM,0.015113090394376381,Equity,Materials,equal_weight,True
2022-01-03,Sentiment Tilt Equal Weight,NUE,0.015113090394376381,Equity,Materials,equal_weight,True
2022-01-03,Sentiment Tilt Equal Weight,SHW,0.015113090394376381,Equity,Materials,equal_weight,True
2022-01-03,Sentiment Tilt Equal Weight,AMT,0.017312711574898457,Equity,RealEstate,equal_weight,True
2022-01-03,Sentiment Tilt Equal Weight,CCI,0.017312711574898457,Equity,RealEstate,equal_weight,True
2022-01-03,Sentiment Tilt Equal Weight,O,0.017312711574898457,Equity,RealEstate,equal_weight,True
2022-01-03,Sentiment Tilt Equal Weight,PLD,0.017312711574898457,Equity,RealEstate,equal_weight,True
2022-01-03,Sentiment Tilt Equal Weight,PSA,0.017312711574898457,Equity,RealEstate,equal_weight,True
2022-01-03,Sentiment Tilt Equal Weight,ADBE,0.030329616053084804,Equity,Tech,equal_weight,True
2022-01-03,Sentiment Tilt Equal Weight,AMD,0.030329616053084804,Equity,Tech,equal_weight,True
2022-01-03,Sentiment Tilt Equal Weight,INTC,0.030329616053084804,Equity,Tech,equal_weight,True
2022-01-03,Sentiment Tilt Equal Weight,NVDA,0.030329616053084804,Equity,Tech,equal_weight,True
2022-01-03,Sentiment Tilt Equal Weight,QCOM,0.030329616053084804,Equity,Tech,equal_weight,True
2022-01-03,Sentiment Tilt Equal Weight,AEP,0.01774980275177883,Equity,Utilities,equal_weight,True
2022-01-03,Sentiment Tilt Equal Weight,D,0.01774980275177883,Equity,Utilities,equal_weight,True
2022-01-03,Sentiment Tilt Equal Weight,DUK,0.01774980275177883,Equity,Utilities,equal_weight,True
2022-01-03,Sentiment Tilt Equal Weight,NEE,0.01774980275177883,Equity,Utilities,equal_weight,True
2022-01-03,Sentiment Tilt Equal Weight,SO,0.01774980275177883,Equity,Utilities,equal_weight,True
2022-02-01,Sentiment Tilt Equal Weight,CMCSA,0.01857114217228909,Equity,Comm,equal_weight,True
2022-02-01,Sentiment Tilt Equal Weight,EA,0.01857114217228909,Equity,Comm,equal_weight,True
2022-02-01,Sentiment Tilt Equal Weight,T,0.01857114217228909,Equity,Comm,equal_weight,True
2022-02-01,Sentiment Tilt Equal Weight,TMUS,0.01857114217228909,Equity,Comm,equal_weight,True
2022-02-01,Sentiment Tilt Equal Weight,TTWO,0.01857114217228909,Equity,Comm,equal_weight,True
2022-02-01,Sentiment Tilt Equal Weight,DIS,0.019535110365277438,Equity,Consumer,equal_weight,True
2022-02-01,Sentiment Tilt Equal Weight,KO,0.019535110365277438,Equity,Consumer,equal_weight,True
2022-02-01,Sentiment Tilt Equal Weight,NKE,0.019535110365277438,Equity,Consumer,equal_weight,True
2022-02-01,Sentiment Tilt Equal Weight,SBUX,0.019535110365277438,Equity,Consumer,equal_weight,True
2022-02-01,Sentiment Tilt Equal Weight,WMT,0.019535110365277438,Equity,Consumer,equal_weight,True
2022-02-01,Sentiment Tilt Equal Weight,COP,0.02065500743302966,Equity,Energy,equal_weight,True
2022-02-01,Sentiment Tilt Equal Weight,CVX,0.02065500743302966,Equity,Energy,equal_weight,True
2022-02-01,Sentiment Tilt Equal Weight,OXY,0.02065500743302966,Equity,Energy,equal_weight,True
2022-02-01,Sentiment Tilt Equal Weight,SLB,0.02065500743302966,Equity,Energy,equal_weight,True
2022-02-01,Sentiment Tilt Equal Weight,XOM,0.02065500743302966,Equity,Energy,equal_weight,True
2022-02-01,Sentiment Tilt Equal Weight,GS,0.022064992906916374,Equity,Financials,equal_weight,True
2022-02-01,Sentiment Tilt Equal Weight,MS,0.022064992906916374,Equity,Financials,equal_weight,True
2022-02-01,Sentiment Tilt Equal Weight,USB,0.022064992906916374,Equity,Financials,equal_weight,True
2022-02-01,Sentiment Tilt Equal Weight,V,0.022064992906916374,Equity,Financials,equal_weight,True
2022-02-01,Sentiment Tilt Equal Weight,WFC,0.022064992906916374,Equity,Financials,equal_weight,True
2022-02-01,Sentiment Tilt Equal Weight,ABBV,0.02118009060461852,Equity,Healthcare,equal_weight,True
2022-02-01,Sentiment Tilt Equal Weight,ABT,0.02118009060461852,Equity,Healthcare,equal_weight,True
2022-02-01,Sentiment Tilt Equal Weight,AMGN,0.02118009060461852,Equity,Healthcare,equal_weight,True
2022-02-01,Sentiment Tilt Equal Weight,GILD,0.02118009060461852,Equity,Healthcare,equal_weight,True
2022-02-01,Sentiment Tilt Equal Weight,MRK,0.02118009060461852,Equity,Healthcare,equal_weight,True
2022-02-01,Sentiment Tilt Equal Weight,BA,0.02181109607106931,Equity,Industrials,equal_weight,True
2022-02-01,Sentiment Tilt Equal Weight,CAT,0.02181109607106931,Equity,Industrials,equal_weight,True
2022-02-01,Sentiment Tilt Equal Weight,GE,0.02181109607106931,Equity,Industrials,equal_weight,True
2022-02-01,Sentiment Tilt Equal Weight,MMM,0.02181109607106931,Equity,Industrials,equal_weight,True
2022-02-01,Sentiment Tilt Equal Weight,UPS,0.02181109607106931,Equity,Industrials,equal_weight,True
2022-02-01,Sentiment Tilt Equal Weight,DD,0.010148047877203704,Equity,Materials,equal_weight,True
2022-02-01,Sentiment Tilt Equal Weight,DOW,0.010148047877203704,Equity,Materials,equal_weight,True
2022-02-01,Sentiment Tilt Equal Weight,NEM,0.010148047877203704,Equity,Materials,equal_weight,True
2022-02-01,Sentiment Tilt Equal Weight,NUE,0.010148047877203704,Equity,Materials,equal_weight,True
2022-02-01,Sentiment Tilt Equal Weight,SHW,0.010148047877203704,Equity,Materials,equal_weight,True
2022-02-01,Sentiment Tilt Equal Weight,AMT,0.030444143631611114,Equity,RealEstate,equal_weight,True
2022-02-01,Sentiment Tilt Equal Weight,CCI,0.030444143631611114,Equity,RealEstate,equal_weight,True
2022-02-01,Sentiment Tilt Equal Weight,O,0.030444143631611114,Equity,RealEstate,equal_weight,True
2022-02-01,Sentiment Tilt Equal Weight,PLD,0.030444143631611114,Equity,RealEstate,equal_weight,True
2022-02-01,Sentiment Tilt Equal Weight,PSA,0.030444143631611114,Equity,RealEstate,equal_weight,True
2022-02-01,Sentiment Tilt Equal Weight,ADBE,0.016545971522197202,Equity,Tech,equal_weight,True
2022-02-01,Sentiment Tilt Equal Weight,AMD,0.016545971522197202,Equity,Tech,equal_weight,True
2022-02-01,Sentiment Tilt Equal Weight,INTC,0.016545971522197202,Equity,Tech,equal_weight,True
2022-02-01,Sentiment Tilt Equal Weight,NVDA,0.016545971522197202,Equity,Tech,equal_weight,True
2022-02-01,Sentiment Tilt Equal Weight,QCOM,0.016545971522197202,Equity,Tech,equal_weight,True
2022-02-01,Sentiment Tilt Equal Weight,AEP,0.01904439741578761,Equity,Utilities,equal_weight,True
2022-02-01,Sentiment Tilt Equal Weight,D,0.01904439741578761,Equity,Utilities,equal_weight,True
2022-02-01,Sentiment Tilt Equal Weight,DUK,0.01904439741578761,Equity,Utilities,equal_weight,True
2022-02-01,Sentiment Tilt Equal Weight,NEE,0.01904439741578761,Equity,Utilities,equal_weight,True
2022-02-01,Sentiment Tilt Equal Weight,SO,0.01904439741578761,Equity,Utilities,equal_weight,True
2022-03-01,Sentiment Tilt Equal Weight,CMCSA,0.027903196061006927,Equity,Comm,equal_weight,True
2022-03-01,Sentiment Tilt Equal Weight,EA,0.027903196061006927,Equity,Comm,equal_weight,True
2022-03-01,Sentiment Tilt Equal Weight,T,0.027903196061006927,Equity,Comm,equal_weight,True
2022-03-01,Sentiment Tilt Equal Weight,TMUS,0.027903196061006927,Equity,Comm,equal_weight,True
2022-03-01,Sentiment Tilt Equal Weight,TTWO,0.027903196061006927,Equity,Comm,equal_weight,True
2022-03-01,Sentiment Tilt Equal Weight,DIS,0.026902954786453277,Equity,Consumer,equal_weight,True
2022-03-01,Sentiment Tilt Equal Weight,KO,0.026902954786453277,Equity,Consumer,equal_weight,True
2022-03-01,Sentiment Tilt Equal Weight,NKE,0.026902954786453277,Equity,Consumer,equal_weight,True
2022-03-01,Sentiment Tilt Equal Weight,SBUX,0.026902954786453277,Equity,Consumer,equal_weight,True
2022-03-01,Sentiment Tilt Equal Weight,WMT,0.026902954786453277,Equity,Consumer,equal_weight,True
2022-03-01,Sentiment Tilt Equal Weight,COP,0.020344370672175913,Equity,Energy,equal_weight,True
2022-03-01,Sentiment Tilt Equal Weight,CVX,0.020344370672175913,Equity,Energy,equal_weight,True
2022-03-01,Sentiment Tilt Equal Weight,OXY,0.020344370672175913,Equity,Energy,equal_weight,True
2022-03-01,Sentiment Tilt Equal Weight,SLB,0.020344370672175913,Equity,Energy,equal_weight,True
2022-03-01,Sentiment Tilt Equal Weight,XOM,0.020344370672175913,Equity,Energy,equal_weight,True
2022-03-01,Sentiment Tilt Equal Weight,GS,0.009969054016227314,Equity,Financials,equal_weight,True
2022-03-01,Sentiment Tilt Equal Weight,MS,0.009969054016227314,Equity,Financials,equal_weight,True
2022-03-01,Sentiment Tilt Equal Weight,USB,0.009969054016227314,Equity,Financials,equal_weight,True
2022-03-01,Sentiment Tilt Equal Weight,V,0.009969054016227314,Equity,Financials,equal_weight,True
2022-03-01,Sentiment Tilt Equal Weight,WFC,0.009969054016227314,Equity,Financials,equal_weight,True
2022-03-01,Sentiment Tilt Equal Weight,ABBV,0.017529301142025982,Equity,Healthcare,equal_weight,True
2022-03-01,Sentiment Tilt Equal Weight,ABT,0.017529301142025982,Equity,Healthcare,equal_weight,True
2022-03-01,Sentiment Tilt Equal Weight,AMGN,0.017529301142025982,Equity,Healthcare,equal_weight,True
2022-03-01,Sentiment Tilt Equal Weight,GILD,0.017529301142025982,Equity,Healthcare,equal_weight,True
2022-03-01,Sentiment Tilt Equal Weight,MRK,0.017529301142025982,Equity,Healthcare,equal_weight,True
2022-03-01,Sentiment Tilt Equal Weight,BA,0.024343409829118763,Equity,Industrials,equal_weight,True
2022-03-01,Sentiment Tilt Equal Weight,CAT,0.024343409829118763,Equity,Industrials,equal_weight,True
2022-03-01,Sentiment Tilt Equal Weight,GE,0.024343409829118763,Equity,Industrials,equal_weight,True
2022-03-01,Sentiment Tilt Equal Weight,MMM,0.024343409829118763,Equity,Industrials,equal_weight,True
2022-03-01,Sentiment Tilt Equal Weight,UPS,0.024343409829118763,Equity,Industrials,equal_weight,True
2022-03-01,Sentiment Tilt Equal Weight,DD,0.012515023482946036,Equity,Materials,equal_weight,True
2022-03-01,Sentiment Tilt Equal Weight,DOW,0.012515023482946036,Equity,Materials,equal_weight,True
2022-03-01,Sentiment Tilt Equal Weight,NEM,0.012515023482946036,Equity,Materials,equal_weight,True
2022-03-01,Sentiment Tilt Equal Weight,NUE,0.012515023482946036,Equity,Materials,equal_weight,True
2022-03-01,Sentiment Tilt Equal Weight,SHW,0.012515023482946036,Equity,Materials,equal_weight,True
2022-03-01,Sentiment Tilt Equal Weight,AMT,0.014247460118870119,Equity,RealEstate,equal_weight,True
2022-03-01,Sentiment Tilt Equal Weight,CCI,0.014247460118870119,Equity,RealEstate,equal_weight,True
2022-03-01,Sentiment Tilt Equal Weight,O,0.014247460118870119,Equity,RealEstate,equal_weight,True
2022-03-01,Sentiment Tilt Equal Weight,PLD,0.014247460118870119,Equity,RealEstate,equal_weight,True
2022-03-01,Sentiment Tilt Equal Weight,PSA,0.014247460118870119,Equity,RealEstate,equal_weight,True
2022-03-01,Sentiment Tilt Equal Weight,ADBE,0.02258571557660833,Equity,Tech,equal_weight,True
2022-03-01,Sentiment Tilt Equal Weight,AMD,0.02258571557660833,Equity,Tech,equal_weight,True
2022-03-01,Sentiment Tilt Equal Weight,INTC,0.02258571557660833,Equity,Tech,equal_weight,True
2022-03-01,Sentiment Tilt Equal Weight,NVDA,0.02258571557660833,Equity,Tech,equal_weight,True
2022-03-01,Sentiment Tilt Equal Weight,QCOM,0.02258571557660833,Equity,Tech,equal_weight,True
2022-03-01,Sentiment Tilt Equal Weight,AEP,0.023659514314567313,Equity,Utilities,equal_weight,True
2022-03-01,Sentiment Tilt Equal Weight,D,0.023659514314567313,Equity,Utilities,equal_weight,True
2022-03-01,Sentiment Tilt Equal Weight,DUK,0.023659514314567313,Equity,Utilities,equal_weight,True
2022-03-01,Sentiment Tilt Equal Weight,NEE,0.023659514314567313,Equity,Utilities,equal_weight,True
2022-03-01,Sentiment Tilt Equal Weight,SO,0.023659514314567313,Equity,Utilities,equal_weight,True
2022-04-01,Sentiment Tilt Equal Weight,CMCSA,0.021726334513752592,Equity,Comm,equal_weight,True
2022-04-01,Sentiment Tilt Equal Weight,EA,0.021726334513752592,Equity,Comm,equal_weight,True
2022-04-01,Sentiment Tilt Equal Weight,T,0.021726334513752592,Equity,Comm,equal_weight,True
2022-04-01,Sentiment Tilt Equal Weight,TMUS,0.021726334513752592,Equity,Comm,equal_weight,True
2022-04-01,Sentiment Tilt Equal Weight,TTWO,0.021726334513752592,Equity,Comm,equal_weight,True
2022-04-01,Sentiment Tilt Equal Weight,DIS,0.014285845720204157,Equity,Consumer,equal_weight,True
2022-04-01,Sentiment Tilt Equal Weight,KO,0.014285845720204157,Equity,Consumer,equal_weight,True
2022-04-01,Sentiment Tilt Equal Weight,NKE,0.014285845720204157,Equity,Consumer,equal_weight,True
2022-04-01,Sentiment Tilt Equal Weight,SBUX,0.014285845720204157,Equity,Consumer,equal_weight,True
2022-04-01,Sentiment Tilt Equal Weight,WMT,0.014285845720204157,Equity,Consumer,equal_weight,True
2022-04-01,Sentiment Tilt Equal Weight,COP,0.014352569554626512,Equity,Energy,equal_weight,True
2022-04-01,Sentiment Tilt Equal Weight,CVX,0.014352569554626512,Equity,Energy,equal_weight,True
2022-04-01,Sentiment Tilt Equal Weight,OXY,0.014352569554626512,Equity,Energy,equal_weight,True
2022-04-01,Sentiment Tilt Equal Weight,SLB,0.014352569554626512,Equity,Energy,equal_weight,True
2022-04-01,Sentiment Tilt Equal Weight,XOM,0.014352569554626512,Equity,Energy,equal_weight,True
2022-04-01,Sentiment Tilt Equal Weight,GS,0.013217492173342817,Equity,Financials,equal_weight,True
2022-04-01,Sentiment Tilt Equal Weight,MS,0.013217492173342817,Equity,Financials,equal_weight,True
2022-04-01,Sentiment Tilt Equal Weight,USB,0.013217492173342817,Equity,Financials,equal_weight,True
2022-04-01,Sentiment Tilt Equal Weight,V,0.013217492173342817,Equity,Financials,equal_weight,True
2022-04-01,Sentiment Tilt Equal Weight,WFC,0.013217492173342817,Equity,Financials,equal_weight,True
2022-04-01,Sentiment Tilt Equal Weight,ABBV,0.01861466959208773,Equity,Healthcare,equal_weight,True
2022-04-01,Sentiment Tilt Equal Weight,ABT,0.01861466959208773,Equity,Healthcare,equal_weight,True
2022-04-01,Sentiment Tilt Equal Weight,AMGN,0.01861466959208773,Equity,Healthcare,equal_weight,True
2022-04-01,Sentiment Tilt Equal Weight,GILD,0.01861466959208773,Equity,Healthcare,equal_weight,True
2022-04-01,Sentiment Tilt Equal Weight,MRK,0.01861466959208773,Equity,Healthcare,equal_weight,True
2022-04-01,Sentiment Tilt Equal Weight,BA,0.02588673496989845,Equity,Industrials,equal_weight,True
2022-04-01,Sentiment Tilt Equal Weight,CAT,0.02588673496989845,Equity,Industrials,equal_weight,True
2022-04-01,Sentiment Tilt Equal Weight,GE,0.02588673496989845,Equity,Industrials,equal_weight,True
2022-04-01,Sentiment Tilt Equal Weight,MMM,0.02588673496989845,Equity,Industrials,equal_weight,True
2022-04-01,Sentiment Tilt Equal Weight,UPS,0.02588673496989845,Equity,Industrials,equal_weight,True
2022-04-01,Sentiment Tilt Equal Weight,DD,0.030342364835254147,Equity,Materials,equal_weight,True
2022-04-01,Sentiment Tilt Equal Weight,DOW,0.030342364835254147,Equity,Materials,equal_weight,True
2022-04-01,Sentiment Tilt Equal Weight,NEM,0.030342364835254147,Equity,Materials,equal_weight,True
2022-04-01,Sentiment Tilt Equal Weight,NUE,0.030342364835254147,Equity,Materials,equal_weight,True
2022-04-01,Sentiment Tilt Equal Weight,SHW,0.030342364835254147,Equity,Materials,equal_weight,True
2022-04-01,Sentiment Tilt Equal Weight,AMT,0.015194788406550157,Equity,RealEstate,equal_weight,True
2022-04-01,Sentiment Tilt Equal Weight,CCI,0.015194788406550157,Equity,RealEstate,equal_weight,True
2022-04-01,Sentiment Tilt Equal Weight,O,0.015194788406550157,Equity,RealEstate,equal_weight,True
2022-04-01,Sentiment Tilt Equal Weight,PLD,0.015194788406550157,Equity,RealEstate,equal_weight,True
2022-04-01,Sentiment Tilt Equal Weight,PSA,0.015194788406550157,Equity,RealEstate,equal_weight,True
2022-04-01,Sentiment Tilt Equal Weight,ADBE,0.020373443881661974,Equity,Tech,equal_weight,True
2022-04-01,Sentiment Tilt Equal Weight,AMD,0.020373443881661974,Equity,Tech,equal_weight,True
2022-04-01,Sentiment Tilt Equal Weight,INTC,0.020373443881661974,Equity,Tech,equal_weight,True
2022-04-01,Sentiment Tilt Equal Weight,NVDA,0.020373443881661974,Equity,Tech,equal_weight,True
2022-04-01,Sentiment Tilt Equal Weight,QCOM,0.020373443881661974,Equity,Tech,equal_weight,True
2022-04-01,Sentiment Tilt Equal Weight,AEP,0.02600575635262148,Equity,Utilities,equal_weight,True
2022-04-01,Sentiment Tilt Equal Weight,D,0.02600575635262148,Equity,Utilities,equal_weight,True
2022-04-01,Sentiment Tilt Equal Weight,DUK,0.02600575635262148,Equity,Utilities,equal_weight,True
2022-04-01,Sentiment Tilt Equal Weight,NEE,0.02600575635262148,Equity,Utilities,equal_weight,True
2022-04-01,Sentiment Tilt Equal Weight,SO,0.02600575635262148,Equity,Utilities,equal_weight,True
2022-05-02,Sentiment Tilt Equal Weight,CMCSA,0.02160380074787282,Equity,Comm,equal_weight,True
2022-05-02,Sentiment Tilt Equal Weight,EA,0.02160380074787282,Equity,Comm,equal_weight,True
2022-05-02,Sentiment Tilt Equal Weight,T,0.02160380074787282,Equity,Comm,equal_weight,True
2022-05-02,Sentiment Tilt Equal Weight,TMUS,0.02160380074787282,Equity,Comm,equal_weight,True
2022-05-02,Sentiment Tilt Equal Weight,TTWO,0.02160380074787282,Equity,Comm,equal_weight,True
2022-05-02,Sentiment Tilt Equal Weight,DIS,0.01802259086295302,Equity,Consumer,equal_weight,True
2022-05-02,Sentiment Tilt Equal Weight,KO,0.01802259086295302,Equity,Consumer,equal_weight,True
2022-05-02,Sentiment Tilt Equal Weight,NKE,0.01802259086295302,Equity,Consumer,equal_weight,True
2022-05-02,Sentiment Tilt Equal Weight,SBUX,0.01802259086295302,Equity,Consumer,equal_weight,True
2022-05-02,Sentiment Tilt Equal Weight,WMT,0.01802259086295302,Equity,Consumer,equal_weight,True
2022-05-02,Sentiment Tilt Equal Weight,COP,0.010646786180779761,Equity,Energy,equal_weight,True
2022-05-02,Sentiment Tilt Equal Weight,CVX,0.010646786180779761,Equity,Energy,equal_weight,True
2022-05-02,Sentiment Tilt Equal Weight,OXY,0.010646786180779761,Equity,Energy,equal_weight,True
2022-05-02,Sentiment Tilt Equal Weight,SLB,0.010646786180779761,Equity,Energy,equal_weight,True
2022-05-02,Sentiment Tilt Equal Weight,XOM,0.010646786180779761,Equity,Energy,equal_weight,True
2022-05-02,Sentiment Tilt Equal Weight,GS,0.023029783596511734,Equity,Financials,equal_weight,True
2022-05-02,Sentiment Tilt Equal Weight,MS,0.023029783596511734,Equity,Financials,equal_weight,True
2022-05-02,Sentiment Tilt Equal Weight,USB,0.023029783596511734,Equity,Financials,equal_weight,True
2022-05-02,Sentiment Tilt Equal Weight,V,0.023029783596511734,Equity,Financials,equal_weight,True
2022-05-02,Sentiment Tilt Equal Weight,WFC,0.023029783596511734,Equity,Financials,equal_weight,True
2022-05-02,Sentiment Tilt Equal Weight,ABBV,0.021280115766194853,Equity,Healthcare,equal_weight,True
2022-05-02,Sentiment Tilt Equal Weight,ABT,0.021280115766194853,Equity,Healthcare,equal_weight,True
2022-05-02,Sentiment Tilt Equal Weight,AMGN,0.021280115766194853,Equity,Healthcare,equal_weight,True
2022-05-02,Sentiment Tilt Equal Weight,GILD,0.021280115766194853,Equity,Healthcare,equal_weight,True
2022-05-02,Sentiment Tilt Equal Weight,MRK,0.021280115766194853,Equity,Healthcare,equal_weight,True
2022-05-02,Sentiment Tilt Equal Weight,BA,0.0299445704898727,Equity,Industrials,equal_weight,True
2022-05-02,Sentiment Tilt Equal Weight,CAT,0.0299445704898727,Equity,Industrials,equal_weight,True
2022-05-02,Sentiment Tilt Equal Weight,GE,0.0299445704898727,Equity,Industrials,equal_weight,True
2022-05-02,Sentiment Tilt Equal Weight,MMM,0.0299445704898727,Equity,Industrials,equal_weight,True
2022-05-02,Sentiment Tilt Equal Weight,UPS,0.0299445704898727,Equity,Industrials,equal_weight,True
2022-05-02,Sentiment Tilt Equal Weight,DD,0.013249034139554144,Equity,Materials,equal_weight,True
2022-05-02,Sentiment Tilt Equal Weight,DOW,0.013249034139554144,Equity,Materials,equal_weight,True
2022-05-02,Sentiment Tilt Equal Weight,NEM,0.013249034139554144,Equity,Materials,equal_weight,True
2022-05-02,Sentiment Tilt Equal Weight,NUE,0.013249034139554144,Equity,Materials,equal_weight,True
2022-05-02,Sentiment Tilt Equal Weight,SHW,0.013249034139554144,Equity,Materials,equal_weight,True
2022-05-02,Sentiment Tilt Equal Weight,AMT,0.025282062987102866,Equity,RealEstate,equal_weight,True
2022-05-02,Sentiment Tilt Equal Weight,CCI,0.025282062987102866,Equity,RealEstate,equal_weight,True
2022-05-02,Sentiment Tilt Equal Weight,O,0.025282062987102866,Equity,RealEstate,equal_weight,True
2022-05-02,Sentiment Tilt Equal Weight,PLD,0.025282062987102866,Equity,RealEstate,equal_weight,True
2022-05-02,Sentiment Tilt Equal Weight,PSA,0.025282062987102866,Equity,RealEstate,equal_weight,True
2022-05-02,Sentiment Tilt Equal Weight,ADBE,0.012218883416437617,Equity,Tech,equal_weight,True
2022-05-02,Sentiment Tilt Equal Weight,AMD,0.012218883416437617,Equity,Tech,equal_weight,True
2022-05-02,Sentiment Tilt Equal Weight,INTC,0.012218883416437617,Equity,Tech,equal_weight,True
2022-05-02,Sentiment Tilt Equal Weight,NVDA,0.012218883416437617,Equity,Tech,equal_weight,True
2022-05-02,Sentiment Tilt Equal Weight,QCOM,0.012218883416437617,Equity,Tech,equal_weight,True
2022-05-02,Sentiment Tilt Equal Weight,AEP,0.024722371812720485,Equity,Utilities,equal_weight,True
2022-05-02,Sentiment Tilt Equal Weight,D,0.024722371812720485,Equity,Utilities,equal_weight,True
2022-05-02,Sentiment Tilt Equal Weight,DUK,0.024722371812720485,Equity,Utilities,equal_weight,True
2022-05-02,Sentiment Tilt Equal Weight,NEE,0.024722371812720485,Equity,Utilities,equal_weight,True
2022-05-02,Sentiment Tilt Equal Weight,SO,0.024722371812720485,Equity,Utilities,equal_weight,True
2022-06-01,Sentiment Tilt Equal Weight,CMCSA,0.015754956390136087,Equity,Comm,equal_weight,True
2022-06-01,Sentiment Tilt Equal Weight,EA,0.015754956390136087,Equity,Comm,equal_weight,True
2022-06-01,Sentiment Tilt Equal Weight,T,0.015754956390136087,Equity,Comm,equal_weight,True
2022-06-01,Sentiment Tilt Equal Weight,TMUS,0.015754956390136087,Equity,Comm,equal_weight,True
2022-06-01,Sentiment Tilt Equal Weight,TTWO,0.015754956390136087,Equity,Comm,equal_weight,True
2022-06-01,Sentiment Tilt Equal Weight,DIS,0.01576433766214275,Equity,Consumer,equal_weight,True
2022-06-01,Sentiment Tilt Equal Weight,KO,0.01576433766214275,Equity,Consumer,equal_weight,True
2022-06-01,Sentiment Tilt Equal Weight,NKE,0.01576433766214275,Equity,Consumer,equal_weight,True
2022-06-01,Sentiment Tilt Equal Weight,SBUX,0.01576433766214275,Equity,Consumer,equal_weight,True
2022-06-01,Sentiment Tilt Equal Weight,WMT,0.01576433766214275,Equity,Consumer,equal_weight,True
2022-06-01,Sentiment Tilt Equal Weight,COP,0.021973211240772048,Equity,Energy,equal_weight,True
2022-06-01,Sentiment Tilt Equal Weight,CVX,0.021973211240772048,Equity,Energy,equal_weight,True
2022-06-01,Sentiment Tilt Equal Weight,OXY,0.021973211240772048,Equity,Energy,equal_weight,True
2022-06-01,Sentiment Tilt Equal Weight,SLB,0.021973211240772048,Equity,Energy,equal_weight,True
2022-06-01,Sentiment Tilt Equal Weight,XOM,0.021973211240772048,Equity,Energy,equal_weight,True
2022-06-01,Sentiment Tilt Equal Weight,GS,0.01127893705243336,Equity,Financials,equal_weight,True
2022-06-01,Sentiment Tilt Equal Weight,MS,0.01127893705243336,Equity,Financials,equal_weight,True
2022-06-01,Sentiment Tilt Equal Weight,USB,0.01127893705243336,Equity,Financials,equal_weight,True
2022-06-01,Sentiment Tilt Equal Weight,V,0.01127893705243336,Equity,Financials,equal_weight,True
2022-06-01,Sentiment Tilt Equal Weight,WFC,0.01127893705243336,Equity,Financials,equal_weight,True
2022-06-01,Sentiment Tilt Equal Weight,ABBV,0.029695814721617867,Equity,Healthcare,equal_weight,True
2022-06-01,Sentiment Tilt Equal Weight,ABT,0.029695814721617867,Equity,Healthcare,equal_weight,True
2022-06-01,Sentiment Tilt Equal Weight,AMGN,0.029695814721617867,Equity,Healthcare,equal_weight,True
2022-06-01,Sentiment Tilt Equal Weight,GILD,0.029695814721617867,Equity,Healthcare,equal_weight,True
2022-06-01,Sentiment Tilt Equal Weight,MRK,0.029695814721617867,Equity,Healthcare,equal_weight,True
2022-06-01,Sentiment Tilt Equal Weight,BA,0.02871504556629726,Equity,Industrials,equal_weight,True
2022-06-01,Sentiment Tilt Equal Weight,CAT,0.02871504556629726,Equity,Industrials,equal_weight,True
2022-06-01,Sentiment Tilt Equal Weight,GE,0.02871504556629726,Equity,Industrials,equal_weight,True
2022-06-01,Sentiment Tilt Equal Weight,MMM,0.02871504556629726,Equity,Industrials,equal_weight,True
2022-06-01,Sentiment Tilt Equal Weight,UPS,0.02871504556629726,Equity,Industrials,equal_weight,True
2022-06-01,Sentiment Tilt Equal Weight,DD,0.014942818281687252,Equity,Materials,equal_weight,True
2022-06-01,Sentiment Tilt Equal Weight,DOW,0.014942818281687252,Equity,Materials,equal_weight,True
2022-06-01,Sentiment Tilt Equal Weight,NEM,0.014942818281687252,Equity,Materials,equal_weight,True
2022-06-01,Sentiment Tilt Equal Weight,NUE,0.014942818281687252,Equity,Materials,equal_weight,True
2022-06-01,Sentiment Tilt Equal Weight,SHW,0.014942818281687252,Equity,Materials,equal_weight,True
2022-06-01,Sentiment Tilt Equal Weight,AMT,0.01569023109392693,Equity,RealEstate,equal_weight,True
2022-06-01,Sentiment Tilt Equal Weight,CCI,0.01569023109392693,Equity,RealEstate,equal_weight,True
2022-06-01,Sentiment Tilt Equal Weight,O,0.01569023109392693,Equity,RealEstate,equal_weight,True
2022-06-01,Sentiment Tilt Equal Weight,PLD,0.01569023109392693,Equity,RealEstate,equal_weight,True
2022-06-01,Sentiment Tilt Equal Weight,PSA,0.01569023109392693,Equity,RealEstate,equal_weight,True
2022-06-01,Sentiment Tilt Equal Weight,ADBE,0.025421840586258952,Equity,Tech,equal_weight,True
2022-06-01,Sentiment Tilt Equal Weight,AMD,0.025421840586258952,Equity,Tech,equal_weight,True
2022-06-01,Sentiment Tilt Equal Weight,INTC,0.025421840586258952,Equity,Tech,equal_weight,True
2022-06-01,Sentiment Tilt Equal Weight,NVDA,0.025421840586258952,Equity,Tech,equal_weight,True
2022-06-01,Sentiment Tilt Equal Weight,QCOM,0.025421840586258952,Equity,Tech,equal_weight,True
2022-06-01,Sentiment Tilt Equal Weight,AEP,0.020762807404727492,Equity,Utilities,equal_weight,True
2022-06-01,Sentiment Tilt Equal Weight,D,0.020762807404727492,Equity,Utilities,equal_weight,True
2022-06-01,Sentiment Tilt Equal Weight,DUK,0.020762807404727492,Equity,Utilities,equal_weight,True
2022-06-01,Sentiment Tilt Equal Weight,NEE,0.020762807404727492,Equity,Utilities,equal_weight,True
2022-06-01,Sentiment Tilt Equal Weight,SO,0.020762807404727492,Equity,Utilities,equal_weight,True
2022-07-01,Sentiment Tilt Equal Weight,CMCSA,0.02619196611370574,Equity,Comm,equal_weight,True
2022-07-01,Sentiment Tilt Equal Weight,EA,0.02619196611370574,Equity,Comm,equal_weight,True
2022-07-01,Sentiment Tilt Equal Weight,T,0.02619196611370574,Equity,Comm,equal_weight,True
2022-07-01,Sentiment Tilt Equal Weight,TMUS,0.02619196611370574,Equity,Comm,equal_weight,True
2022-07-01,Sentiment Tilt Equal Weight,TTWO,0.02619196611370574,Equity,Comm,equal_weight,True
2022-07-01,Sentiment Tilt Equal Weight,DIS,0.025233803462899926,Equity,Consumer,equal_weight,True
2022-07-01,Sentiment Tilt Equal Weight,KO,0.025233803462899926,Equity,Consumer,equal_weight,True
2022-07-01,Sentiment Tilt Equal Weight,NKE,0.025233803462899926,Equity,Consumer,equal_weight,True
2022-07-01,Sentiment Tilt Equal Weight,SBUX,0.025233803462899926,Equity,Consumer,equal_weight,True
2022-07-01,Sentiment Tilt Equal Weight,WMT,0.025233803462899926,Equity,Consumer,equal_weight,True
2022-07-01,Sentiment Tilt Equal Weight,COP,0.010003139895956158,Equity,Energy,equal_weight,True
2022-07-01,Sentiment Tilt Equal Weight,CVX,0.010003139895956158,Equity,Energy,equal_weight,True
2022-07-01,Sentiment Tilt Equal Weight,OXY,0.010003139895956158,Equity,Energy,equal_weight,True
2022-07-01,Sentiment Tilt Equal Weight,SLB,0.010003139895956158,Equity,Energy,equal_weight,True
2022-07-01,Sentiment Tilt Equal Weight,XOM,0.010003139895956158,Equity,Energy,equal_weight,True
2022-07-01,Sentiment Tilt Equal Weight,GS,0.021727332776293976,Equity,Financials,equal_weight,True
2022-07-01,Sentiment Tilt Equal Weight,MS,0.021727332776293976,Equity,Financials,equal_weight,True
2022-07-01,Sentiment Tilt Equal Weight,USB,0.021727332776293976,Equity,Financials,equal_weight,True
2022-07-01,Sentiment Tilt Equal Weight,V,0.021727332776293976,Equity,Financials,equal_weight,True
2022-07-01,Sentiment Tilt Equal Weight,WFC,0.021727332776293976,Equity,Financials,equal_weight,True
2022-07-01,Sentiment Tilt Equal Weight,ABBV,0.01412091351954548,Equity,Healthcare,equal_weight,True
2022-07-01,Sentiment Tilt Equal Weight,ABT,0.01412091351954548,Equity,Healthcare,equal_weight,True
2022-07-01,Sentiment Tilt Equal Weight,AMGN,0.01412091351954548,Equity,Healthcare,equal_weight,True
2022-07-01,Sentiment Tilt Equal Weight,GILD,0.01412091351954548,Equity,Healthcare,equal_weight,True
2022-07-01,Sentiment Tilt Equal Weight,MRK,0.01412091351954548,Equity,Healthcare,equal_weight,True
2022-07-01,Sentiment Tilt Equal Weight,BA,0.03000941968786847,Equity,Industrials,equal_weight,True
2022-07-01,Sentiment Tilt Equal Weight,CAT,0.03000941968786847,Equity,Industrials,equal_weight,True
2022-07-01,Sentiment Tilt Equal Weight,GE,0.03000941968786847,Equity,Industrials,equal_weight,True
2022-07-01,Sentiment Tilt Equal Weight,MMM,0.03000941968786847,Equity,Industrials,equal_weight,True
2022-07-01,Sentiment Tilt Equal Weight,UPS,0.03000941968786847,Equity,Industrials,equal_weight,True
2022-07-01,Sentiment Tilt Equal Weight,DD,0.016872163730555754,Equity,Materials,equal_weight,True
2022-07-01,Sentiment Tilt Equal Weight,DOW,0.016872163730555754,Equity,Materials,equal_weight,True
2022-07-01,Sentiment Tilt Equal Weight,NEM,0.016872163730555754,Equity,Materials,equal_weight,True
2022-07-01,Sentiment Tilt Equal Weight,NUE,0.016872163730555754,Equity,Materials,equal_weight,True
2022-07-01,Sentiment Tilt Equal Weight,SHW,0.016872163730555754,Equity,Materials,equal_weight,True
2022-07-01,Sentiment Tilt Equal Weight,AMT,0.015587296282477183,Equity,RealEstate,equal_weight,True
2022-07-01,Sentiment Tilt Equal Weight,CCI,0.015587296282477183,Equity,RealEstate,equal_weight,True
2022-07-01,Sentiment Tilt Equal Weight,O,0.015587296282477183,Equity,RealEstate,equal_weight,True
2022-07-01,Sentiment Tilt Equal Weight,PLD,0.015587296282477183,Equity,RealEstate,equal_weight,True
2022-07-01,Sentiment Tilt Equal Weight,PSA,0.015587296282477183,Equity,RealEstate,equal_weight,True
2022-07-01,Sentiment Tilt Equal Weight,ADBE,0.019508905390874173,Equity,Tech,equal_weight,True
2022-07-01,Sentiment Tilt Equal Weight,AMD,0.019508905390874173,Equity,Tech,equal_weight,True
2022-07-01,Sentiment Tilt Equal Weight,INTC,0.019508905390874173,Equity,Tech,equal_weight,True
2022-07-01,Sentiment Tilt Equal Weight,NVDA,0.019508905390874173,Equity,Tech,equal_weight,True
2022-07-01,Sentiment Tilt Equal Weight,QCOM,0.019508905390874173,Equity,Tech,equal_weight,True
2022-07-01,Sentiment Tilt Equal Weight,AEP,0.020745059139823153,Equity,Utilities,equal_weight,True
2022-07-01,Sentiment Tilt Equal Weight,D,0.020745059139823153,Equity,Utilities,equal_weight,True
2022-07-01,Sentiment Tilt Equal Weight,DUK,0.020745059139823153,Equity,Utilities,equal_weight,True
2022-07-01,Sentiment Tilt Equal Weight,NEE,0.020745059139823153,Equity,Utilities,equal_weight,True
2022-07-01,Sentiment Tilt Equal Weight,SO,0.020745059139823153,Equity,Utilities,equal_weight,True
2022-08-01,Sentiment Tilt Equal Weight,CMCSA,0.017566825551618,Equity,Comm,equal_weight,True
2022-08-01,Sentiment Tilt Equal Weight,EA,0.017566825551618,Equity,Comm,equal_weight,True
2022-08-01,Sentiment Tilt Equal Weight,T,0.017566825551618,Equity,Comm,equal_weight,True
2022-08-01,Sentiment Tilt Equal Weight,TMUS,0.017566825551618,Equity,Comm,equal_weight,True
2022-08-01,Sentiment Tilt Equal Weight,TTWO,0.017566825551618,Equity,Comm,equal_weight,True
2022-08-01,Sentiment Tilt Equal Weight,DIS,0.018381503300341186,Equity,Consumer,equal_weight,True
2022-08-01,Sentiment Tilt Equal Weight,KO,0.018381503300341186,Equity,Consumer,equal_weight,True
2022-08-01,Sentiment Tilt Equal Weight,NKE,0.018381503300341186,Equity,Consumer,equal_weight,True
2022-08-01,Sentiment Tilt Equal Weight,SBUX,0.018381503300341186,Equity,Consumer,equal_weight,True
2022-08-01,Sentiment Tilt Equal Weight,WMT,0.018381503300341186,Equity,Consumer,equal_weight,True
2022-08-01,Sentiment Tilt Equal Weight,COP,0.027879125001283783,Equity,Energy,equal_weight,True
2022-08-01,Sentiment Tilt Equal Weight,CVX,0.027879125001283783,Equity,Energy,equal_weight,True
2022-08-01,Sentiment Tilt Equal Weight,OXY,0.027879125001283783,Equity,Energy,equal_weight,True
2022-08-01,Sentiment Tilt Equal Weight,SLB,0.027879125001283783,Equity,Energy,equal_weight,True
2022-08-01,Sentiment Tilt Equal Weight,XOM,0.027879125001283783,Equity,Energy,equal_weight,True
2022-08-01,Sentiment Tilt Equal Weight,GS,0.013062826910664276,Equity,Financials,equal_weight,True
2022-08-01,Sentiment Tilt Equal Weight,MS,0.013062826910664276,Equity,Financials,equal_weight,True
2022-08-01,Sentiment Tilt Equal Weight,USB,0.013062826910664276,Equity,Financials,equal_weight,True
2022-08-01,Sentiment Tilt Equal Weight,V,0.013062826910664276,Equity,Financials,equal_weight,True
2022-08-01,Sentiment Tilt Equal Weight,WFC,0.013062826910664276,Equity,Financials,equal_weight,True
2022-08-01,Sentiment Tilt Equal Weight,ABBV,0.015715313585226747,Equity,Healthcare,equal_weight,True
2022-08-01,Sentiment Tilt Equal Weight,ABT,0.015715313585226747,Equity,Healthcare,equal_weight,True
2022-08-01,Sentiment Tilt Equal Weight,AMGN,0.015715313585226747,Equity,Healthcare,equal_weight,True
2022-08-01,Sentiment Tilt Equal Weight,GILD,0.015715313585226747,Equity,Healthcare,equal_weight,True
2022-08-01,Sentiment Tilt Equal Weight,MRK,0.015715313585226747,Equity,Healthcare,equal_weight,True
2022-08-01,Sentiment Tilt Equal Weight,BA,0.01741737234524193,Equity,Industrials,equal_weight,True
2022-08-01,Sentiment Tilt Equal Weight,CAT,0.01741737234524193,Equity,Industrials,equal_weight,True
2022-08-01,Sentiment Tilt Equal Weight,GE,0.01741737234524193,Equity,Industrials,equal_weight,True
2022-08-01,Sentiment Tilt Equal Weight,MMM,0.01741737234524193,Equity,Industrials,equal_weight,True
2022-08-01,Sentiment Tilt Equal Weight,UPS,0.01741737234524193,Equity,Industrials,equal_weight,True
2022-08-01,Sentiment Tilt Equal Weight,DD,0.01096656202318075,Equity,Materials,equal_weight,True
2022-08-01,Sentiment Tilt Equal Weight,DOW,0.01096656202318075,Equity,Materials,equal_weight,True
2022-08-01,Sentiment Tilt Equal Weight,NEM,0.01096656202318075,Equity,Materials,equal_weight,True
2022-08-01,Sentiment Tilt Equal Weight,NUE,0.01096656202318075,Equity,Materials,equal_weight,True
2022-08-01,Sentiment Tilt Equal Weight,SHW,0.01096656202318075,Equity,Materials,equal_weight,True
2022-08-01,Sentiment Tilt Equal Weight,AMT,0.028017475541674056,Equity,RealEstate,equal_weight,True
2022-08-01,Sentiment Tilt Equal Weight,CCI,0.028017475541674056,Equity,RealEstate,equal_weight,True
2022-08-01,Sentiment Tilt Equal Weight,O,0.028017475541674056,Equity,RealEstate,equal_weight,True
2022-08-01,Sentiment Tilt Equal Weight,PLD,0.028017475541674056,Equity,RealEstate,equal_weight,True
2022-08-01,Sentiment Tilt Equal Weight,PSA,0.028017475541674056,Equity,RealEstate,equal_weight,True
2022-08-01,Sentiment Tilt Equal Weight,ADBE,0.02326930764692546,Equity,Tech,equal_weight,True
2022-08-01,Sentiment Tilt Equal Weight,AMD,0.02326930764692546,Equity,Tech,equal_weight,True
2022-08-01,Sentiment Tilt Equal Weight,INTC,0.02326930764692546,Equity,Tech,equal_weight,True
2022-08-01,Sentiment Tilt Equal Weight,NVDA,0.02326930764692546,Equity,Tech,equal_weight,True
2022-08-01,Sentiment Tilt Equal Weight,QCOM,0.02326930764692546,Equity,Tech,equal_weight,True
2022-08-01,Sentiment Tilt Equal Weight,AEP,0.027723688093843814,Equity,Utilities,equal_weight,True
2022-08-01,Sentiment Tilt Equal Weight,D,0.027723688093843814,Equity,Utilities,equal_weight,True
2022-08-01,Sentiment Tilt Equal Weight,DUK,0.027723688093843814,Equity,Utilities,equal_weight,True
2022-08-01,Sentiment Tilt Equal Weight,NEE,0.027723688093843814,Equity,Utilities,equal_weight,True
2022-08-01,Sentiment Tilt Equal Weight,SO,0.027723688093843814,Equity,Utilities,equal_weight,True
2022-09-01,Sentiment Tilt Equal Weight,CMCSA,0.024111893919664368,Equity,Comm,equal_weight,True
2022-09-01,Sentiment Tilt Equal Weight,EA,0.024111893919664368,Equity,Comm,equal_weight,True
2022-09-01,Sentiment Tilt Equal Weight,T,0.024111893919664368,Equity,Comm,equal_weight,True
2022-09-01,Sentiment Tilt Equal Weight,TMUS,0.024111893919664368,Equity,Comm,equal_weight,True
2022-09-01,Sentiment Tilt Equal Weight,TTWO,0.024111893919664368,Equity,Comm,equal_weight,True
2022-09-01,Sentiment Tilt Equal Weight,DIS,0.016827121976815795,Equity,Consumer,equal_weight,True
2022-09-01,Sentiment Tilt Equal Weight,KO,0.016827121976815795,Equity,Consumer,equal_weight,True
2022-09-01,Sentiment Tilt Equal Weight,NKE,0.016827121976815795,Equity,Consumer,equal_weight,True
2022-09-01,Sentiment Tilt Equal Weight,SBUX,0.016827121976815795,Equity,Consumer,equal_weight,True
2022-09-01,Sentiment Tilt Equal Weight,WMT,0.016827121976815795,Equity,Consumer,equal_weight,True
2022-09-01,Sentiment Tilt Equal Weight,COP,0.02464596498041962,Equity,Energy,equal_weight,True
2022-09-01,Sentiment Tilt Equal Weight,CVX,0.02464596498041962,Equity,Energy,equal_weight,True
2022-09-01,Sentiment Tilt Equal Weight,OXY,0.02464596498041962,Equity,Energy,equal_weight,True
2022-09-01,Sentiment Tilt Equal Weight,SLB,0.02464596498041962,Equity,Energy,equal_weight,True
2022-09-01,Sentiment Tilt Equal Weight,XOM,0.02464596498041962,Equity,Energy,equal_weight,True
2022-09-01,Sentiment Tilt Equal Weight,GS,0.01822644248276084,Equity,Financials,equal_weight,True
2022-09-01,Sentiment Tilt Equal Weight,MS,0.01822644248276084,Equity,Financials,equal_weight,True
2022-09-01,Sentiment Tilt Equal Weight,USB,0.01822644248276084,Equity,Financials,equal_weight,True
2022-09-01,Sentiment Tilt Equal Weight,V,0.01822644248276084,Equity,Financials,equal_weight,True
2022-09-01,Sentiment Tilt Equal Weight,WFC,0.01822644248276084,Equity,Financials,equal_weight,True
2022-09-01,Sentiment Tilt Equal Weight,ABBV,0.009795231237121785,Equity,Healthcare,equal_weight,True
2022-09-01,Sentiment Tilt Equal Weight,ABT,0.009795231237121785,Equity,Healthcare,equal_weight,True
2022-09-01,Sentiment Tilt Equal Weight,AMGN,0.009795231237121785,Equity,Healthcare,equal_weight,True
2022-09-01,Sentiment Tilt Equal Weight,GILD,0.009795231237121785,Equity,Healthcare,equal_weight,True
2022-09-01,Sentiment Tilt Equal Weight,MRK,0.009795231237121785,Equity,Healthcare,equal_weight,True
2022-09-01,Sentiment Tilt Equal Weight,BA,0.021679876845692312,Equity,Industrials,equal_weight,True
2022-09-01,Sentiment Tilt Equal Weight,CAT,0.021679876845692312,Equity,Industrials,equal_weight,True
2022-09-01,Sentiment Tilt Equal Weight,GE,0.021679876845692312,Equity,Industrials,equal_weight,True
2022-09-01,Sentiment Tilt Equal Weight,MMM,0.021679876845692312,Equity,Industrials,equal_weight,True
2022-09-01,Sentiment Tilt Equal Weight,UPS,0.021679876845692312,Equity,Industrials,equal_weight,True
2022-09-01,Sentiment Tilt Equal Weight,DD,0.01638005703729313,Equity,Materials,equal_weight,True
2022-09-01,Sentiment Tilt Equal Weight,DOW,0.01638005703729313,Equity,Materials,equal_weight,True
2022-09-01,Sentiment Tilt Equal Weight,NEM,0.01638005703729313,Equity,Materials,equal_weight,True
2022-09-01,Sentiment Tilt Equal Weight,NUE,0.01638005703729313,Equity,Materials,equal_weight,True
2022-09-01,Sentiment Tilt Equal Weight,SHW,0.01638005703729313,Equity,Materials,equal_weight,True
2022-09-01,Sentiment Tilt Equal Weight,AMT,0.028426726811614116,Equity,RealEstate,equal_weight,True
2022-09-01,Sentiment Tilt Equal Weight,CCI,0.028426726811614116,Equity,RealEstate,equal_weight,True
2022-09-01,Sentiment Tilt Equal Weight,O,0.028426726811614116,Equity,RealEstate,equal_weight,True
2022-09-01,Sentiment Tilt Equal Weight,PLD,0.028426726811614116,Equity,RealEstate,equal_weight,True
2022-09-01,Sentiment Tilt Equal Weight,PSA,0.028426726811614116,Equity,RealEstate,equal_weight,True
2022-09-01,Sentiment Tilt Equal Weight,ADBE,0.018548829363668265,Equity,Tech,equal_weight,True
2022-09-01,Sentiment Tilt Equal Weight,AMD,0.018548829363668265,Equity,Tech,equal_weight,True
2022-09-01,Sentiment Tilt Equal Weight,INTC,0.018548829363668265,Equity,Tech,equal_weight,True
2022-09-01,Sentiment Tilt Equal Weight,NVDA,0.018548829363668265,Equity,Tech,equal_weight,True
2022-09-01,Sentiment Tilt Equal Weight,QCOM,0.018548829363668265,Equity,Tech,equal_weight,True
2022-09-01,Sentiment Tilt Equal Weight,AEP,0.021357855344949776,Equity,Utilities,equal_weight,True
2022-09-01,Sentiment Tilt Equal Weight,D,0.021357855344949776,Equity,Utilities,equal_weight,True
2022-09-01,Sentiment Tilt Equal Weight,DUK,0.021357855344949776,Equity,Utilities,equal_weight,True
2022-09-01,Sentiment Tilt Equal Weight,NEE,0.021357855344949776,Equity,Utilities,equal_weight,True
2022-09-01,Sentiment Tilt Equal Weight,SO,0.021357855344949776,Equity,Utilities,equal_weight,True
2022-10-03,Sentiment Tilt Equal Weight,CMCSA,0.016362452481730308,Equity,Comm,equal_weight,True
2022-10-03,Sentiment Tilt Equal Weight,EA,0.016362452481730308,Equity,Comm,equal_weight,True
2022-10-03,Sentiment Tilt Equal Weight,T,0.016362452481730308,Equity,Comm,equal_weight,True
2022-10-03,Sentiment Tilt Equal Weight,TMUS,0.016362452481730308,Equity,Comm,equal_weight,True
2022-10-03,Sentiment Tilt Equal Weight,TTWO,0.016362452481730308,Equity,Comm,equal_weight,True
2022-10-03,Sentiment Tilt Equal Weight,DIS,0.02648091460654909,Equity,Consumer,equal_weight,True
2022-10-03,Sentiment Tilt Equal Weight,KO,0.02648091460654909,Equity,Consumer,equal_weight,True
2022-10-03,Sentiment Tilt Equal Weight,NKE,0.02648091460654909,Equity,Consumer,equal_weight,True
2022-10-03,Sentiment Tilt Equal Weight,SBUX,0.02648091460654909,Equity,Consumer,equal_weight,True
2022-10-03,Sentiment Tilt Equal Weight,WMT,0.02648091460654909,Equity,Consumer,equal_weight,True
2022-10-03,Sentiment Tilt Equal Weight,COP,0.023683000152095485,Equity,Energy,equal_weight,True
2022-10-03,Sentiment Tilt Equal Weight,CVX,0.023683000152095485,Equity,Energy,equal_weight,True
2022-10-03,Sentiment Tilt Equal Weight,OXY,0.023683000152095485,Equity,Energy,equal_weight,True
2022-10-03,Sentiment Tilt Equal Weight,SLB,0.023683000152095485,Equity,Energy,equal_weight,True
2022-10-03,Sentiment Tilt Equal Weight,XOM,0.023683000152095485,Equity,Energy,equal_weight,True
2022-10-03,Sentiment Tilt Equal Weight,GS,0.0272434013338308,Equity,Financials,equal_weight,True
2022-10-03,Sentiment Tilt Equal Weight,MS,0.0272434013338308,Equity,Financials,equal_weight,True
2022-10-03,Sentiment Tilt Equal Weight,USB,0.0272434013338308,Equity,Financials,equal_weight,True
2022-10-03,Sentiment Tilt Equal Weight,V,0.0272434013338308,Equity,Financials,equal_weight,True
2022-10-03,Sentiment Tilt Equal Weight,WFC,0.0272434013338308,Equity,Financials,equal_weight,True
2022-10-03,Sentiment Tilt Equal Weight,ABBV,0.019538332054638438,Equity,Healthcare,equal_weight,True
2022-10-03,Sentiment Tilt Equal Weight,ABT,0.019538332054638438,Equity,Healthcare,equal_weight,True
2022-10-03,Sentiment Tilt Equal Weight,AMGN,0.019538332054638438,Equity,Healthcare,equal_weight,True
2022-10-03,Sentiment Tilt Equal Weight,GILD,0.019538332054638438,Equity,Healthcare,equal_weight,True
2022-10-03,Sentiment Tilt Equal Weight,MRK,0.019538332054638438,Equity,Healthcare,equal_weight,True
2022-10-03,Sentiment Tilt Equal Weight,BA,0.020394594069962642,Equity,Industrials,equal_weight,True
2022-10-03,Sentiment Tilt Equal Weight,CAT,0.020394594069962642,Equity,Industrials,equal_weight,True
2022-10-03,Sentiment Tilt Equal Weight,GE,0.020394594069962642,Equity,Industrials,equal_weight,True
2022-10-03,Sentiment Tilt Equal Weight,MMM,0.020394594069962642,Equity,Industrials,equal_weight,True
2022-10-03,Sentiment Tilt Equal Weight,UPS,0.020394594069962642,Equity,Industrials,equal_weight,True
2022-10-03,Sentiment Tilt Equal Weight,DD,0.016154871684541636,Equity,Materials,equal_weight,True
2022-10-03,Sentiment Tilt Equal Weight,DOW,0.016154871684541636,Equity,Materials,equal_weight,True
2022-10-03,Sentiment Tilt Equal Weight,NEM,0.016154871684541636,Equity,Materials,equal_weight,True
2022-10-03,Sentiment Tilt Equal Weight,NUE,0.016154871684541636,Equity,Materials,equal_weight,True
2022-10-03,Sentiment Tilt Equal Weight,SHW,0.016154871684541636,Equity,Materials,equal_weight,True
2022-10-03,Sentiment Tilt Equal Weight,AMT,0.025088647841591375,Equity,RealEstate,equal_weight,True
2022-10-03,Sentiment Tilt Equal Weight,CCI,0.025088647841591375,Equity,RealEstate,equal_weight,True
2022-10-03,Sentiment Tilt Equal Weight,O,0.025088647841591375,Equity,RealEstate,equal_weight,True
2022-10-03,Sentiment Tilt Equal Weight,PLD,0.025088647841591375,Equity,RealEstate,equal_weight,True
2022-10-03,Sentiment Tilt Equal Weight,PSA,0.025088647841591375,Equity,RealEstate,equal_weight,True
2022-10-03,Sentiment Tilt Equal Weight,ADBE,0.00986351583536395,Equity,Tech,equal_weight,True
2022-10-03,Sentiment Tilt Equal Weight,AMD,0.00986351583536395,Equity,Tech,equal_weight,True
2022-10-03,Sentiment Tilt Equal Weight,INTC,0.00986351583536395,Equity,Tech,equal_weight,True
2022-10-03,Sentiment Tilt Equal Weight,NVDA,0.00986351583536395,Equity,Tech,equal_weight,True
2022-10-03,Sentiment Tilt Equal Weight,QCOM,0.00986351583536395,Equity,Tech,equal_weight,True
2022-10-03,Sentiment Tilt Equal Weight,AEP,0.01519026993969627,Equity,Utilities,equal_weight,True
2022-10-03,Sentiment Tilt Equal Weight,D,0.01519026993969627,Equity,Utilities,equal_weight,True
2022-10-03,Sentiment Tilt Equal Weight,DUK,0.01519026993969627,Equity,Utilities,equal_weight,True
2022-10-03,Sentiment Tilt Equal Weight,NEE,0.01519026993969627,Equity,Utilities,equal_weight,True
2022-10-03,Sentiment Tilt Equal Weight,SO,0.01519026993969627,Equity,Utilities,equal_weight,True
2022-11-01,Sentiment Tilt Equal Weight,CMCSA,0.02813424997714322,Equity,Comm,equal_weight,True
2022-11-01,Sentiment Tilt Equal Weight,EA,0.02813424997714322,Equity,Comm,equal_weight,True
2022-11-01,Sentiment Tilt Equal Weight,T,0.02813424997714322,Equity,Comm,equal_weight,True
2022-11-01,Sentiment Tilt Equal Weight,TMUS,0.02813424997714322,Equity,Comm,equal_weight,True
2022-11-01,Sentiment Tilt Equal Weight,TTWO,0.02813424997714322,Equity,Comm,equal_weight,True
2022-11-01,Sentiment Tilt Equal Weight,DIS,0.015912568684103023,Equity,Consumer,equal_weight,True
2022-11-01,Sentiment Tilt Equal Weight,KO,0.015912568684103023,Equity,Consumer,equal_weight,True
2022-11-01,Sentiment Tilt Equal Weight,NKE,0.015912568684103023,Equity,Consumer,equal_weight,True
2022-11-01,Sentiment Tilt Equal Weight,SBUX,0.015912568684103023,Equity,Consumer,equal_weight,True
2022-11-01,Sentiment Tilt Equal Weight,WMT,0.015912568684103023,Equity,Consumer,equal_weight,True
2022-11-01,Sentiment Tilt Equal Weight,COP,0.017888641726121757,Equity,Energy,equal_weight,True
2022-11-01,Sentiment Tilt Equal Weight,CVX,0.017888641726121757,Equity,Energy,equal_weight,True
2022-11-01,Sentiment Tilt Equal Weight,OXY,0.017888641726121757,Equity,Energy,equal_weight,True
2022-11-01,Sentiment Tilt Equal Weight,SLB,0.017888641726121757,Equity,Energy,equal_weight,True
2022-11-01,Sentiment Tilt Equal Weight,XOM,0.017888641726121757,Equity,Energy,equal_weight,True
2022-11-01,Sentiment Tilt Equal Weight,GS,0.022649404137883817,Equity,Financials,equal_weight,True
2022-11-01,Sentiment Tilt Equal Weight,MS,0.022649404137883817,Equity,Financials,equal_weight,True
2022-11-01,Sentiment Tilt Equal Weight,USB,0.022649404137883817,Equity,Financials,equal_weight,True
2022-11-01,Sentiment Tilt Equal Weight,V,0.022649404137883817,Equity,Financials,equal_weight,True
2022-11-01,Sentiment Tilt Equal Weight,WFC,0.022649404137883817,Equity,Financials,equal_weight,True
2022-11-01,Sentiment Tilt Equal Weight,ABBV,0.014378420165508403,Equity,Healthcare,equal_weight,True
2022-11-01,Sentiment Tilt Equal Weight,ABT,0.014378420165508403,Equity,Healthcare,equal_weight,True
2022-11-01,Sentiment Tilt Equal Weight,AMGN,0.014378420165508403,Equity,Healthcare,equal_weight,True
2022-11-01,Sentiment Tilt Equal Weight,GILD,0.014378420165508403,Equity,Healthcare,equal_weight,True
2022-11-01,Sentiment Tilt Equal Weight,MRK,0.014378420165508403,Equity,Healthcare,equal_weight,True
2022-11-01,Sentiment Tilt Equal Weight,BA,0.018791473227673355,Equity,Industrials,equal_weight,True
2022-11-01,Sentiment Tilt Equal Weight,CAT,0.018791473227673355,Equity,Industrials,equal_weight,True
2022-11-01,Sentiment Tilt Equal Weight,GE,0.018791473227673355,Equity,Industrials,equal_weight,True
2022-11-01,Sentiment Tilt Equal Weight,MMM,0.018791473227673355,Equity,Industrials,equal_weight,True
2022-11-01,Sentiment Tilt Equal Weight,UPS,0.018791473227673355,Equity,Industrials,equal_weight,True
2022-11-01,Sentiment Tilt Equal Weight,DD,0.011202401610152781,Equity,Materials,equal_weight,True
2022-11-01,Sentiment Tilt Equal Weight,DOW,0.011202401610152781,Equity,Materials,equal_weight,True
2022-11-01,Sentiment Tilt Equal Weight,NEM,0.011202401610152781,Equity,Materials,equal_weight,True
2022-11-01,Sentiment Tilt Equal Weight,NUE,0.011202401610152781,Equity,Materials,equal_weight,True
2022-11-01,Sentiment Tilt Equal Weight,SHW,0.011202401610152781,Equity,Materials,equal_weight,True
2022-11-01,Sentiment Tilt Equal Weight,AMT,0.02271145184267072,Equity,RealEstate,equal_weight,True
2022-11-01,Sentiment Tilt Equal Weight,CCI,0.02271145184267072,Equity,RealEstate,equal_weight,True
2022-11-01,Sentiment Tilt Equal Weight,O,0.02271145184267072,Equity,RealEstate,equal_weight,True
2022-11-01,Sentiment Tilt Equal Weight,PLD,0.02271145184267072,Equity,RealEstate,equal_weight,True
2022-11-01,Sentiment Tilt Equal Weight,PSA,0.02271145184267072,Equity,RealEstate,equal_weight,True
2022-11-01,Sentiment Tilt Equal Weight,ADBE,0.018029530995141613,Equity,Tech,equal_weight,True
2022-11-01,Sentiment Tilt Equal Weight,AMD,0.018029530995141613,Equity,Tech,equal_weight,True
2022-11-01,Sentiment Tilt Equal Weight,INTC,0.018029530995141613,Equity,Tech,equal_weight,True
2022-11-01,Sentiment Tilt Equal Weight,NVDA,0.018029530995141613,Equity,Tech,equal_weight,True
2022-11-01,Sentiment Tilt Equal Weight,QCOM,0.018029530995141613,Equity,Tech,equal_weight,True
2022-11-01,Sentiment Tilt Equal Weight,AEP,0.030301857633601312,Equity,Utilities,equal_weight,True
2022-11-01,Sentiment Tilt Equal Weight,D,0.030301857633601312,Equity,Utilities,equal_weight,True
2022-11-01,Sentiment Tilt Equal Weight,DUK,0.030301857633601312,Equity,Utilities,equal_weight,True
2022-11-01,Sentiment Tilt Equal Weight,NEE,0.030301857633601312,Equity,Utilities,equal_weight,True
2022-11-01,Sentiment Tilt Equal Weight,SO,0.030301857633601312,Equity,Utilities,equal_weight,True
2022-12-01,Sentiment Tilt Equal Weight,CMCSA,0.015066572637961108,Equity,Comm,equal_weight,True
2022-12-01,Sentiment Tilt Equal Weight,EA,0.015066572637961108,Equity,Comm,equal_weight,True
2022-12-01,Sentiment Tilt Equal Weight,T,0.015066572637961108,Equity,Comm,equal_weight,True
2022-12-01,Sentiment Tilt Equal Weight,TMUS,0.015066572637961108,Equity,Comm,equal_weight,True
2022-12-01,Sentiment Tilt Equal Weight,TTWO,0.015066572637961108,Equity,Comm,equal_weight,True
2022-12-01,Sentiment Tilt Equal Weight,DIS,0.02074492843284716,Equity,Consumer,equal_weight,True
2022-12-01,Sentiment Tilt Equal Weight,KO,0.02074492843284716,Equity,Consumer,equal_weight,True
2022-12-01,Sentiment Tilt Equal Weight,NKE,0.02074492843284716,Equity,Consumer,equal_weight,True
2022-12-01,Sentiment Tilt Equal Weight,SBUX,0.02074492843284716,Equity,Consumer,equal_weight,True
2022-12-01,Sentiment Tilt Equal Weight,WMT,0.02074492843284716,Equity,Consumer,equal_weight,True
2022-12-01,Sentiment Tilt Equal Weight,COP,0.02349332005357614,Equity,Energy,equal_weight,True
2022-12-01,Sentiment Tilt Equal Weight,CVX,0.02349332005357614,Equity,Energy,equal_weight,True
2022-12-01,Sentiment Tilt Equal Weight,OXY,0.02349332005357614,Equity,Energy,equal_weight,True
2022-12-01,Sentiment Tilt Equal Weight,SLB,0.02349332005357614,Equity,Energy,equal_weight,True
2022-12-01,Sentiment Tilt Equal Weight,XOM,0.02349332005357614,Equity,Energy,equal_weight,True
2022-12-01,Sentiment Tilt Equal Weight,GS,0.010148050852812663,Equity,Financials,equal_weight,True
2022-12-01,Sentiment Tilt Equal Weight,MS,0.010148050852812663,Equity,Financials,equal_weight,True
2022-12-01,Sentiment Tilt Equal Weight,USB,0.010148050852812663,Equity,Financials,equal_weight,True
2022-12-01,Sentiment Tilt Equal Weight,V,0.010148050852812663,Equity,Financials,equal_weight,True
2022-12-01,Sentiment Tilt Equal Weight,WFC,0.010148050852812663,Equity,Financials,equal_weight,True
2022-12-01,Sentiment Tilt Equal Weight,ABBV,0.02504330749719833,Equity,Healthcare,equal_weight,True
2022-12-01,Sentiment Tilt Equal Weight,ABT,0.02504330749719833,Equity,Healthcare,equal_weight,True
2022-12-01,Sentiment Tilt Equal Weight,AMGN,0.02504330749719833,Equity,Healthcare,equal_weight,True
2022-12-01,Sentiment Tilt Equal Weight,GILD,0.02504330749719833,Equity,Healthcare,equal_weight,True
2022-12-01,Sentiment Tilt Equal Weight,MRK,0.02504330749719833,Equity,Healthcare,equal_weight,True
2022-12-01,Sentiment Tilt Equal Weight,BA,0.02170644518060918,Equity,Industrials,equal_weight,True
2022-12-01,Sentiment Tilt Equal Weight,CAT,0.02170644518060918,Equity,Industrials,equal_weight,True
2022-12-01,Sentiment Tilt Equal Weight,GE,0.02170644518060918,Equity,Industrials,equal_weight,True
2022-12-01,Sentiment Tilt Equal Weight,MMM,0.02170644518060918,Equity,Industrials,equal_weight,True
2022-12-01,Sentiment Tilt Equal Weight,UPS,0.02170644518060918,Equity,Industrials,equal_weight,True
2022-12-01,Sentiment Tilt Equal Weight,DD,0.030444152558437985,Equity,Materials,equal_weight,True
2022-12-01,Sentiment Tilt Equal Weight,DOW,0.030444152558437985,Equity,Materials,equal_weight,True
2022-12-01,Sentiment Tilt Equal Weight,NEM,0.030444152558437985,Equity,Materials,equal_weight,True
2022-12-01,Sentiment Tilt Equal Weight,NUE,0.030444152558437985,Equity,Materials,equal_weight,True
2022-12-01,Sentiment Tilt Equal Weight,SHW,0.030444152558437985,Equity,Materials,equal_weight,True
2022-12-01,Sentiment Tilt Equal Weight,AMT,0.018838351837908027,Equity,RealEstate,equal_weight,True
2022-12-01,Sentiment Tilt Equal Weight,CCI,0.018838351837908027,Equity,RealEstate,equal_weight,True
2022-12-01,Sentiment Tilt Equal Weight,O,0.018838351837908027,Equity,RealEstate,equal_weight,True
2022-12-01,Sentiment Tilt Equal Weight,PLD,0.018838351837908027,Equity,RealEstate,equal_weight,True
2022-12-01,Sentiment Tilt Equal Weight,PSA,0.018838351837908027,Equity,RealEstate,equal_weight,True
2022-12-01,Sentiment Tilt Equal Weight,ADBE,0.017212684140288936,Equity,Tech,equal_weight,True
2022-12-01,Sentiment Tilt Equal Weight,AMD,0.017212684140288936,Equity,Tech,equal_weight,True
2022-12-01,Sentiment Tilt Equal Weight,INTC,0.017212684140288936,Equity,Tech,equal_weight,True
2022-12-01,Sentiment Tilt Equal Weight,NVDA,0.017212684140288936,Equity,Tech,equal_weight,True
2022-12-01,Sentiment Tilt Equal Weight,QCOM,0.017212684140288936,Equity,Tech,equal_weight,True
2022-12-01,Sentiment Tilt Equal Weight,AEP,0.017302186808360466,Equity,Utilities,equal_weight,True
2022-12-01,Sentiment Tilt Equal Weight,D,0.017302186808360466,Equity,Utilities,equal_weight,True
2022-12-01,Sentiment Tilt Equal Weight,DUK,0.017302186808360466,Equity,Utilities,equal_weight,True
2022-12-01,Sentiment Tilt Equal Weight,NEE,0.017302186808360466,Equity,Utilities,equal_weight,True
2022-12-01,Sentiment Tilt Equal Weight,SO,0.017302186808360466,Equity,Utilities,equal_weight,True
2023-01-03,Sentiment Tilt Equal Weight,CMCSA,0.014289876290389638,Equity,Comm,equal_weight,True
2023-01-03,Sentiment Tilt Equal Weight,EA,0.014289876290389638,Equity,Comm,equal_weight,True
2023-01-03,Sentiment Tilt Equal Weight,T,0.014289876290389638,Equity,Comm,equal_weight,True
2023-01-03,Sentiment Tilt Equal Weight,TMUS,0.014289876290389638,Equity,Comm,equal_weight,True
2023-01-03,Sentiment Tilt Equal Weight,TTWO,0.014289876290389638,Equity,Comm,equal_weight,True
2023-01-03,Sentiment Tilt Equal Weight,DIS,0.02484550464214353,Equity,Consumer,equal_weight,True
2023-01-03,Sentiment Tilt Equal Weight,KO,0.02484550464214353,Equity,Consumer,equal_weight,True
2023-01-03,Sentiment Tilt Equal Weight,NKE,0.02484550464214353,Equity,Consumer,equal_weight,True
2023-01-03,Sentiment Tilt Equal Weight,SBUX,0.02484550464214353,Equity,Consumer,equal_weight,True
2023-01-03,Sentiment Tilt Equal Weight,WMT,0.02484550464214353,Equity,Consumer,equal_weight,True
2023-01-03,Sentiment Tilt Equal Weight,COP,0.03016656262400412,Equity,Energy,equal_weight,True
2023-01-03,Sentiment Tilt Equal Weight,CVX,0.03016656262400412,Equity,Energy,equal_weight,True
2023-01-03,Sentiment Tilt Equal Weight,OXY,0.03016656262400412,Equity,Energy,equal_weight,True
2023-01-03,Sentiment Tilt Equal Weight,SLB,0.03016656262400412,Equity,Energy,equal_weight,True
2023-01-03,Sentiment Tilt Equal Weight,XOM,0.03016656262400412,Equity,Energy,equal_weight,True
2023-01-03,Sentiment Tilt Equal Weight,GS,0.01869347375996479,Equity,Financials,equal_weight,True
2023-01-03,Sentiment Tilt Equal Weight,MS,0.01869347375996479,Equity,Financials,equal_weight,True
2023-01-03,Sentiment Tilt Equal Weight,USB,0.01869347375996479,Equity,Financials,equal_weight,True
2023-01-03,Sentiment Tilt Equal Weight,V,0.01869347375996479,Equity,Financials,equal_weight,True
2023-01-03,Sentiment Tilt Equal Weight,WFC,0.01869347375996479,Equity,Financials,equal_weight,True
2023-01-03,Sentiment Tilt Equal Weight,ABBV,0.017617227957349952,Equity,Healthcare,equal_weight,True
2023-01-03,Sentiment Tilt Equal Weight,ABT,0.017617227957349952,Equity,Healthcare,equal_weight,True
2023-01-03,Sentiment Tilt Equal Weight,AMGN,0.017617227957349952,Equity,Healthcare,equal_weight,True
2023-01-03,Sentiment Tilt Equal Weight,GILD,0.017617227957349952,Equity,Healthcare,equal_weight,True
2023-01-03,Sentiment Tilt Equal Weight,MRK,0.017617227957349952,Equity,Healthcare,equal_weight,True
2023-01-03,Sentiment Tilt Equal Weight,BA,0.028598984742038494,Equity,Industrials,equal_weight,True
2023-01-03,Sentiment Tilt Equal Weight,CAT,0.028598984742038494,Equity,Industrials,equal_weight,True
2023-01-03,Sentiment Tilt Equal Weight,GE,0.028598984742038494,Equity,Industrials,equal_weight,True
2023-01-03,Sentiment Tilt Equal Weight,MMM,0.028598984742038494,Equity,Industrials,equal_weight,True
2023-01-03,Sentiment Tilt Equal Weight,UPS,0.028598984742038494,Equity,Industrials,equal_weight,True
2023-01-03,Sentiment Tilt Equal Weight,DD,0.010717832459292025,Equity,Materials,equal_weight,True
2023-01-03,Sentiment Tilt Equal Weight,DOW,0.010717832459292025,Equity,Materials,equal_weight,True
2023-01-03,Sentiment Tilt Equal Weight,NEM,0.010717832459292025,Equity,Materials,equal_weight,True
2023-01-03,Sentiment Tilt Equal Weight,NUE,0.010717832459292025,Equity,Materials,equal_weight,True
2023-01-03,Sentiment Tilt Equal Weight,SHW,0.010717832459292025,Equity,Materials,equal_weight,True
2023-01-03,Sentiment Tilt Equal Weight,AMT,0.018432922208352603,Equity,RealEstate,equal_weight,True
2023-01-03,Sentiment Tilt Equal Weight,CCI,0.018432922208352603,Equity,RealEstate,equal_weight,True
2023-01-03,Sentiment Tilt Equal Weight,O,0.018432922208352603,Equity,RealEstate,equal_weight,True
2023-01-03,Sentiment Tilt Equal Weight,PLD,0.018432922208352603,Equity,RealEstate,equal_weight,True
2023-01-03,Sentiment Tilt Equal Weight,PSA,0.018432922208352603,Equity,RealEstate,equal_weight,True
2023-01-03,Sentiment Tilt Equal Weight,ADBE,0.016693560003138073,Equity,Tech,equal_weight,True
2023-01-03,Sentiment Tilt Equal Weight,AMD,0.016693560003138073,Equity,Tech,equal_weight,True
2023-01-03,Sentiment Tilt Equal Weight,INTC,0.016693560003138073,Equity,Tech,equal_weight,True
2023-01-03,Sentiment Tilt Equal Weight,NVDA,0.016693560003138073,Equity,Tech,equal_weight,True
2023-01-03,Sentiment Tilt Equal Weight,QCOM,0.016693560003138073,Equity,Tech,equal_weight,True
2023-01-03,Sentiment Tilt Equal Weight,AEP,0.019944055313326797,Equity,Utilities,equal_weight,True
2023-01-03,Sentiment Tilt Equal Weight,D,0.019944055313326797,Equity,Utilities,equal_weight,True
2023-01-03,Sentiment Tilt Equal Weight,DUK,0.019944055313326797,Equity,Utilities,equal_weight,True
2023-01-03,Sentiment Tilt Equal Weight,NEE,0.019944055313326797,Equity,Utilities,equal_weight,True
2023-01-03,Sentiment Tilt Equal Weight,SO,0.019944055313326797,Equity,Utilities,equal_weight,True
2023-02-01,Sentiment Tilt Equal Weight,CMCSA,0.010352415831527373,Equity,Comm,equal_weight,True
2023-02-01,Sentiment Tilt Equal Weight,EA,0.010352415831527373,Equity,Comm,equal_weight,True
2023-02-01,Sentiment Tilt Equal Weight,T,0.010352415831527373,Equity,Comm,equal_weight,True
2023-02-01,Sentiment Tilt Equal Weight,TMUS,0.010352415831527373,Equity,Comm,equal_weight,True
2023-02-01,Sentiment Tilt Equal Weight,TTWO,0.010352415831527373,Equity,Comm,equal_weight,True
2023-02-01,Sentiment Tilt Equal Weight,DIS,0.019151109300919383,Equity,Consumer,equal_weight,True
2023-02-01,Sentiment Tilt Equal Weight,KO,0.019151109300919383,Equity,Consumer,equal_weight,True
2023-02-01,Sentiment Tilt Equal Weight,NKE,0.019151109300919383,Equity,Consumer,equal_weight,True
2023-02-01,Sentiment Tilt Equal Weight,SBUX,0.019151109300919383,Equity,Consumer,equal_weight,True
2023-02-01,Sentiment Tilt Equal Weight,WMT,0.019151109300919383,Equity,Consumer,equal_weight,True
2023-02-01,Sentiment Tilt Equal Weight,COP,0.02500482991037835,Equity,Energy,equal_weight,True
2023-02-01,Sentiment Tilt Equal Weight,CVX,0.02500482991037835,Equity,Energy,equal_weight,True
2023-02-01,Sentiment Tilt Equal Weight,OXY,0.02500482991037835,Equity,Energy,equal_weight,True
2023-02-01,Sentiment Tilt Equal Weight,SLB,0.02500482991037835,Equity,Energy,equal_weight,True
2023-02-01,Sentiment Tilt Equal Weight,XOM,0.02500482991037835,Equity,Energy,equal_weight,True
2023-02-01,Sentiment Tilt Equal Weight,GS,0.01991316177358536,Equity,Financials,equal_weight,True
2023-02-01,Sentiment Tilt Equal Weight,MS,0.01991316177358536,Equity,Financials,equal_weight,True
2023-02-01,Sentiment Tilt Equal Weight,USB,0.01991316177358536,Equity,Financials,equal_weight,True
2023-02-01,Sentiment Tilt Equal Weight,V,0.01991316177358536,Equity,Financials,equal_weight,True
2023-02-01,Sentiment Tilt Equal Weight,WFC,0.01991316177358536,Equity,Financials,equal_weight,True
2023-02-01,Sentiment Tilt Equal Weight,ABBV,0.016639821103777982,Equity,Healthcare,equal_weight,True
2023-02-01,Sentiment Tilt Equal Weight,ABT,0.016639821103777982,Equity,Healthcare,equal_weight,True
2023-02-01,Sentiment Tilt Equal Weight,AMGN,0.016639821103777982,Equity,Healthcare,equal_weight,True
2023-02-01,Sentiment Tilt Equal Weight,GILD,0.016639821103777982,Equity,Healthcare,equal_weight,True
2023-02-01,Sentiment Tilt Equal Weight,MRK,0.016639821103777982,Equity,Healthcare,equal_weight,True
2023-02-01,Sentiment Tilt Equal Weight,BA,0.025893144059401546,Equity,Industrials,equal_weight,True
2023-02-01,Sentiment Tilt Equal Weight,CAT,0.025893144059401546,Equity,Industrials,equal_weight,True
2023-02-01,Sentiment Tilt Equal Weight,GE,0.025893144059401546,Equity,Industrials,equal_weight,True
2023-02-01,Sentiment Tilt Equal Weight,MMM,0.025893144059401546,Equity,Industrials,equal_weight,True
2023-02-01,Sentiment Tilt Equal Weight,UPS,0.025893144059401546,Equity,Industrials,equal_weight,True
2023-02-01,Sentiment Tilt Equal Weight,DD,0.019682794642265997,Equity,Materials,equal_weight,True
2023-02-01,Sentiment Tilt Equal Weight,DOW,0.019682794642265997,Equity,Materials,equal_weight,True
2023-02-01,Sentiment Tilt Equal Weight,NEM,0.019682794642265997,Equity,Materials,equal_weight,True
2023-02-01,Sentiment Tilt Equal Weight,NUE,0.019682794642265997,Equity,Materials,equal_weight,True
2023-02-01,Sentiment Tilt Equal Weight,SHW,0.019682794642265997,Equity,Materials,equal_weight,True
2023-02-01,Sentiment Tilt Equal Weight,AMT,0.023883350094449397,Equity,RealEstate,equal_weight,True
2023-02-01,Sentiment Tilt Equal Weight,CCI,0.023883350094449397,Equity,RealEstate,equal_weight,True
2023-02-01,Sentiment Tilt Equal Weight,O,0.023883350094449397,Equity,RealEstate,equal_weight,True
2023-02-01,Sentiment Tilt Equal Weight,PLD,0.023883350094449397,Equity,RealEstate,equal_weight,True
2023-02-01,Sentiment Tilt Equal Weight,PSA,0.023883350094449397,Equity,RealEstate,equal_weight,True
2023-02-01,Sentiment Tilt Equal Weight,ADBE,0.010257831902913316,Equity,Tech,equal_weight,True
2023-02-01,Sentiment Tilt Equal Weight,AMD,0.010257831902913316,Equity,Tech,equal_weight,True
2023-02-01,Sentiment Tilt Equal Weight,INTC,0.010257831902913316,Equity,Tech,equal_weight,True
2023-02-01,Sentiment Tilt Equal Weight,NVDA,0.010257831902913316,Equity,Tech,equal_weight,True
2023-02-01,Sentiment Tilt Equal Weight,QCOM,0.010257831902913316,Equity,Tech,equal_weight,True
2023-02-01,Sentiment Tilt Equal Weight,AEP,0.029221541380781292,Equity,Utilities,equal_weight,True
2023-02-01,Sentiment Tilt Equal Weight,D,0.029221541380781292,Equity,Utilities,equal_weight,True
2023-02-01,Sentiment Tilt Equal Weight,DUK,0.029221541380781292,Equity,Utilities,equal_weight,True
2023-02-01,Sentiment Tilt Equal Weight,NEE,0.029221541380781292,Equity,Utilities,equal_weight,True
2023-02-01,Sentiment Tilt Equal Weight,SO,0.029221541380781292,Equity,Utilities,equal_weight,True
2023-03-01,Sentiment Tilt Equal Weight,CMCSA,0.017957144172323306,Equity,Comm,equal_weight,True
2023-03-01,Sentiment Tilt Equal Weight,EA,0.017957144172323306,Equity,Comm,equal_weight,True
2023-03-01,Sentiment Tilt Equal Weight,T,0.017957144172323306,Equity,Comm,equal_weight,True
2023-03-01,Sentiment Tilt Equal Weight,TMUS,0.017957144172323306,Equity,Comm,equal_weight,True
2023-03-01,Sentiment Tilt Equal Weight,TTWO,0.017957144172323306,Equity,Comm,equal_weight,True
2023-03-01,Sentiment Tilt Equal Weight,DIS,0.02082891514521385,Equity,Consumer,equal_weight,True
2023-03-01,Sentiment Tilt Equal Weight,KO,0.02082891514521385,Equity,Consumer,equal_weight,True
2023-03-01,Sentiment Tilt Equal Weight,NKE,0.02082891514521385,Equity,Consumer,equal_weight,True
2023-03-01,Sentiment Tilt Equal Weight,SBUX,0.02082891514521385,Equity,Consumer,equal_weight,True
2023-03-01,Sentiment Tilt Equal Weight,WMT,0.02082891514521385,Equity,Consumer,equal_weight,True
2023-03-01,Sentiment Tilt Equal Weight,COP,0.017621874188872736,Equity,Energy,equal_weight,True
2023-03-01,Sentiment Tilt Equal Weight,CVX,0.017621874188872736,Equity,Energy,equal_weight,True
2023-03-01,Sentiment Tilt Equal Weight,OXY,0.017621874188872736,Equity,Energy,equal_weight,True
2023-03-01,Sentiment Tilt Equal Weight,SLB,0.017621874188872736,Equity,Energy,equal_weight,True
2023-03-01,Sentiment Tilt Equal Weight,XOM,0.017621874188872736,Equity,Energy,equal_weight,True
2023-03-01,Sentiment Tilt Equal Weight,GS,0.01975244040087919,Equity,Financials,equal_weight,True
2023-03-01,Sentiment Tilt Equal Weight,MS,0.01975244040087919,Equity,Financials,equal_weight,True
2023-03-01,Sentiment Tilt Equal Weight,USB,0.01975244040087919,Equity,Financials,equal_weight,True
2023-03-01,Sentiment Tilt Equal Weight,V,0.01975244040087919,Equity,Financials,equal_weight,True
2023-03-01,Sentiment Tilt Equal Weight,WFC,0.01975244040087919,Equity,Financials,equal_weight,True
2023-03-01,Sentiment Tilt Equal Weight,ABBV,0.009996540685759558,Equity,Healthcare,equal_weight,True
2023-03-01,Sentiment Tilt Equal Weight,ABT,0.009996540685759558,Equity,Healthcare,equal_weight,True
2023-03-01,Sentiment Tilt Equal Weight,AMGN,0.009996540685759558,Equity,Healthcare,equal_weight,True
2023-03-01,Sentiment Tilt Equal Weight,GILD,0.009996540685759558,Equity,Healthcare,equal_weight,True
2023-03-01,Sentiment Tilt Equal Weight,MRK,0.009996540685759558,Equity,Healthcare,equal_weight,True
2023-03-01,Sentiment Tilt Equal Weight,BA,0.022064883699831575,Equity,Industrials,equal_weight,True
2023-03-01,Sentiment Tilt Equal Weight,CAT,0.022064883699831575,Equity,Industrials,equal_weight,True
2023-03-01,Sentiment Tilt Equal Weight,GE,0.022064883699831575,Equity,Industrials,equal_weight,True
2023-03-01,Sentiment Tilt Equal Weight,MMM,0.022064883699831575,Equity,Industrials,equal_weight,True
2023-03-01,Sentiment Tilt Equal Weight,UPS,0.022064883699831575,Equity,Industrials,equal_weight,True
2023-03-01,Sentiment Tilt Equal Weight,DD,0.022968105146131353,Equity,Materials,equal_weight,True
2023-03-01,Sentiment Tilt Equal Weight,DOW,0.022968105146131353,Equity,Materials,equal_weight,True
2023-03-01,Sentiment Tilt Equal Weight,NEM,0.022968105146131353,Equity,Materials,equal_weight,True
2023-03-01,Sentiment Tilt Equal Weight,NUE,0.022968105146131353,Equity,Materials,equal_weight,True
2023-03-01,Sentiment Tilt Equal Weight,SHW,0.022968105146131353,Equity,Materials,equal_weight,True
2023-03-01,Sentiment Tilt Equal Weight,AMT,0.01493957007931162,Equity,RealEstate,equal_weight,True
2023-03-01,Sentiment Tilt Equal Weight,CCI,0.01493957007931162,Equity,RealEstate,equal_weight,True
2023-03-01,Sentiment Tilt Equal Weight,O,0.01493957007931162,Equity,RealEstate,equal_weight,True
2023-03-01,Sentiment Tilt Equal Weight,PLD,0.01493957007931162,Equity,RealEstate,equal_weight,True
2023-03-01,Sentiment Tilt Equal Weight,PSA,0.01493957007931162,Equity,RealEstate,equal_weight,True
2023-03-01,Sentiment Tilt Equal Weight,ADBE,0.02998962205727867,Equity,Tech,equal_weight,True
2023-03-01,Sentiment Tilt Equal Weight,AMD,0.02998962205727867,Equity,Tech,equal_weight,True
2023-03-01,Sentiment Tilt Equal Weight,INTC,0.02998962205727867,Equity,Tech,equal_weight,True
2023-03-01,Sentiment Tilt Equal Weight,NVDA,0.02998962205727867,Equity,Tech,equal_weight,True
2023-03-01,Sentiment Tilt Equal Weight,QCOM,0.02998962205727867,Equity,Tech,equal_weight,True
2023-03-01,Sentiment Tilt Equal Weight,AEP,0.023880904424398115,Equity,Utilities,equal_weight,True
2023-03-01,Sentiment Tilt Equal Weight,D,0.023880904424398115,Equity,Utilities,equal_weight,True
2023-03-01,Sentiment Tilt Equal Weight,DUK,0.023880904424398115,Equity,Utilities,equal_weight,True
2023-03-01,Sentiment Tilt Equal Weight,NEE,0.023880904424398115,Equity,Utilities,equal_weight,True
2023-03-01,Sentiment Tilt Equal Weight,SO,0.023880904424398115,Equity,Utilities,equal_weight,True
2023-04-03,Sentiment Tilt Equal Weight,CMCSA,0.02937843940727388,Equity,Comm,equal_weight,True
2023-04-03,Sentiment Tilt Equal Weight,EA,0.02937843940727388,Equity,Comm,equal_weight,True
2023-04-03,Sentiment Tilt Equal Weight,T,0.02937843940727388,Equity,Comm,equal_weight,True
2023-04-03,Sentiment Tilt Equal Weight,TMUS,0.02937843940727388,Equity,Comm,equal_weight,True
2023-04-03,Sentiment Tilt Equal Weight,TTWO,0.02937843940727388,Equity,Comm,equal_weight,True
2023-04-03,Sentiment Tilt Equal Weight,DIS,0.016009666313331075,Equity,Consumer,equal_weight,True
2023-04-03,Sentiment Tilt Equal Weight,KO,0.016009666313331075,Equity,Consumer,equal_weight,True
2023-04-03,Sentiment Tilt Equal Weight,NKE,0.016009666313331075,Equity,Consumer,equal_weight,True
2023-04-03,Sentiment Tilt Equal Weight,SBUX,0.016009666313331075,Equity,Consumer,equal_weight,True
2023-04-03,Sentiment Tilt Equal Weight,WMT,0.016009666313331075,Equity,Consumer,equal_weight,True
2023-04-03,Sentiment Tilt Equal Weight,COP,0.02190023804296056,Equity,Energy,equal_weight,True
2023-04-03,Sentiment Tilt Equal Weight,CVX,0.02190023804296056,Equity,Energy,equal_weight,True
2023-04-03,Sentiment Tilt Equal Weight,OXY,0.02190023804296056,Equity,Energy,equal_weight,True
2023-04-03,Sentiment Tilt Equal Weight,SLB,0.02190023804296056,Equity,Energy,equal_weight,True
2023-04-03,Sentiment Tilt Equal Weight,XOM,0.02190023804296056,Equity,Energy,equal_weight,True
2023-04-03,Sentiment Tilt Equal Weight,GS,0.023589874520934716,Equity,Financials,equal_weight,True
2023-04-03,Sentiment Tilt Equal Weight,MS,0.023589874520934716,Equity,Financials,equal_weight,True
2023-04-03,Sentiment Tilt Equal Weight,USB,0.023589874520934716,Equity,Financials,equal_weight,True
2023-04-03,Sentiment Tilt Equal Weight,V,0.023589874520934716,Equity,Financials,equal_weight,True
2023-04-03,Sentiment Tilt Equal Weight,WFC,0.023589874520934716,Equity,Financials,equal_weight,True
2023-04-03,Sentiment Tilt Equal Weight,ABBV,0.01851238884633847,Equity,Healthcare,equal_weight,True
2023-04-03,Sentiment Tilt Equal Weight,ABT,0.01851238884633847,Equity,Healthcare,equal_weight,True
2023-04-03,Sentiment Tilt Equal Weight,AMGN,0.01851238884633847,Equity,Healthcare,equal_weight,True
2023-04-03,Sentiment Tilt Equal Weight,GILD,0.01851238884633847,Equity,Healthcare,equal_weight,True
2023-04-03,Sentiment Tilt Equal Weight,MRK,0.01851238884633847,Equity,Healthcare,equal_weight,True
2023-04-03,Sentiment Tilt Equal Weight,BA,0.009889783561788051,Equity,Industrials,equal_weight,True
2023-04-03,Sentiment Tilt Equal Weight,CAT,0.009889783561788051,Equity,Industrials,equal_weight,True
2023-04-03,Sentiment Tilt Equal Weight,GE,0.009889783561788051,Equity,Industrials,equal_weight,True
2023-04-03,Sentiment Tilt Equal Weight,MMM,0.009889783561788051,Equity,Industrials,equal_weight,True
2023-04-03,Sentiment Tilt Equal Weight,UPS,0.009889783561788051,Equity,Industrials,equal_weight,True
2023-04-03,Sentiment Tilt Equal Weight,DD,0.01504013446199488,Equity,Materials,equal_weight,True
2023-04-03,Sentiment Tilt Equal Weight,DOW,0.01504013446199488,Equity,Materials,equal_weight,True
2023-04-03,Sentiment Tilt Equal Weight,NEM,0.01504013446199488,Equity,Materials,equal_weight,True
2023-04-03,Sentiment Tilt Equal Weight,NUE,0.01504013446199488,Equity,Materials,equal_weight,True
2023-04-03,Sentiment Tilt Equal Weight,SHW,0.01504013446199488,Equity,Materials,equal_weight,True
2023-04-03,Sentiment Tilt Equal Weight,AMT,0.02523347727687457,Equity,RealEstate,equal_weight,True
2023-04-03,Sentiment Tilt Equal Weight,CCI,0.02523347727687457,Equity,RealEstate,equal_weight,True
2023-04-03,Sentiment Tilt Equal Weight,O,0.02523347727687457,Equity,RealEstate,equal_weight,True
2023-04-03,Sentiment Tilt Equal Weight,PLD,0.02523347727687457,Equity,RealEstate,equal_weight,True
2023-04-03,Sentiment Tilt Equal Weight,PSA,0.02523347727687457,Equity,RealEstate,equal_weight,True
2023-04-03,Sentiment Tilt Equal Weight,ADBE,0.02384708792897331,Equity,Tech,equal_weight,True
2023-04-03,Sentiment Tilt Equal Weight,AMD,0.02384708792897331,Equity,Tech,equal_weight,True
2023-04-03,Sentiment Tilt Equal Weight,INTC,0.02384708792897331,Equity,Tech,equal_weight,True
2023-04-03,Sentiment Tilt Equal Weight,NVDA,0.02384708792897331,Equity,Tech,equal_weight,True
2023-04-03,Sentiment Tilt Equal Weight,QCOM,0.02384708792897331,Equity,Tech,equal_weight,True
2023-04-03,Sentiment Tilt Equal Weight,AEP,0.0165989096395305,Equity,Utilities,equal_weight,True
2023-04-03,Sentiment Tilt Equal Weight,D,0.0165989096395305,Equity,Utilities,equal_weight,True
2023-04-03,Sentiment Tilt Equal Weight,DUK,0.0165989096395305,Equity,Utilities,equal_weight,True
2023-04-03,Sentiment Tilt Equal Weight,NEE,0.0165989096395305,Equity,Utilities,equal_weight,True
2023-04-03,Sentiment Tilt Equal Weight,SO,0.0165989096395305,Equity,Utilities,equal_weight,True
2023-05-01,Sentiment Tilt Equal Weight,CMCSA,0.014619713236298784,Equity,Comm,equal_weight,True
2023-05-01,Sentiment Tilt Equal Weight,EA,0.014619713236298784,Equity,Comm,equal_weight,True
2023-05-01,Sentiment Tilt Equal Weight,T,0.014619713236298784,Equity,Comm,equal_weight,True
2023-05-01,Sentiment Tilt Equal Weight,TMUS,0.014619713236298784,Equity,Comm,equal_weight,True
2023-05-01,Sentiment Tilt Equal Weight,TTWO,0.014619713236298784,Equity,Comm,equal_weight,True
2023-05-01,Sentiment Tilt Equal Weight,DIS,0.02669751682018737,Equity,Consumer,equal_weight,True
2023-05-01,Sentiment Tilt Equal Weight,KO,0.02669751682018737,Equity,Consumer,equal_weight,True
2023-05-01,Sentiment Tilt Equal Weight,NKE,0.02669751682018737,Equity,Consumer,equal_weight,True
2023-05-01,Sentiment Tilt Equal Weight,SBUX,0.02669751682018737,Equity,Consumer,equal_weight,True
2023-05-01,Sentiment Tilt Equal Weight,WMT,0.02669751682018737,Equity,Consumer,equal_weight,True
2023-05-01,Sentiment Tilt Equal Weight,COP,0.025997114416642233,Equity,Energy,equal_weight,True
2023-05-01,Sentiment Tilt Equal Weight,CVX,0.025997114416642233,Equity,Energy,equal_weight,True
2023-05-01,Sentiment Tilt Equal Weight,OXY,0.025997114416642233,Equity,Energy,equal_weight,True
2023-05-01,Sentiment Tilt Equal Weight,SLB,0.025997114416642233,Equity,Energy,equal_weight,True
2023-05-01,Sentiment Tilt Equal Weight,XOM,0.025997114416642233,Equity,Energy,equal_weight,True
2023-05-01,Sentiment Tilt Equal Weight,GS,0.013668868240646352,Equity,Financials,equal_weight,True
2023-05-01,Sentiment Tilt Equal Weight,MS,0.013668868240646352,Equity,Financials,equal_weight,True
2023-05-01,Sentiment Tilt Equal Weight,USB,0.013668868240646352,Equity,Financials,equal_weight,True
2023-05-01,Sentiment Tilt Equal Weight,V,0.013668868240646352,Equity,Financials,equal_weight,True
2023-05-01,Sentiment Tilt Equal Weight,WFC,0.013668868240646352,Equity,Financials,equal_weight,True
2023-05-01,Sentiment Tilt Equal Weight,ABBV,0.01287075337856187,Equity,Healthcare,equal_weight,True
2023-05-01,Sentiment Tilt Equal Weight,ABT,0.01287075337856187,Equity,Healthcare,equal_weight,True
2023-05-01,Sentiment Tilt Equal Weight,AMGN,0.01287075337856187,Equity,Healthcare,equal_weight,True
2023-05-01,Sentiment Tilt Equal Weight,GILD,0.01287075337856187,Equity,Healthcare,equal_weight,True
2023-05-01,Sentiment Tilt Equal Weight,MRK,0.01287075337856187,Equity,Healthcare,equal_weight,True
2023-05-01,Sentiment Tilt Equal Weight,BA,0.016799257982988335,Equity,Industrials,equal_weight,True
2023-05-01,Sentiment Tilt Equal Weight,CAT,0.016799257982988335,Equity,Industrials,equal_weight,True
2023-05-01,Sentiment Tilt Equal Weight,GE,0.016799257982988335,Equity,Industrials,equal_weight,True
2023-05-01,Sentiment Tilt Equal Weight,MMM,0.016799257982988335,Equity,Industrials,equal_weight,True
2023-05-01,Sentiment Tilt Equal Weight,UPS,0.016799257982988335,Equity,Industrials,equal_weight,True
2023-05-01,Sentiment Tilt Equal Weight,DD,0.02357020156044858,Equity,Materials,equal_weight,True
2023-05-01,Sentiment Tilt Equal Weight,DOW,0.02357020156044858,Equity,Materials,equal_weight,True
2023-05-01,Sentiment Tilt Equal Weight,NEM,0.02357020156044858,Equity,Materials,equal_weight,True
2023-05-01,Sentiment Tilt Equal Weight,NUE,0.02357020156044858,Equity,Materials,equal_weight,True
2023-05-01,Sentiment Tilt Equal Weight,SHW,0.02357020156044858,Equity,Materials,equal_weight,True
2023-05-01,Sentiment Tilt Equal Weight,AMT,0.030176543507083594,Equity,RealEstate,equal_weight,True
2023-05-01,Sentiment Tilt Equal Weight,CCI,0.030176543507083594,Equity,RealEstate,equal_weight,True
2023-05-01,Sentiment Tilt Equal Weight,O,0.030176543507083594,Equity,RealEstate,equal_weight,True
2023-05-01,Sentiment Tilt Equal Weight,PLD,0.030176543507083594,Equity,RealEstate,equal_weight,True
2023-05-01,Sentiment Tilt Equal Weight,PSA,0.030176543507083594,Equity,RealEstate,equal_weight,True
2023-05-01,Sentiment Tilt Equal Weight,ADBE,0.0167665434889512,Equity,Tech,equal_weight,True
2023-05-01,Sentiment Tilt Equal Weight,AMD,0.0167665434889512,Equity,Tech,equal_weight,True
2023-05-01,Sentiment Tilt Equal Weight,INTC,0.0167665434889512,Equity,Tech,equal_weight,True
2023-05-01,Sentiment Tilt Equal Weight,NVDA,0.0167665434889512,Equity,Tech,equal_weight,True
2023-05-01,Sentiment Tilt Equal Weight,QCOM,0.0167665434889512,Equity,Tech,equal_weight,True
2023-05-01,Sentiment Tilt Equal Weight,AEP,0.018833487368191675,Equity,Utilities,equal_weight,True
2023-05-01,Sentiment Tilt Equal Weight,D,0.018833487368191675,Equity,Utilities,equal_weight,True
2023-05-01,Sentiment Tilt Equal Weight,DUK,0.018833487368191675,Equity,Utilities,equal_weight,True
2023-05-01,Sentiment Tilt Equal Weight,NEE,0.018833487368191675,Equity,Utilities,equal_weight,True
2023-05-01,Sentiment Tilt Equal Weight,SO,0.018833487368191675,Equity,Utilities,equal_weight,True
2023-06-01,Sentiment Tilt Equal Weight,CMCSA,0.019025205265747393,Equity,Comm,equal_weight,True
2023-06-01,Sentiment Tilt Equal Weight,EA,0.019025205265747393,Equity,Comm,equal_weight,True
2023-06-01,Sentiment Tilt Equal Weight,T,0.019025205265747393,Equity,Comm,equal_weight,True
2023-06-01,Sentiment Tilt Equal Weight,TMUS,0.019025205265747393,Equity,Comm,equal_weight,True
2023-06-01,Sentiment Tilt Equal Weight,TTWO,0.019025205265747393,Equity,Comm,equal_weight,True
2023-06-01,Sentiment Tilt Equal Weight,DIS,0.016742621576568098,Equity,Consumer,equal_weight,True
2023-06-01,Sentiment Tilt Equal Weight,KO,0.016742621576568098,Equity,Consumer,equal_weight,True
2023-06-01,Sentiment Tilt Equal Weight,NKE,0.016742621576568098,Equity,Consumer,equal_weight,True
2023-06-01,Sentiment Tilt Equal Weight,SBUX,0.016742621576568098,Equity,Consumer,equal_weight,True
2023-06-01,Sentiment Tilt Equal Weight,WMT,0.016742621576568098,Equity,Consumer,equal_weight,True
2023-06-01,Sentiment Tilt Equal Weight,COP,0.026323288766585098,Equity,Energy,equal_weight,True
2023-06-01,Sentiment Tilt Equal Weight,CVX,0.026323288766585098,Equity,Energy,equal_weight,True
2023-06-01,Sentiment Tilt Equal Weight,OXY,0.026323288766585098,Equity,Energy,equal_weight,True
2023-06-01,Sentiment Tilt Equal Weight,SLB,0.026323288766585098,Equity,Energy,equal_weight,True
2023-06-01,Sentiment Tilt Equal Weight,XOM,0.026323288766585098,Equity,Energy,equal_weight,True
2023-06-01,Sentiment Tilt Equal Weight,GS,0.015802527635895965,Equity,Financials,equal_weight,True
2023-06-01,Sentiment Tilt Equal Weight,MS,0.015802527635895965,Equity,Financials,equal_weight,True
2023-06-01,Sentiment Tilt Equal Weight,USB,0.015802527635895965,Equity,Financials,equal_weight,True
2023-06-01,Sentiment Tilt Equal Weight,V,0.015802527635895965,Equity,Financials,equal_weight,True
2023-06-01,Sentiment Tilt Equal Weight,WFC,0.015802527635895965,Equity,Financials,equal_weight,True
2023-06-01,Sentiment Tilt Equal Weight,ABBV,0.022577805864761658,Equity,Healthcare,equal_weight,True
2023-06-01,Sentiment Tilt Equal Weight,ABT,0.022577805864761658,Equity,Healthcare,equal_weight,True
2023-06-01,Sentiment Tilt Equal Weight,AMGN,0.022577805864761658,Equity,Healthcare,equal_weight,True
2023-06-01,Sentiment Tilt Equal Weight,GILD,0.022577805864761658,Equity,Healthcare,equal_weight,True
2023-06-01,Sentiment Tilt Equal Weight,MRK,0.022577805864761658,Equity,Healthcare,equal_weight,True
2023-06-01,Sentiment Tilt Equal Weight,BA,0.01627986580331871,Equity,Industrials,equal_weight,True
2023-06-01,Sentiment Tilt Equal Weight,CAT,0.01627986580331871,Equity,Industrials,equal_weight,True
2023-06-01,Sentiment Tilt Equal Weight,GE,0.01627986580331871,Equity,Industrials,equal_weight,True
2023-06-01,Sentiment Tilt Equal Weight,MMM,0.01627986580331871,Equity,Industrials,equal_weight,True
2023-06-01,Sentiment Tilt Equal Weight,UPS,0.01627986580331871,Equity,Industrials,equal_weight,True
2023-06-01,Sentiment Tilt Equal Weight,DD,0.024217036528442534,Equity,Materials,equal_weight,True
2023-06-01,Sentiment Tilt Equal Weight,DOW,0.024217036528442534,Equity,Materials,equal_weight,True
2023-06-01,Sentiment Tilt Equal Weight,NEM,0.024217036528442534,Equity,Materials,equal_weight,True
2023-06-01,Sentiment Tilt Equal Weight,NUE,0.024217036528442534,Equity,Materials,equal_weight,True
2023-06-01,Sentiment Tilt Equal Weight,SHW,0.024217036528442534,Equity,Materials,equal_weight,True
2023-06-01,Sentiment Tilt Equal Weight,AMT,0.030475795070084258,Equity,RealEstate,equal_weight,True
2023-06-01,Sentiment Tilt Equal Weight,CCI,0.030475795070084258,Equity,RealEstate,equal_weight,True
2023-06-01,Sentiment Tilt Equal Weight,O,0.030475795070084258,Equity,RealEstate,equal_weight,True
2023-06-01,Sentiment Tilt Equal Weight,PLD,0.030475795070084258,Equity,RealEstate,equal_weight,True
2023-06-01,Sentiment Tilt Equal Weight,PSA,0.030475795070084258,Equity,RealEstate,equal_weight,True
2023-06-01,Sentiment Tilt Equal Weight,ADBE,0.01686043919416317,Equity,Tech,equal_weight,True
2023-06-01,Sentiment Tilt Equal Weight,AMD,0.01686043919416317,Equity,Tech,equal_weight,True
2023-06-01,Sentiment Tilt Equal Weight,INTC,0.01686043919416317,Equity,Tech,equal_weight,True
2023-06-01,Sentiment Tilt Equal Weight,NVDA,0.01686043919416317,Equity,Tech,equal_weight,True
2023-06-01,Sentiment Tilt Equal Weight,QCOM,0.01686043919416317,Equity,Tech,equal_weight,True
2023-06-01,Sentiment Tilt Equal Weight,AEP,0.011695414294433116,Equity,Utilities,equal_weight,True
2023-06-01,Sentiment Tilt Equal Weight,D,0.011695414294433116,Equity,Utilities,equal_weight,True
2023-06-01,Sentiment Tilt Equal Weight,DUK,0.011695414294433116,Equity,Utilities,equal_weight,True
2023-06-01,Sentiment Tilt Equal Weight,NEE,0.011695414294433116,Equity,Utilities,equal_weight,True
2023-06-01,Sentiment Tilt Equal Weight,SO,0.011695414294433116,Equity,Utilities,equal_weight,True
2023-07-03,Sentiment Tilt Equal Weight,CMCSA,0.014456296731863895,Equity,Comm,equal_weight,True
2023-07-03,Sentiment Tilt Equal Weight,EA,0.014456296731863895,Equity,Comm,equal_weight,True
2023-07-03,Sentiment Tilt Equal Weight,T,0.014456296731863895,Equity,Comm,equal_weight,True
2023-07-03,Sentiment Tilt Equal Weight,TMUS,0.014456296731863895,Equity,Comm,equal_weight,True
2023-07-03,Sentiment Tilt Equal Weight,TTWO,0.014456296731863895,Equity,Comm,equal_weight,True
2023-07-03,Sentiment Tilt Equal Weight,DIS,0.02498877031622357,Equity,Consumer,equal_weight,True
2023-07-03,Sentiment Tilt Equal Weight,KO,0.02498877031622357,Equity,Consumer,equal_weight,True
2023-07-03,Sentiment Tilt Equal Weight,NKE,0.02498877031622357,Equity,Consumer,equal_weight,True
2023-07-03,Sentiment Tilt Equal Weight,SBUX,0.02498877031622357,Equity,Consumer,equal_weight,True
2023-07-03,Sentiment Tilt Equal Weight,WMT,0.02498877031622357,Equity,Consumer,equal_weight,True
2023-07-03,Sentiment Tilt Equal Weight,COP,0.017997489051484197,Equity,Energy,equal_weight,True
2023-07-03,Sentiment Tilt Equal Weight,CVX,0.017997489051484197,Equity,Energy,equal_weight,True
2023-07-03,Sentiment Tilt Equal Weight,OXY,0.017997489051484197,Equity,Energy,equal_weight,True
2023-07-03,Sentiment Tilt Equal Weight,SLB,0.017997489051484197,Equity,Energy,equal_weight,True
2023-07-03,Sentiment Tilt Equal Weight,XOM,0.017997489051484197,Equity,Energy,equal_weight,True
2023-07-03,Sentiment Tilt Equal Weight,GS,0.017313906372969028,Equity,Financials,equal_weight,True
2023-07-03,Sentiment Tilt Equal Weight,MS,0.017313906372969028,Equity,Financials,equal_weight,True
2023-07-03,Sentiment Tilt Equal Weight,USB,0.017313906372969028,Equity,Financials,equal_weight,True
2023-07-03,Sentiment Tilt Equal Weight,V,0.017313906372969028,Equity,Financials,equal_weight,True
2023-07-03,Sentiment Tilt Equal Weight,WFC,0.017313906372969028,Equity,Financials,equal_weight,True
2023-07-03,Sentiment Tilt Equal Weight,ABBV,0.01695355797114562,Equity,Healthcare,equal_weight,True
2023-07-03,Sentiment Tilt Equal Weight,ABT,0.01695355797114562,Equity,Healthcare,equal_weight,True
2023-07-03,Sentiment Tilt Equal Weight,AMGN,0.01695355797114562,Equity,Healthcare,equal_weight,True
2023-07-03,Sentiment Tilt Equal Weight,GILD,0.01695355797114562,Equity,Healthcare,equal_weight,True
2023-07-03,Sentiment Tilt Equal Weight,MRK,0.01695355797114562,Equity,Healthcare,equal_weight,True
2023-07-03,Sentiment Tilt Equal Weight,BA,0.02728500753830533,Equity,Industrials,equal_weight,True
2023-07-03,Sentiment Tilt Equal Weight,CAT,0.02728500753830533,Equity,Industrials,equal_weight,True
2023-07-03,Sentiment Tilt Equal Weight,GE,0.02728500753830533,Equity,Industrials,equal_weight,True
2023-07-03,Sentiment Tilt Equal Weight,MMM,0.02728500753830533,Equity,Industrials,equal_weight,True
2023-07-03,Sentiment Tilt Equal Weight,UPS,0.02728500753830533,Equity,Industrials,equal_weight,True
2023-07-03,Sentiment Tilt Equal Weight,DD,0.010420277567850815,Equity,Materials,equal_weight,True
2023-07-03,Sentiment Tilt Equal Weight,DOW,0.010420277567850815,Equity,Materials,equal_weight,True
2023-07-03,Sentiment Tilt Equal Weight,NEM,0.010420277567850815,Equity,Materials,equal_weight,True
2023-07-03,Sentiment Tilt Equal Weight,NUE,0.010420277567850815,Equity,Materials,equal_weight,True
2023-07-03,Sentiment Tilt Equal Weight,SHW,0.010420277567850815,Equity,Materials,equal_weight,True
2023-07-03,Sentiment Tilt Equal Weight,AMT,0.018289036219128595,Equity,RealEstate,equal_weight,True
2023-07-03,Sentiment Tilt Equal Weight,CCI,0.018289036219128595,Equity,RealEstate,equal_weight,True
2023-07-03,Sentiment Tilt Equal Weight,O,0.018289036219128595,Equity,RealEstate,equal_weight,True
2023-07-03,Sentiment Tilt Equal Weight,PLD,0.018289036219128595,Equity,RealEstate,equal_weight,True
2023-07-03,Sentiment Tilt Equal Weight,PSA,0.018289036219128595,Equity,RealEstate,equal_weight,True
2023-07-03,Sentiment Tilt Equal Weight,ADBE,0.022070753560125486,Equity,Tech,equal_weight,True
2023-07-03,Sentiment Tilt Equal Weight,AMD,0.022070753560125486,Equity,Tech,equal_weight,True
2023-07-03,Sentiment Tilt Equal Weight,INTC,0.022070753560125486,Equity,Tech,equal_weight,True
2023-07-03,Sentiment Tilt Equal Weight,NVDA,0.022070753560125486,Equity,Tech,equal_weight,True
2023-07-03,Sentiment Tilt Equal Weight,QCOM,0.022070753560125486,Equity,Tech,equal_weight,True
2023-07-03,Sentiment Tilt Equal Weight,AEP,0.03022490467090348,Equity,Utilities,equal_weight,True
2023-07-03,Sentiment Tilt Equal Weight,D,0.03022490467090348,Equity,Utilities,equal_weight,True
2023-07-03,Sentiment Tilt Equal Weight,DUK,0.03022490467090348,Equity,Utilities,equal_weight,True
2023-07-03,Sentiment Tilt Equal Weight,NEE,0.03022490467090348,Equity,Utilities,equal_weight,True
2023-07-03,Sentiment Tilt Equal Weight,SO,0.03022490467090348,Equity,Utilities,equal_weight,True
2023-08-01,Sentiment Tilt Equal Weight,CMCSA,0.019429328270220366,Equity,Comm,equal_weight,True
2023-08-01,Sentiment Tilt Equal Weight,EA,0.019429328270220366,Equity,Comm,equal_weight,True
2023-08-01,Sentiment Tilt Equal Weight,T,0.019429328270220366,Equity,Comm,equal_weight,True
2023-08-01,Sentiment Tilt Equal Weight,TMUS,0.019429328270220366,Equity,Comm,equal_weight,True
2023-08-01,Sentiment Tilt Equal Weight,TTWO,0.019429328270220366,Equity,Comm,equal_weight,True
2023-08-01,Sentiment Tilt Equal Weight,DIS,0.017187311494871692,Equity,Consumer,equal_weight,True
2023-08-01,Sentiment Tilt Equal Weight,KO,0.017187311494871692,Equity,Consumer,equal_weight,True
2023-08-01,Sentiment Tilt Equal Weight,NKE,0.017187311494871692,Equity,Consumer,equal_weight,True
2023-08-01,Sentiment Tilt Equal Weight,SBUX,0.017187311494871692,Equity,Consumer,equal_weight,True
2023-08-01,Sentiment Tilt Equal Weight,WMT,0.017187311494871692,Equity,Consumer,equal_weight,True
2023-08-01,Sentiment Tilt Equal Weight,COP,0.02989922367908183,Equity,Energy,equal_weight,True
2023-08-01,Sentiment Tilt Equal Weight,CVX,0.02989922367908183,Equity,Energy,equal_weight,True
2023-08-01,Sentiment Tilt Equal Weight,OXY,0.02989922367908183,Equity,Energy,equal_weight,True
2023-08-01,Sentiment Tilt Equal Weight,SLB,0.02989922367908183,Equity,Energy,equal_weight,True
2023-08-01,Sentiment Tilt Equal Weight,XOM,0.02989922367908183,Equity,Energy,equal_weight,True
2023-08-01,Sentiment Tilt Equal Weight,GS,0.01217379744411158,Equity,Financials,equal_weight,True
2023-08-01,Sentiment Tilt Equal Weight,MS,0.01217379744411158,Equity,Financials,equal_weight,True
2023-08-01,Sentiment Tilt Equal Weight,USB,0.01217379744411158,Equity,Financials,equal_weight,True
2023-08-01,Sentiment Tilt Equal Weight,V,0.01217379744411158,Equity,Financials,equal_weight,True
2023-08-01,Sentiment Tilt Equal Weight,WFC,0.01217379744411158,Equity,Financials,equal_weight,True
2023-08-01,Sentiment Tilt Equal Weight,ABBV,0.021601791656979268,Equity,Healthcare,equal_weight,True
2023-08-01,Sentiment Tilt Equal Weight,ABT,0.021601791656979268,Equity,Healthcare,equal_weight,True
2023-08-01,Sentiment Tilt Equal Weight,AMGN,0.021601791656979268,Equity,Healthcare,equal_weight,True
2023-08-01,Sentiment Tilt Equal Weight,GILD,0.021601791656979268,Equity,Healthcare,equal_weight,True
2023-08-01,Sentiment Tilt Equal Weight,MRK,0.021601791656979268,Equity,Healthcare,equal_weight,True
2023-08-01,Sentiment Tilt Equal Weight,BA,0.016139447579507915,Equity,Industrials,equal_weight,True
2023-08-01,Sentiment Tilt Equal Weight,CAT,0.016139447579507915,Equity,Industrials,equal_weight,True
2023-08-01,Sentiment Tilt Equal Weight,GE,0.016139447579507915,Equity,Industrials,equal_weight,True
2023-08-01,Sentiment Tilt Equal Weight,MMM,0.016139447579507915,Equity,Industrials,equal_weight,True
2023-08-01,Sentiment Tilt Equal Weight,UPS,0.016139447579507915,Equity,Industrials,equal_weight,True
2023-08-01,Sentiment Tilt Equal Weight,DD,0.011226099900706893,Equity,Materials,equal_weight,True
2023-08-01,Sentiment Tilt Equal Weight,DOW,0.011226099900706893,Equity,Materials,equal_weight,True
2023-08-01,Sentiment Tilt Equal Weight,NEM,0.011226099900706893,Equity,Materials,equal_weight,True
2023-08-01,Sentiment Tilt Equal Weight,NUE,0.011226099900706893,Equity,Materials,equal_weight,True
2023-08-01,Sentiment Tilt Equal Weight,SHW,0.011226099900706893,Equity,Materials,equal_weight,True
2023-08-01,Sentiment Tilt Equal Weight,AMT,0.019187043408034787,Equity,RealEstate,equal_weight,True
2023-08-01,Sentiment Tilt Equal Weight,CCI,0.019187043408034787,Equity,RealEstate,equal_weight,True
2023-08-01,Sentiment Tilt Equal Weight,O,0.019187043408034787,Equity,RealEstate,equal_weight,True
2023-08-01,Sentiment Tilt Equal Weight,PLD,0.019187043408034787,Equity,RealEstate,equal_weight,True
2023-08-01,Sentiment Tilt Equal Weight,PSA,0.019187043408034787,Equity,RealEstate,equal_weight,True
2023-08-01,Sentiment Tilt Equal Weight,ADBE,0.024246924681381576,Equity,Tech,equal_weight,True
2023-08-01,Sentiment Tilt Equal Weight,AMD,0.024246924681381576,Equity,Tech,equal_weight,True
2023-08-01,Sentiment Tilt Equal Weight,INTC,0.024246924681381576,Equity,Tech,equal_weight,True
2023-08-01,Sentiment Tilt Equal Weight,NVDA,0.024246924681381576,Equity,Tech,equal_weight,True
2023-08-01,Sentiment Tilt Equal Weight,QCOM,0.024246924681381576,Equity,Tech,equal_weight,True
2023-08-01,Sentiment Tilt Equal Weight,AEP,0.0289090318851041,Equity,Utilities,equal_weight,True
2023-08-01,Sentiment Tilt Equal Weight,D,0.0289090318851041,Equity,Utilities,equal_weight,True
2023-08-01,Sentiment Tilt Equal Weight,DUK,0.0289090318851041,Equity,Utilities,equal_weight,True
2023-08-01,Sentiment Tilt Equal Weight,NEE,0.0289090318851041,Equity,Utilities,equal_weight,True
2023-08-01,Sentiment Tilt Equal Weight,SO,0.0289090318851041,Equity,Utilities,equal_weight,True
2023-09-01,Sentiment Tilt Equal Weight,CMCSA,0.017253576123642585,Equity,Comm,equal_weight,True
2023-09-01,Sentiment Tilt Equal Weight,EA,0.017253576123642585,Equity,Comm,equal_weight,True
2023-09-01,Sentiment Tilt Equal Weight,T,0.017253576123642585,Equity,Comm,equal_weight,True
2023-09-01,Sentiment Tilt Equal Weight,TMUS,0.017253576123642585,Equity,Comm,equal_weight,True
2023-09-01,Sentiment Tilt Equal Weight,TTWO,0.017253576123642585,Equity,Comm,equal_weight,True
2023-09-01,Sentiment Tilt Equal Weight,DIS,0.02729894871754649,Equity,Consumer,equal_weight,True
2023-09-01,Sentiment Tilt Equal Weight,KO,0.02729894871754649,Equity,Consumer,equal_weight,True
2023-09-01,Sentiment Tilt Equal Weight,NKE,0.02729894871754649,Equity,Consumer,equal_weight,True
2023-09-01,Sentiment Tilt Equal Weight,SBUX,0.02729894871754649,Equity,Consumer,equal_weight,True
2023-09-01,Sentiment Tilt Equal Weight,WMT,0.02729894871754649,Equity,Consumer,equal_weight,True
2023-09-01,Sentiment Tilt Equal Weight,COP,0.012311965535472796,Equity,Energy,equal_weight,True
2023-09-01,Sentiment Tilt Equal Weight,CVX,0.012311965535472796,Equity,Energy,equal_weight,True
2023-09-01,Sentiment Tilt Equal Weight,OXY,0.012311965535472796,Equity,Energy,equal_weight,True
2023-09-01,Sentiment Tilt Equal Weight,SLB,0.012311965535472796,Equity,Energy,equal_weight,True
2023-09-01,Sentiment Tilt Equal Weight,XOM,0.012311965535472796,Equity,Energy,equal_weight,True
2023-09-01,Sentiment Tilt Equal Weight,GS,0.01576759374357645,Equity,Financials,equal_weight,True
2023-09-01,Sentiment Tilt Equal Weight,MS,0.01576759374357645,Equity,Financials,equal_weight,True
2023-09-01,Sentiment Tilt Equal Weight,USB,0.01576759374357645,Equity,Financials,equal_weight,True
2023-09-01,Sentiment Tilt Equal Weight,V,0.01576759374357645,Equity,Financials,equal_weight,True
2023-09-01,Sentiment Tilt Equal Weight,WFC,0.01576759374357645,Equity,Financials,equal_weight,True
2023-09-01,Sentiment Tilt Equal Weight,ABBV,0.01617792295061168,Equity,Healthcare,equal_weight,True
2023-09-01,Sentiment Tilt Equal Weight,ABT,0.01617792295061168,Equity,Healthcare,equal_weight,True
2023-09-01,Sentiment Tilt Equal Weight,AMGN,0.01617792295061168,Equity,Healthcare,equal_weight,True
2023-09-01,Sentiment Tilt Equal Weight,GILD,0.01617792295061168,Equity,Healthcare,equal_weight,True
2023-09-01,Sentiment Tilt Equal Weight,MRK,0.01617792295061168,Equity,Healthcare,equal_weight,True
2023-09-01,Sentiment Tilt Equal Weight,BA,0.013203453055309686,Equity,Industrials,equal_weight,True
2023-09-01,Sentiment Tilt Equal Weight,CAT,0.013203453055309686,Equity,Industrials,equal_weight,True
2023-09-01,Sentiment Tilt Equal Weight,GE,0.013203453055309686,Equity,Industrials,equal_weight,True
2023-09-01,Sentiment Tilt Equal Weight,MMM,0.013203453055309686,Equity,Industrials,equal_weight,True
2023-09-01,Sentiment Tilt Equal Weight,UPS,0.013203453055309686,Equity,Industrials,equal_weight,True
2023-09-01,Sentiment Tilt Equal Weight,DD,0.026575946849177978,Equity,Materials,equal_weight,True
2023-09-01,Sentiment Tilt Equal Weight,DOW,0.026575946849177978,Equity,Materials,equal_weight,True
2023-09-01,Sentiment Tilt Equal Weight,NEM,0.026575946849177978,Equity,Materials,equal_weight,True
2023-09-01,Sentiment Tilt Equal Weight,NUE,0.026575946849177978,Equity,Materials,equal_weight,True
2023-09-01,Sentiment Tilt Equal Weight,SHW,0.026575946849177978,Equity,Materials,equal_weight,True
2023-09-01,Sentiment Tilt Equal Weight,AMT,0.027619692570691107,Equity,RealEstate,equal_weight,True
2023-09-01,Sentiment Tilt Equal Weight,CCI,0.027619692570691107,Equity,RealEstate,equal_weight,True
2023-09-01,Sentiment Tilt Equal Weight,O,0.027619692570691107,Equity,RealEstate,equal_weight,True
2023-09-01,Sentiment Tilt Equal Weight,PLD,0.027619692570691107,Equity,RealEstate,equal_weight,True
2023-09-01,Sentiment Tilt Equal Weight,PSA,0.027619692570691107,Equity,RealEstate,equal_weight,True
2023-09-01,Sentiment Tilt Equal Weight,ADBE,0.01675376817930073,Equity,Tech,equal_weight,True
2023-09-01,Sentiment Tilt Equal Weight,AMD,0.01675376817930073,Equity,Tech,equal_weight,True
2023-09-01,Sentiment Tilt Equal Weight,INTC,0.01675376817930073,Equity,Tech,equal_weight,True
2023-09-01,Sentiment Tilt Equal Weight,NVDA,0.01675376817930073,Equity,Tech,equal_weight,True
2023-09-01,Sentiment Tilt Equal Weight,QCOM,0.01675376817930073,Equity,Tech,equal_weight,True
2023-09-01,Sentiment Tilt Equal Weight,AEP,0.02703713227467051,Equity,Utilities,equal_weight,True
2023-09-01,Sentiment Tilt Equal Weight,D,0.02703713227467051,Equity,Utilities,equal_weight,True
2023-09-01,Sentiment Tilt Equal Weight,DUK,0.02703713227467051,Equity,Utilities,equal_weight,True
2023-09-01,Sentiment Tilt Equal Weight,NEE,0.02703713227467051,Equity,Utilities,equal_weight,True
2023-09-01,Sentiment Tilt Equal Weight,SO,0.02703713227467051,Equity,Utilities,equal_weight,True
2023-10-02,Sentiment Tilt Equal Weight,CMCSA,0.02962812634539873,Equity,Comm,equal_weight,True
2023-10-02,Sentiment Tilt Equal Weight,EA,0.02962812634539873,Equity,Comm,equal_weight,True
2023-10-02,Sentiment Tilt Equal Weight,T,0.02962812634539873,Equity,Comm,equal_weight,True
2023-10-02,Sentiment Tilt Equal Weight,TMUS,0.02962812634539873,Equity,Comm,equal_weight,True
2023-10-02,Sentiment Tilt Equal Weight,TTWO,0.02962812634539873,Equity,Comm,equal_weight,True
2023-10-02,Sentiment Tilt Equal Weight,DIS,0.019430245349669167,Equity,Consumer,equal_weight,True
2023-10-02,Sentiment Tilt Equal Weight,KO,0.019430245349669167,Equity,Consumer,equal_weight,True
2023-10-02,Sentiment Tilt Equal Weight,NKE,0.019430245349669167,Equity,Consumer,equal_weight,True
2023-10-02,Sentiment Tilt Equal Weight,SBUX,0.019430245349669167,Equity,Consumer,equal_weight,True
2023-10-02,Sentiment Tilt Equal Weight,WMT,0.019430245349669167,Equity,Consumer,equal_weight,True
2023-10-02,Sentiment Tilt Equal Weight,COP,0.0212641074660298,Equity,Energy,equal_weight,True
2023-10-02,Sentiment Tilt Equal Weight,CVX,0.0212641074660298,Equity,Energy,equal_weight,True
2023-10-02,Sentiment Tilt Equal Weight,OXY,0.0212641074660298,Equity,Energy,equal_weight,True
2023-10-02,Sentiment Tilt Equal Weight,SLB,0.0212641074660298,Equity,Energy,equal_weight,True
2023-10-02,Sentiment Tilt Equal Weight,XOM,0.0212641074660298,Equity,Energy,equal_weight,True
2023-10-02,Sentiment Tilt Equal Weight,GS,0.02180391623265179,Equity,Financials,equal_weight,True
2023-10-02,Sentiment Tilt Equal Weight,MS,0.02180391623265179,Equity,Financials,equal_weight,True
2023-10-02,Sentiment Tilt Equal Weight,USB,0.02180391623265179,Equity,Financials,equal_weight,True
2023-10-02,Sentiment Tilt Equal Weight,V,0.02180391623265179,Equity,Financials,equal_weight,True
2023-10-02,Sentiment Tilt Equal Weight,WFC,0.02180391623265179,Equity,Financials,equal_weight,True
2023-10-02,Sentiment Tilt Equal Weight,ABBV,0.016782514871782565,Equity,Healthcare,equal_weight,True
2023-10-02,Sentiment Tilt Equal Weight,ABT,0.016782514871782565,Equity,Healthcare,equal_weight,True
2023-10-02,Sentiment Tilt Equal Weight,AMGN,0.016782514871782565,Equity,Healthcare,equal_weight,True
2023-10-02,Sentiment Tilt Equal Weight,GILD,0.016782514871782565,Equity,Healthcare,equal_weight,True
2023-10-02,Sentiment Tilt Equal Weight,MRK,0.016782514871782565,Equity,Healthcare,equal_weight,True
2023-10-02,Sentiment Tilt Equal Weight,BA,0.017712887170244124,Equity,Industrials,equal_weight,True
2023-10-02,Sentiment Tilt Equal Weight,CAT,0.017712887170244124,Equity,Industrials,equal_weight,True
2023-10-02,Sentiment Tilt Equal Weight,GE,0.017712887170244124,Equity,Industrials,equal_weight,True
2023-10-02,Sentiment Tilt Equal Weight,MMM,0.017712887170244124,Equity,Industrials,equal_weight,True
2023-10-02,Sentiment Tilt Equal Weight,UPS,0.017712887170244124,Equity,Industrials,equal_weight,True
2023-10-02,Sentiment Tilt Equal Weight,DD,0.011162729355296256,Equity,Materials,equal_weight,True
2023-10-02,Sentiment Tilt Equal Weight,DOW,0.011162729355296256,Equity,Materials,equal_weight,True
2023-10-02,Sentiment Tilt Equal Weight,NEM,0.011162729355296256,Equity,Materials,equal_weight,True
2023-10-02,Sentiment Tilt Equal Weight,NUE,0.011162729355296256,Equity,Materials,equal_weight,True
2023-10-02,Sentiment Tilt Equal Weight,SHW,0.011162729355296256,Equity,Materials,equal_weight,True
2023-10-02,Sentiment Tilt Equal Weight,AMT,0.018078016096948746,Equity,RealEstate,equal_weight,True
2023-10-02,Sentiment Tilt Equal Weight,CCI,0.018078016096948746,Equity,RealEstate,equal_weight,True
2023-10-02,Sentiment Tilt Equal Weight,O,0.018078016096948746,Equity,RealEstate,equal_weight,True
2023-10-02,Sentiment Tilt Equal Weight,PLD,0.018078016096948746,Equity,RealEstate,equal_weight,True
2023-10-02,Sentiment Tilt Equal Weight,PSA,0.018078016096948746,Equity,RealEstate,equal_weight,True
2023-10-02,Sentiment Tilt Equal Weight,ADBE,0.013937643683877347,Equity,Tech,equal_weight,True
2023-10-02,Sentiment Tilt Equal Weight,AMD,0.013937643683877347,Equity,Tech,equal_weight,True
2023-10-02,Sentiment Tilt Equal Weight,INTC,0.013937643683877347,Equity,Tech,equal_weight,True
2023-10-02,Sentiment Tilt Equal Weight,NVDA,0.013937643683877347,Equity,Tech,equal_weight,True
2023-10-02,Sentiment Tilt Equal Weight,QCOM,0.013937643683877347,Equity,Tech,equal_weight,True
2023-10-02,Sentiment Tilt Equal Weight,AEP,0.03019981342810149,Equity,Utilities,equal_weight,True
2023-10-02,Sentiment Tilt Equal Weight,D,0.03019981342810149,Equity,Utilities,equal_weight,True
2023-10-02,Sentiment Tilt Equal Weight,DUK,0.03019981342810149,Equity,Utilities,equal_weight,True
2023-10-02,Sentiment Tilt Equal Weight,NEE,0.03019981342810149,Equity,Utilities,equal_weight,True
2023-10-02,Sentiment Tilt Equal Weight,SO,0.03019981342810149,Equity,Utilities,equal_weight,True
2023-11-01,Sentiment Tilt Equal Weight,CMCSA,0.027648219880946047,Equity,Comm,equal_weight,True
2023-11-01,Sentiment Tilt Equal Weight,EA,0.027648219880946047,Equity,Comm,equal_weight,True
2023-11-01,Sentiment Tilt Equal Weight,T,0.027648219880946047,Equity,Comm,equal_weight,True
2023-11-01,Sentiment Tilt Equal Weight,TMUS,0.027648219880946047,Equity,Comm,equal_weight,True
2023-11-01,Sentiment Tilt Equal Weight,TTWO,0.027648219880946047,Equity,Comm,equal_weight,True
2023-11-01,Sentiment Tilt Equal Weight,DIS,0.024287302380795833,Equity,Consumer,equal_weight,True
2023-11-01,Sentiment Tilt Equal Weight,KO,0.024287302380795833,Equity,Consumer,equal_weight,True
2023-11-01,Sentiment Tilt Equal Weight,NKE,0.024287302380795833,Equity,Consumer,equal_weight,True
2023-11-01,Sentiment Tilt Equal Weight,SBUX,0.024287302380795833,Equity,Consumer,equal_weight,True
2023-11-01,Sentiment Tilt Equal Weight,WMT,0.024287302380795833,Equity,Consumer,equal_weight,True
2023-11-01,Sentiment Tilt Equal Weight,COP,0.029146245048378414,Equity,Energy,equal_weight,True
2023-11-01,Sentiment Tilt Equal Weight,CVX,0.029146245048378414,Equity,Energy,equal_weight,True
2023-11-01,Sentiment Tilt Equal Weight,OXY,0.029146245048378414,Equity,Energy,equal_weight,True
2023-11-01,Sentiment Tilt Equal Weight,SLB,0.029146245048378414,Equity,Energy,equal_weight,True
2023-11-01,Sentiment Tilt Equal Weight,XOM,0.029146245048378414,Equity,Energy,equal_weight,True
2023-11-01,Sentiment Tilt Equal Weight,GS,0.01863722590908492,Equity,Financials,equal_weight,True
2023-11-01,Sentiment Tilt Equal Weight,MS,0.01863722590908492,Equity,Financials,equal_weight,True
2023-11-01,Sentiment Tilt Equal Weight,USB,0.01863722590908492,Equity,Financials,equal_weight,True
2023-11-01,Sentiment Tilt Equal Weight,V,0.01863722590908492,Equity,Financials,equal_weight,True
2023-11-01,Sentiment Tilt Equal Weight,WFC,0.01863722590908492,Equity,Financials,equal_weight,True
2023-11-01,Sentiment Tilt Equal Weight,ABBV,0.019001433169371848,Equity,Healthcare,equal_weight,True
2023-11-01,Sentiment Tilt Equal Weight,ABT,0.019001433169371848,Equity,Healthcare,equal_weight,True
2023-11-01,Sentiment Tilt Equal Weight,AMGN,0.019001433169371848,Equity,Healthcare,equal_weight,True
2023-11-01,Sentiment Tilt Equal Weight,GILD,0.019001433169371848,Equity,Healthcare,equal_weight,True
2023-11-01,Sentiment Tilt Equal Weight,MRK,0.019001433169371848,Equity,Healthcare,equal_weight,True
2023-11-01,Sentiment Tilt Equal Weight,BA,0.02193000151148262,Equity,Industrials,equal_weight,True
2023-11-01,Sentiment Tilt Equal Weight,CAT,0.02193000151148262,Equity,Industrials,equal_weight,True
2023-11-01,Sentiment Tilt Equal Weight,GE,0.02193000151148262,Equity,Industrials,equal_weight,True
2023-11-01,Sentiment Tilt Equal Weight,MMM,0.02193000151148262,Equity,Industrials,equal_weight,True
2023-11-01,Sentiment Tilt Equal Weight,UPS,0.02193000151148262,Equity,Industrials,equal_weight,True
2023-11-01,Sentiment Tilt Equal Weight,DD,0.009941121388770915,Equity,Materials,equal_weight,True
2023-11-01,Sentiment Tilt Equal Weight,DOW,0.009941121388770915,Equity,Materials,equal_weight,True
2023-11-01,Sentiment Tilt Equal Weight,NEM,0.009941121388770915,Equity,Materials,equal_weight,True
2023-11-01,Sentiment Tilt Equal Weight,NUE,0.009941121388770915,Equity,Materials,equal_weight,True
2023-11-01,Sentiment Tilt Equal Weight,SHW,0.009941121388770915,Equity,Materials,equal_weight,True
2023-11-01,Sentiment Tilt Equal Weight,AMT,0.018176189577334047,Equity,RealEstate,equal_weight,True
2023-11-01,Sentiment Tilt Equal Weight,CCI,0.018176189577334047,Equity,RealEstate,equal_weight,True
2023-11-01,Sentiment Tilt Equal Weight,O,0.018176189577334047,Equity,RealEstate,equal_weight,True
2023-11-01,Sentiment Tilt Equal Weight,PLD,0.018176189577334047,Equity,RealEstate,equal_weight,True
2023-11-01,Sentiment Tilt Equal Weight,PSA,0.018176189577334047,Equity,RealEstate,equal_weight,True
2023-11-01,Sentiment Tilt Equal Weight,ADBE,0.01883963263360546,Equity,Tech,equal_weight,True
2023-11-01,Sentiment Tilt Equal Weight,AMD,0.01883963263360546,Equity,Tech,equal_weight,True
2023-11-01,Sentiment Tilt Equal Weight,INTC,0.01883963263360546,Equity,Tech,equal_weight,True
2023-11-01,Sentiment Tilt Equal Weight,NVDA,0.01883963263360546,Equity,Tech,equal_weight,True
2023-11-01,Sentiment Tilt Equal Weight,QCOM,0.01883963263360546,Equity,Tech,equal_weight,True
2023-11-01,Sentiment Tilt Equal Weight,AEP,0.012392628500229883,Equity,Utilities,equal_weight,True
2023-11-01,Sentiment Tilt Equal Weight,D,0.012392628500229883,Equity,Utilities,equal_weight,True
2023-11-01,Sentiment Tilt Equal Weight,DUK,0.012392628500229883,Equity,Utilities,equal_weight,True
2023-11-01,Sentiment Tilt Equal Weight,NEE,0.012392628500229883,Equity,Utilities,equal_weight,True
2023-11-01,Sentiment Tilt Equal Weight,SO,0.012392628500229883,Equity,Utilities,equal_weight,True
2023-12-01,Sentiment Tilt Equal Weight,CMCSA,0.030097547620719194,Equity,Comm,equal_weight,True
2023-12-01,Sentiment Tilt Equal Weight,EA,0.030097547620719194,Equity,Comm,equal_weight,True
2023-12-01,Sentiment Tilt Equal Weight,T,0.030097547620719194,Equity,Comm,equal_weight,True
2023-12-01,Sentiment Tilt Equal Weight,TMUS,0.030097547620719194,Equity,Comm,equal_weight,True
2023-12-01,Sentiment Tilt Equal Weight,TTWO,0.030097547620719194,Equity,Comm,equal_weight,True
2023-12-01,Sentiment Tilt Equal Weight,DIS,0.010032515873573065,Equity,Consumer,equal_weight,True
2023-12-01,Sentiment Tilt Equal Weight,KO,0.010032515873573065,Equity,Consumer,equal_weight,True
2023-12-01,Sentiment Tilt Equal Weight,NKE,0.010032515873573065,Equity,Consumer,equal_weight,True
2023-12-01,Sentiment Tilt Equal Weight,SBUX,0.010032515873573065,Equity,Consumer,equal_weight,True
2023-12-01,Sentiment Tilt Equal Weight,WMT,0.010032515873573065,Equity,Consumer,equal_weight,True
2023-12-01,Sentiment Tilt Equal Weight,COP,0.02044588567620895,Equity,Energy,equal_weight,True
2023-12-01,Sentiment Tilt Equal Weight,CVX,0.02044588567620895,Equity,Energy,equal_weight,True
2023-12-01,Sentiment Tilt Equal Weight,OXY,0.02044588567620895,Equity,Energy,equal_weight,True
2023-12-01,Sentiment Tilt Equal Weight,SLB,0.02044588567620895,Equity,Energy,equal_weight,True
2023-12-01,Sentiment Tilt Equal Weight,XOM,0.02044588567620895,Equity,Energy,equal_weight,True
2023-12-01,Sentiment Tilt Equal Weight,GS,0.02261348129530276,Equity,Financials,equal_weight,True
2023-12-01,Sentiment Tilt Equal Weight,MS,0.02261348129530276,Equity,Financials,equal_weight,True
2023-12-01,Sentiment Tilt Equal Weight,USB,0.02261348129530276,Equity,Financials,equal_weight,True
2023-12-01,Sentiment Tilt Equal Weight,V,0.02261348129530276,Equity,Financials,equal_weight,True
2023-12-01,Sentiment Tilt Equal Weight,WFC,0.02261348129530276,Equity,Financials,equal_weight,True
2023-12-01,Sentiment Tilt Equal Weight,ABBV,0.016105900226352637,Equity,Healthcare,equal_weight,True
2023-12-01,Sentiment Tilt Equal Weight,ABT,0.016105900226352637,Equity,Healthcare,equal_weight,True
2023-12-01,Sentiment Tilt Equal Weight,AMGN,0.016105900226352637,Equity,Healthcare,equal_weight,True
2023-12-01,Sentiment Tilt Equal Weight,GILD,0.016105900226352637,Equity,Healthcare,equal_weight,True
2023-12-01,Sentiment Tilt Equal Weight,MRK,0.016105900226352637,Equity,Healthcare,equal_weight,True
2023-12-01,Sentiment Tilt Equal Weight,BA,0.018718628921145335,Equity,Industrials,equal_weight,True
2023-12-01,Sentiment Tilt Equal Weight,CAT,0.018718628921145335,Equity,Industrials,equal_weight,True
2023-12-01,Sentiment Tilt Equal Weight,GE,0.018718628921145335,Equity,Industrials,equal_weight,True
2023-12-01,Sentiment Tilt Equal Weight,MMM,0.018718628921145335,Equity,Industrials,equal_weight,True
2023-12-01,Sentiment Tilt Equal Weight,UPS,0.018718628921145335,Equity,Industrials,equal_weight,True
2023-12-01,Sentiment Tilt Equal Weight,DD,0.021114756136351123,Equity,Materials,equal_weight,True
2023-12-01,Sentiment Tilt Equal Weight,DOW,0.021114756136351123,Equity,Materials,equal_weight,True
2023-12-01,Sentiment Tilt Equal Weight,NEM,0.021114756136351123,Equity,Materials,equal_weight,True
2023-12-01,Sentiment Tilt Equal Weight,NUE,0.021114756136351123,Equity,Materials,equal_weight,True
2023-12-01,Sentiment Tilt Equal Weight,SHW,0.021114756136351123,Equity,Materials,equal_weight,True
2023-12-01,Sentiment Tilt Equal Weight,AMT,0.018020444048501113,Equity,RealEstate,equal_weight,True
2023-12-01,Sentiment Tilt Equal Weight,CCI,0.018020444048501113,Equity,RealEstate,equal_weight,True
2023-12-01,Sentiment Tilt Equal Weight,O,0.018020444048501113,Equity,RealEstate,equal_weight,True
2023-12-01,Sentiment Tilt Equal Weight,PLD,0.018020444048501113,Equity,RealEstate,equal_weight,True
2023-12-01,Sentiment Tilt Equal Weight,PSA,0.018020444048501113,Equity,RealEstate,equal_weight,True
2023-12-01,Sentiment Tilt Equal Weight,ADBE,0.014728409902811256,Equity,Tech,equal_weight,True
2023-12-01,Sentiment Tilt Equal Weight,AMD,0.014728409902811256,Equity,Tech,equal_weight,True
2023-12-01,Sentiment Tilt Equal Weight,INTC,0.014728409902811256,Equity,Tech,equal_weight,True
2023-12-01,Sentiment Tilt Equal Weight,NVDA,0.014728409902811256,Equity,Tech,equal_weight,True
2023-12-01,Sentiment Tilt Equal Weight,QCOM,0.014728409902811256,Equity,Tech,equal_weight,True
2023-12-01,Sentiment Tilt Equal Weight,AEP,0.028122430299034558,Equity,Utilities,equal_weight,True
2023-12-01,Sentiment Tilt Equal Weight,D,0.028122430299034558,Equity,Utilities,equal_weight,True
2023-12-01,Sentiment Tilt Equal Weight,DUK,0.028122430299034558,Equity,Utilities,equal_weight,True
2023-12-01,Sentiment Tilt Equal Weight,NEE,0.028122430299034558,Equity,Utilities,equal_weight,True
2023-12-01,Sentiment Tilt Equal Weight,SO,0.028122430299034558,Equity,Utilities,equal_weight,True
2021-01-04,Sentiment Tilt Min Vol,CMCSA,0.0014744096486906143,Equity,Comm,min_vol,True
2021-01-04,Sentiment Tilt Min Vol,EA,0.06401551003368929,Equity,Comm,min_vol,True
2021-01-04,Sentiment Tilt Min Vol,T,0.0014744096486906143,Equity,Comm,min_vol,True
2021-01-04,Sentiment Tilt Min Vol,TMUS,0.0014744096486906143,Equity,Comm,min_vol,True
2021-01-04,Sentiment Tilt Min Vol,TTWO,0.04042136924992552,Equity,Comm,min_vol,True
2021-01-04,Sentiment Tilt Min Vol,DIS,0.0014744096486906143,Equity,Consumer,min_vol,True
2021-01-04,Sentiment Tilt Min Vol,KO,0.04363371329531612,Equity,Consumer,min_vol,True
2021-01-04,Sentiment Tilt Min Vol,NKE,0.02744831621171927,Equity,Consumer,min_vol,True
2021-01-04,Sentiment Tilt Min Vol,SBUX,0.0014744096486906143,Equity,Consumer,min_vol,True
2021-01-04,Sentiment Tilt Min Vol,WMT,0.20000000000000004,Equity,Consumer,min_vol,True
2021-01-04,Sentiment Tilt Min Vol,COP,0.0014744096486906143,Equity,Energy,min_vol,True
2021-01-04,Sentiment Tilt Min Vol,CVX,0.0014744096486906473,Equity,Energy,min_vol,True
2021-01-04,Sentiment Tilt Min Vol,OXY,0.0014744096486906326,Equity,Energy,min_vol,True
2021-01-04,Sentiment Tilt Min Vol,SLB,0.0014744096486906159,Equity,Energy,min_vol,True
2021-01-04,Sentiment Tilt Min Vol,XOM,0.0014744096486906243,Equity,Energy,min_vol,True
2021-01-04,Sentiment Tilt Min Vol,GS,0.0014744096486906143,Equity,Financials,min_vol,True
2021-01-04,Sentiment Tilt Min Vol,MS,0.0014744096486906143,Equity,Financials,min_vol,True
2021-01-04,Sentiment Tilt Min Vol,USB,0.0014744096486906234,Equity,Financials,min_vol,True
2021-01-04,Sentiment Tilt Min Vol,V,0.0014744096486906443,Equity,Financials,min_vol,True
2021-01-04,Sentiment Tilt Min Vol,WFC,0.0014744096486906208,Equity,Financials,min_vol,True
2021-01-04,Sentiment Tilt Min Vol,ABBV,0.11819908121739148,Equity,Healthcare,min_vol,True
2021-01-04,Sentiment Tilt Min Vol,ABT,0.0014744096486906206,Equity,Healthcare,min_vol,True
2021-01-04,Sentiment Tilt Min Vol,AMGN,0.0014744096486906423,Equity,Healthcare,min_vol,True
2021-01-04,Sentiment Tilt Min Vol,GILD,0.11371985230775634,Equity,Healthcare,min_vol,True
2021-01-04,Sentiment Tilt Min Vol,MRK,0.06910436769490338,Equity,Healthcare,min_vol,True
2021-01-04,Sentiment Tilt Min Vol,BA,0.0014744096486906143,Equity,Industrials,min_vol,True
2021-01-04,Sentiment Tilt Min Vol,CAT,0.0014744096486906267,Equity,Industrials,min_vol,True
2021-01-04,Sentiment Tilt Min Vol,GE,0.0014744096486906202,Equity,Industrials,min_vol,True
2021-01-04,Sentiment Tilt Min Vol,MMM,0.06494493672462114,Equity,Industrials,min_vol,True
2021-01-04,Sentiment Tilt Min Vol,UPS,0.02634844194013691,Equity,Industrials,min_vol,True
2021-01-04,Sentiment Tilt Min Vol,DD,0.0014744096486906297,Equity,Materials,min_vol,True
2021-01-04,Sentiment Tilt Min Vol,DOW,0.0014744096486906143,Equity,Materials,min_vol,True
2021-01-04,Sentiment Tilt Min Vol,NEM,0.11580306395391683,Equity,Materials,min_vol,True
2021-01-04,Sentiment Tilt Min Vol,NUE,0.0014744096486906143,Equity,Materials,min_vol,True
2021-01-04,Sentiment Tilt Min Vol,SHW,0.001474409648690638,Equity,Materials,min_vol,True
2021-01-04,Sentiment Tilt Min Vol,AMT,0.0014744096486906143,Equity,RealEstate,min_vol,True
2021-01-04,Sentiment Tilt Min Vol,CCI,0.0014744096486906224,Equity,RealEstate,min_vol,True
2021-01-04,Sentiment Tilt Min Vol,O,0.001474409648690651,Equity,RealEstate,min_vol,True
2021-01-04,Sentiment Tilt Min Vol,PLD,0.0014744096486906143,Equity,RealEstate,min_vol,True
2021-01-04,Sentiment Tilt Min Vol,PSA,0.060333780720380197,Equity,RealEstate,min_vol,True
2021-01-04,Sentiment Tilt Min Vol,ADBE,0.0014744096486906356,Equity,Tech,min_vol,True
2021-01-04,Sentiment Tilt Min Vol,AMD,0.0014744096486906143,Equity,Tech,min_vol,True
2021-01-04,Sentiment Tilt Min Vol,INTC,0.0014744096486906143,Equity,Tech,min_vol,True
2021-01-04,Sentiment Tilt Min Vol,NVDA,0.0014744096486906143,Equity,Tech,min_vol,True
2021-01-04,Sentiment Tilt Min Vol,QCOM,0.0014744096486906202,Equity,Tech,min_vol,True
2021-01-04,Sentiment Tilt Min Vol,AEP,0.0014744096486906206,Equity,Utilities,min_vol,True
2021-01-04,Sentiment Tilt Min Vol,D,0.00147440964869062,Equity,Utilities,min_vol,True
2021-01-04,Sentiment Tilt Min Vol,DUK,0.0014744096486906143,Equity,Utilities,min_vol,True
2021-01-04,Sentiment Tilt Min Vol,NEE,0.0014744096486906143,Equity,Utilities,min_vol,True
2021-01-04,Sentiment Tilt Min Vol,SO,0.0014744096486906438,Equity,Utilities,min_vol,True
2021-02-01,Sentiment Tilt Min Vol,CMCSA,0.0006764965946398139,Equity,Comm,min_vol,True
2021-02-01,Sentiment Tilt Min Vol,EA,0.09534655509627797,Equity,Comm,min_vol,True
2021-02-01,Sentiment Tilt Min Vol,T,0.000676496594639788,Equity,Comm,min_vol,True
2021-02-01,Sentiment Tilt Min Vol,TMUS,0.000676496594639788,Equity,Comm,min_vol,True
2021-02-01,Sentiment Tilt Min Vol,TTWO,0.051732662084306456,Equity,Comm,min_vol,True
2021-02-01,Sentiment Tilt Min Vol,DIS,0.000676496594639788,Equity,Consumer,min_vol,True
2021-02-01,Sentiment Tilt Min Vol,KO,0.03921090298090047,Equity,Consumer,min_vol,True
2021-02-01,Sentiment Tilt Min Vol,NKE,0.013661497617510818,Equity,Consumer,min_vol,True
2021-02-01,Sentiment Tilt Min Vol,SBUX,0.0006764965946397947,Equity,Consumer,min_vol,True
2021-02-01,Sentiment Tilt Min Vol,WMT,0.20000000000000004,Equity,Consumer,min_vol,True
2021-02-01,Sentiment Tilt Min Vol,COP,0.000676496594639788,Equity,Energy,min_vol,True
2021-02-01,Sentiment Tilt Min Vol,CVX,0.000676496594639788,Equity,Energy,min_vol,True
2021-02-01,Sentiment Tilt Min Vol,OXY,0.0006764965946397978,Equity,Energy,min_vol,True
2021-02-01,Sentiment Tilt Min Vol,SLB,0.000676496594639788,Equity,Energy,min_vol,True
2021-02-01,Sentiment Tilt Min Vol,XOM,0.000676496594639788,Equity,Energy,min_vol,True
2021-02-01,Sentiment Tilt Min Vol,GS,0.0006764965946398122,Equity,Financials,min_vol,True
2021-02-01,Sentiment Tilt Min Vol,MS,0.0006764965946398066,Equity,Financials,min_vol,True
2021-02-01,Sentiment Tilt Min Vol,USB,0.000676496594639788,Equity,Financials,min_vol,True
2021-02-01,Sentiment Tilt Min Vol,V,0.000676496594639788,Equity,Financials,min_vol,True
2021-02-01,Sentiment Tilt Min Vol,WFC,0.000676496594639788,Equity,Financials,min_vol,True
2021-02-01,Sentiment Tilt Min Vol,ABBV,0.08722260198562846,Equity,Healthcare,min_vol,True
2021-02-01,Sentiment Tilt Min Vol,ABT,0.0006764965946397882,Equity,Healthcare,min_vol,True
2021-02-01,Sentiment Tilt Min Vol,AMGN,0.000676496594639788,Equity,Healthcare,min_vol,True
2021-02-01,Sentiment Tilt Min Vol,GILD,0.08556844068707273,Equity,Healthcare,min_vol,True
2021-02-01,Sentiment Tilt Min Vol,MRK,0.05688170524295139,Equity,Healthcare,min_vol,True
2021-02-01,Sentiment Tilt Min Vol,BA,0.000676496594639788,Equity,Industrials,min_vol,True
2021-02-01,Sentiment Tilt Min Vol,CAT,0.0006764965946398101,Equity,Industrials,min_vol,True
2021-02-01,Sentiment Tilt Min Vol,GE,0.0006764965946398112,Equity,Industrials,min_vol,True
2021-02-01,Sentiment Tilt Min Vol,MMM,0.11315404502874853,Equity,Industrials,min_vol,True
2021-02-01,Sentiment Tilt Min Vol,UPS,0.03339163861077385,Equity,Industrials,min_vol,True
2021-02-01,Sentiment Tilt Min Vol,DD,0.0006764965946398163,Equity,Materials,min_vol,True
2021-02-01,Sentiment Tilt Min Vol,DOW,0.000676496594639814,Equity,Materials,min_vol,True
2021-02-01,Sentiment Tilt Min Vol,NEM,0.13195710026021717,Equity,Materials,min_vol,True
2021-02-01,Sentiment Tilt Min Vol,NUE,0.0006764965946397994,Equity,Materials,min_vol,True
2021-02-01,Sentiment Tilt Min Vol,SHW,0.000676496594639788,Equity,Materials,min_vol,True
2021-02-01,Sentiment Tilt Min Vol,AMT,0.000676496594639788,Equity,RealEstate,min_vol,True
2021-02-01,Sentiment Tilt Min Vol,CCI,0.000676496594639788,Equity,RealEstate,min_vol,True
2021-02-01,Sentiment Tilt Min Vol,O,0.0006764965946397896,Equity,RealEstate,min_vol,True
2021-02-01,Sentiment Tilt Min Vol,PLD,0.000676496594639788,Equity,RealEstate,min_vol,True
2021-02-01,Sentiment Tilt Min Vol,PSA,0.06616597980929982,Equity,RealEstate,min_vol,True
2021-02-01,Sentiment Tilt Min Vol,ADBE,0.000676496594639788,Equity,Tech,min_vol,True
2021-02-01,Sentiment Tilt Min Vol,AMD,0.0006764965946398266,Equity,Tech,min_vol,True
2021-02-01,Sentiment Tilt Min Vol,INTC,0.0006764965946398263,Equity,Tech,min_vol,True
2021-02-01,Sentiment Tilt Min Vol,NVDA,0.0006764965946398353,Equity,Tech,min_vol,True
2021-02-01,Sentiment Tilt Min Vol,QCOM,0.0006764965946398075,Equity,Tech,min_vol,True
2021-02-01,Sentiment Tilt Min Vol,AEP,0.0006764965946398821,Equity,Utilities,min_vol,True
2021-02-01,Sentiment Tilt Min Vol,D,0.0006764965946397961,Equity,Utilities,min_vol,True
2021-02-01,Sentiment Tilt Min Vol,DUK,0.0006764965946397922,Equity,Utilities,min_vol,True
2021-02-01,Sentiment Tilt Min Vol,NEE,0.0006764965946398056,Equity,Utilities,min_vol,True
2021-02-01,Sentiment Tilt Min Vol,SO,0.0006764965946398287,Equity,Utilities,min_vol,True
2021-03-01,Sentiment Tilt Min Vol,CMCSA,0.001330526276135803,Equity,Comm,min_vol,True
2021-03-01,Sentiment Tilt Min Vol,EA,0.10856678970436043,Equity,Comm,min_vol,True
2021-03-01,Sentiment Tilt Min Vol,T,0.0013305262761358848,Equity,Comm,min_vol,True
2021-03-01,Sentiment Tilt Min Vol,TMUS,0.0013305262761358545,Equity,Comm,min_vol,True
2021-03-01,Sentiment Tilt Min Vol,TTWO,0.05133476859236062,Equity,Comm,min_vol,True
2021-03-01,Sentiment Tilt Min Vol,DIS,0.0013305262761358102,Equity,Consumer,min_vol,True
2021-03-01,Sentiment Tilt Min Vol,KO,0.03929894613646823,Equity,Consumer,min_vol,True
2021-03-01,Sentiment Tilt Min Vol,NKE,0.017544267625246066,Equity,Consumer,min_vol,True
2021-03-01,Sentiment Tilt Min Vol,SBUX,0.001330526276135803,Equity,Consumer,min_vol,True
2021-03-01,Sentiment Tilt Min Vol,WMT,0.2,Equity,Consumer,min_vol,True
2021-03-01,Sentiment Tilt Min Vol,COP,0.001330526276135803,Equity,Energy,min_vol,True
2021-03-01,Sentiment Tilt Min Vol,CVX,0.001330526276135806,Equity,Energy,min_vol,True
2021-03-01,Sentiment Tilt Min Vol,OXY,0.0013305262761358215,Equity,Energy,min_vol,True
2021-03-01,Sentiment Tilt Min Vol,SLB,0.0013305262761358237,Equity,Energy,min_vol,True
2021-03-01,Sentiment Tilt Min Vol,XOM,0.0013305262761358185,Equity,Energy,min_vol,True
2021-03-01,Sentiment Tilt Min Vol,GS,0.001330526276135803,Equity,Financials,min_vol,True
2021-03-01,Sentiment Tilt Min Vol,MS,0.001330526276135834,Equity,Financials,min_vol,True
2021-03-01,Sentiment Tilt Min Vol,USB,0.0013305262761358293,Equity,Financials,min_vol,True
2021-03-01,Sentiment Tilt Min Vol,V,0.001330526276135803,Equity,Financials,min_vol,True
2021-03-01,Sentiment Tilt Min Vol,WFC,0.001330526276135803,Equity,Financials,min_vol,True
2021-03-01,Sentiment Tilt Min Vol,ABBV,0.07118678629689003,Equity,Healthcare,min_vol,True
2021-03-01,Sentiment Tilt Min Vol,ABT,0.001330526276135807,Equity,Healthcare,min_vol,True
2021-03-01,Sentiment Tilt Min Vol,AMGN,0.00133052627613581,Equity,Healthcare,min_vol,True
2021-03-01,Sentiment Tilt Min Vol,GILD,0.06584758970912402,Equity,Healthcare,min_vol,True
2021-03-01,Sentiment Tilt Min Vol,MRK,0.03360268346836894,Equity,Healthcare,min_vol,True
2021-03-01,Sentiment Tilt Min Vol,BA,0.001330526276135803,Equity,Industrials,min_vol,True
2021-03-01,Sentiment Tilt Min Vol,CAT,0.001330526276135803,Equity,Industrials,min_vol,True
2021-03-01,Sentiment Tilt Min Vol,GE,0.0013305262761358055,Equity,Industrials,min_vol,True
2021-03-01,Sentiment Tilt Min Vol,MMM,0.07121422262831184,Equity,Industrials,min_vol,True
2021-03-01,Sentiment Tilt Min Vol,UPS,0.033465852637149296,Equity,Industrials,min_vol,True
2021-03-01,Sentiment Tilt Min Vol,DD,0.0013305262761358172,Equity,Materials,min_vol,True
2021-03-01,Sentiment Tilt Min Vol,DOW,0.001330526276135803,Equity,Materials,min_vol,True
2021-03-01,Sentiment Tilt Min Vol,NEM,0.1310032605750257,Equity,Materials,min_vol,True
2021-03-01,Sentiment Tilt Min Vol,NUE,0.001330526276135803,Equity,Materials,min_vol,True
2021-03-01,Sentiment Tilt Min Vol,SHW,0.001330526276135803,Equity,Materials,min_vol,True
2021-03-01,Sentiment Tilt Min Vol,AMT,0.0013305262761358324,Equity,RealEstate,min_vol,True
2021-03-01,Sentiment Tilt Min Vol,CCI,0.001330526276135803,Equity,RealEstate,min_vol,True
2021-03-01,Sentiment Tilt Min Vol,O,0.0013305262761358358,Equity,RealEstate,min_vol,True
2021-03-01,Sentiment Tilt Min Vol,PLD,0.0013305262761358046,Equity,RealEstate,min_vol,True
2021-03-01,Sentiment Tilt Min Vol,PSA,0.12637483413353381,Equity,RealEstate,min_vol,True
2021-03-01,Sentiment Tilt Min Vol,ADBE,0.0013305262761358298,Equity,Tech,min_vol,True
2021-03-01,Sentiment Tilt Min Vol,AMD,0.001330526276135803,Equity,Tech,min_vol,True
2021-03-01,Sentiment Tilt Min Vol,INTC,0.0013305262761358193,Equity,Tech,min_vol,True
2021-03-01,Sentiment Tilt Min Vol,NVDA,0.001330526276135803,Equity,Tech,min_vol,True
2021-03-01,Sentiment Tilt Min Vol,QCOM,0.001330526276135803,Equity,Tech,min_vol,True
2021-03-01,Sentiment Tilt Min Vol,AEP,0.0013305262761358085,Equity,Utilities,min_vol,True
2021-03-01,Sentiment Tilt Min Vol,D,0.001330526276135803,Equity,Utilities,min_vol,True
2021-03-01,Sentiment Tilt Min Vol,DUK,0.001330526276135803,Equity,Utilities,min_vol,True
2021-03-01,Sentiment Tilt Min Vol,NEE,0.0013305262761358074,Equity,Utilities,min_vol,True
2021-03-01,Sentiment Tilt Min Vol,SO,0.0013305262761358094,Equity,Utilities,min_vol,True
2021-04-01,Sentiment Tilt Min Vol,CMCSA,0.0020112600901891413,Equity,Comm,min_vol,True
2021-04-01,Sentiment Tilt Min Vol,EA,0.05743893332843334,Equity,Comm,min_vol,True
2021-04-01,Sentiment Tilt Min Vol,T,0.05528650415521874,Equity,Comm,min_vol,True
2021-04-01,Sentiment Tilt Min Vol,TMUS,0.002011260090189131,Equity,Comm,min_vol,True
2021-04-01,Sentiment Tilt Min Vol,TTWO,0.052234057133967796,Equity,Comm,min_vol,True
2021-04-01,Sentiment Tilt Min Vol,DIS,0.027426827978892163,Equity,Consumer,min_vol,True
2021-04-01,Sentiment Tilt Min Vol,KO,0.002011260090189131,Equity,Consumer,min_vol,True
2021-04-01,Sentiment Tilt Min Vol,NKE,0.024693921959206548,Equity,Consumer,min_vol,True
2021-04-01,Sentiment Tilt Min Vol,SBUX,0.0020112600901891547,Equity,Consumer,min_vol,True
2021-04-01,Sentiment Tilt Min Vol,WMT,0.2,Equity,Consumer,min_vol,True
2021-04-01,Sentiment Tilt Min Vol,COP,0.002011260090189131,Equity,Energy,min_vol,True
2021-04-01,Sentiment Tilt Min Vol,CVX,0.002011260090189131,Equity,Energy,min_vol,True
2021-04-01,Sentiment Tilt Min Vol,OXY,0.002011260090189131,Equity,Energy,min_vol,True
2021-04-01,Sentiment Tilt Min Vol,SLB,0.002011260090189131,Equity,Energy,min_vol,True
2021-04-01,Sentiment Tilt Min Vol,XOM,0.0020112600901891343,Equity,Energy,min_vol,True
2021-04-01,Sentiment Tilt Min Vol,GS,0.0020112600901891413,Equity,Financials,min_vol,True
2021-04-01,Sentiment Tilt Min Vol,MS,0.002011260090189131,Equity,Financials,min_vol,True
2021-04-01,Sentiment Tilt Min Vol,USB,0.002011260090189131,Equity,Financials,min_vol,True
2021-04-01,Sentiment Tilt Min Vol,V,0.002011260090189131,Equity,Financials,min_vol,True
2021-04-01,Sentiment Tilt Min Vol,WFC,0.0020112600901891486,Equity,Financials,min_vol,True
2021-04-01,Sentiment Tilt Min Vol,ABBV,0.0898254552943143,Equity,Healthcare,min_vol,True
2021-04-01,Sentiment Tilt Min Vol,ABT,0.002011260090189131,Equity,Healthcare,min_vol,True
2021-04-01,Sentiment Tilt Min Vol,AMGN,0.002011260090189131,Equity,Healthcare,min_vol,True
2021-04-01,Sentiment Tilt Min Vol,GILD,0.05795394118657896,Equity,Healthcare,min_vol,True
2021-04-01,Sentiment Tilt Min Vol,MRK,0.05518769112016067,Equity,Healthcare,min_vol,True
2021-04-01,Sentiment Tilt Min Vol,BA,0.002011260090189139,Equity,Industrials,min_vol,True
2021-04-01,Sentiment Tilt Min Vol,CAT,0.002011260090189131,Equity,Industrials,min_vol,True
2021-04-01,Sentiment Tilt Min Vol,GE,0.002011260090189142,Equity,Industrials,min_vol,True
2021-04-01,Sentiment Tilt Min Vol,MMM,0.11594930706206548,Equity,Industrials,min_vol,True
2021-04-01,Sentiment Tilt Min Vol,UPS,0.0020112600901891404,Equity,Industrials,min_vol,True
2021-04-01,Sentiment Tilt Min Vol,DD,0.002011260090189145,Equity,Materials,min_vol,True
2021-04-01,Sentiment Tilt Min Vol,DOW,0.0020112600901891417,Equity,Materials,min_vol,True
2021-04-01,Sentiment Tilt Min Vol,NEM,0.022206870595527027,Equity,Materials,min_vol,True
2021-04-01,Sentiment Tilt Min Vol,NUE,0.002011260090189136,Equity,Materials,min_vol,True
2021-04-01,Sentiment Tilt Min Vol,SHW,0.0020112600901891387,Equity,Materials,min_vol,True
2021-04-01,Sentiment Tilt Min Vol,AMT,0.002011260090189131,Equity,RealEstate,min_vol,True
2021-04-01,Sentiment Tilt Min Vol,CCI,0.0020112600901891404,Equity,RealEstate,min_vol,True
2021-04-01,Sentiment Tilt Min Vol,O,0.002011260090189131,Equity,RealEstate,min_vol,True
2021-04-01,Sentiment Tilt Min Vol,PLD,0.002011260090189132,Equity,RealEstate,min_vol,True
2021-04-01,Sentiment Tilt Min Vol,PSA,0.0945960264098165,Equity,RealEstate,min_vol,True
2021-04-01,Sentiment Tilt Min Vol,ADBE,0.002011260090189131,Equity,Tech,min_vol,True
2021-04-01,Sentiment Tilt Min Vol,AMD,0.002011260090189133,Equity,Tech,min_vol,True
2021-04-01,Sentiment Tilt Min Vol,INTC,0.002011260090189131,Equity,Tech,min_vol,True
2021-04-01,Sentiment Tilt Min Vol,NVDA,0.0020112600901891326,Equity,Tech,min_vol,True
2021-04-01,Sentiment Tilt Min Vol,QCOM,0.002011260090189131,Equity,Tech,min_vol,True
2021-04-01,Sentiment Tilt Min Vol,AEP,0.012714637970255082,Equity,Utilities,min_vol,True
2021-04-01,Sentiment Tilt Min Vol,D,0.059715638565846454,Equity,Utilities,min_vol,True
2021-04-01,Sentiment Tilt Min Vol,DUK,0.004376084083097229,Equity,Utilities,min_vol,True
2021-04-01,Sentiment Tilt Min Vol,NEE,0.002011260090189146,Equity,Utilities,min_vol,True
2021-04-01,Sentiment Tilt Min Vol,SO,0.002011260090189133,Equity,Utilities,min_vol,True
2021-05-03,Sentiment Tilt Min Vol,CMCSA,7.057557187565831e-18,Equity,Comm,min_vol,True
2021-05-03,Sentiment Tilt Min Vol,EA,0.06398549085405635,Equity,Comm,min_vol,True
2021-05-03,Sentiment Tilt Min Vol,T,0.09732645033579329,Equity,Comm,min_vol,True
2021-05-03,Sentiment Tilt Min Vol,TMUS,0.0,Equity,Comm,min_vol,True
2021-05-03,Sentiment Tilt Min Vol,TTWO,0.06253794920063159,Equity,Comm,min_vol,True
2021-05-03,Sentiment Tilt Min Vol,DIS,0.005152020571566482,Equity,Consumer,min_vol,True
2021-05-03,Sentiment Tilt Min Vol,KO,8.067489253357955e-20,Equity,Consumer,min_vol,True
2021-05-03,Sentiment Tilt Min Vol,NKE,0.029297791242013857,Equity,Consumer,min_vol,True
2021-05-03,Sentiment Tilt Min Vol,SBUX,0.006176128394713036,Equity,Consumer,min_vol,True
2021-05-03,Sentiment Tilt Min Vol,WMT,0.13783678821488385,Equity,Consumer,min_vol,True
2021-05-03,Sentiment Tilt Min Vol,COP,0.0,Equity,Energy,min_vol,True
2021-05-03,Sentiment Tilt Min Vol,CVX,1.0488105209252963e-18,Equity,Energy,min_vol,True
2021-05-03,Sentiment Tilt Min Vol,OXY,1.5075519983641166e-17,Equity,Energy,min_vol,True
2021-05-03,Sentiment Tilt Min Vol,SLB,0.0,Equity,Energy,min_vol,True
2021-05-03,Sentiment Tilt Min Vol,XOM,0.0,Equity,Energy,min_vol,True
2021-05-03,Sentiment Tilt Min Vol,GS,0.0,Equity,Financials,min_vol,True
2021-05-03,Sentiment Tilt Min Vol,MS,1.6828437138682138e-18,Equity,Financials,min_vol,True
2021-05-03,Sentiment Tilt Min Vol,USB,0.0,Equity,Financials,min_vol,True
2021-05-03,Sentiment Tilt Min Vol,V,0.0,Equity,Financials,min_vol,True
2021-05-03,Sentiment Tilt Min Vol,WFC,0.0,Equity,Financials,min_vol,True
2021-05-03,Sentiment Tilt Min Vol,ABBV,0.0936096173967355,Equity,Healthcare,min_vol,True
2021-05-03,Sentiment Tilt Min Vol,ABT,2.891996549603072e-18,Equity,Healthcare,min_vol,True
2021-05-03,Sentiment Tilt Min Vol,AMGN,2.1654481528140332e-18,Equity,Healthcare,min_vol,True
2021-05-03,Sentiment Tilt Min Vol,GILD,0.06086073645828138,Equity,Healthcare,min_vol,True
2021-05-03,Sentiment Tilt Min Vol,MRK,0.10020585047582223,Equity,Healthcare,min_vol,True
2021-05-03,Sentiment Tilt Min Vol,BA,0.0,Equity,Industrials,min_vol,True
2021-05-03,Sentiment Tilt Min Vol,CAT,3.038725837893934e-18,Equity,Industrials,min_vol,True
2021-05-03,Sentiment Tilt Min Vol,GE,1.7164168849447635e-18,Equity,Industrials,min_vol,True
2021-05-03,Sentiment Tilt Min Vol,MMM,0.05152373999221664,Equity,Industrials,min_vol,True
2021-05-03,Sentiment Tilt Min Vol,UPS,0.0,Equity,Industrials,min_vol,True
2021-05-03,Sentiment Tilt Min Vol,DD,0.0,Equity,Materials,min_vol,True
2021-05-03,Sentiment Tilt Min Vol,DOW,6.17945791171961e-19,Equity,Materials,min_vol,True
2021-05-03,Sentiment Tilt Min Vol,NEM,0.006618716126143475,Equity,Materials,min_vol,True
2021-05-03,Sentiment Tilt Min Vol,NUE,1.7158243755634464e-18,Equity,Materials,min_vol,True
2021-05-03,Sentiment Tilt Min Vol,SHW,0.0,Equity,Materials,min_vol,True
2021-05-03,Sentiment Tilt Min Vol,AMT,4.7369437546378184e-18,Equity,RealEstate,min_vol,True
2021-05-03,Sentiment Tilt Min Vol,CCI,3.772052218412446e-18,Equity,RealEstate,min_vol,True
2021-05-03,Sentiment Tilt Min Vol,O,0.0,Equity,RealEstate,min_vol,True
2021-05-03,Sentiment Tilt Min Vol,PLD,0.0,Equity,RealEstate,min_vol,True
2021-05-03,Sentiment Tilt Min Vol,PSA,0.08536811259123486,Equity,RealEstate,min_vol,True
2021-05-03,Sentiment Tilt Min Vol,ADBE,3.228725396220262e-19,Equity,Tech,min_vol,True
2021-05-03,Sentiment Tilt Min Vol,AMD,4.2510783705212913e-19,Equity,Tech,min_vol,True
2021-05-03,Sentiment Tilt Min Vol,INTC,0.0,Equity,Tech,min_vol,True
2021-05-03,Sentiment Tilt Min Vol,NVDA,3.0000236427812523e-18,Equity,Tech,min_vol,True
2021-05-03,Sentiment Tilt Min Vol,QCOM,0.0,Equity,Tech,min_vol,True
2021-05-03,Sentiment Tilt Min Vol,AEP,0.06768892904575621,Equity,Utilities,min_vol,True
2021-05-03,Sentiment Tilt Min Vol,D,0.08597480706503889,Equity,Utilities,min_vol,True
2021-05-03,Sentiment Tilt Min Vol,DUK,0.0458368720351124,Equity,Utilities,min_vol,True
2021-05-03,Sentiment Tilt Min Vol,NEE,8.454505444897316e-18,Equity,Utilities,min_vol,True
2021-05-03,Sentiment Tilt Min Vol,SO,0.0,Equity,Utilities,min_vol,True
2021-06-01,Sentiment Tilt Min Vol,CMCSA,0.0,Equity,Comm,min_vol,True
2021-06-01,Sentiment Tilt Min Vol,EA,0.0867135247878771,Equity,Comm,min_vol,True
2021-06-01,Sentiment Tilt Min Vol,T,0.13902534807709618,Equity,Comm,min_vol,True
2021-06-01,Sentiment Tilt Min Vol,TMUS,0.0,Equity,Comm,min_vol,True
2021-06-01,Sentiment Tilt Min Vol,TTWO,0.08183969674142193,Equity,Comm,min_vol,True
2021-06-01,Sentiment Tilt Min Vol,DIS,0.02355401133552862,Equity,Consumer,min_vol,True
2021-06-01,Sentiment Tilt Min Vol,KO,9.564011939077566e-18,Equity,Consumer,min_vol,True
2021-06-01,Sentiment Tilt Min Vol,NKE,0.04758778141623551,Equity,Consumer,min_vol,True
2021-06-01,Sentiment Tilt Min Vol,SBUX,6.565525539839892e-19,Equity,Consumer,min_vol,True
2021-06-01,Sentiment Tilt Min Vol,WMT,0.19940626359374858,Equity,Consumer,min_vol,True
2021-06-01,Sentiment Tilt Min Vol,COP,1.4844770976706384e-18,Equity,Energy,min_vol,True
2021-06-01,Sentiment Tilt Min Vol,CVX,0.0,Equity,Energy,min_vol,True
2021-06-01,Sentiment Tilt Min Vol,OXY,1.0460105311430895e-18,Equity,Energy,min_vol,True
2021-06-01,Sentiment Tilt Min Vol,SLB,0.0,Equity,Energy,min_vol,True
2021-06-01,Sentiment Tilt Min Vol,XOM,0.0,Equity,Energy,min_vol,True
2021-06-01,Sentiment Tilt Min Vol,GS,0.0,Equity,Financials,min_vol,True
2021-06-01,Sentiment Tilt Min Vol,MS,0.0,Equity,Financials,min_vol,True
2021-06-01,Sentiment Tilt Min Vol,USB,0.0,Equity,Financials,min_vol,True
2021-06-01,Sentiment Tilt Min Vol,V,0.0,Equity,Financials,min_vol,True
2021-06-01,Sentiment Tilt Min Vol,WFC,4.416495289846177e-19,Equity,Financials,min_vol,True
2021-06-01,Sentiment Tilt Min Vol,ABBV,0.03838644748108347,Equity,Healthcare,min_vol,True
2021-06-01,Sentiment Tilt Min Vol,ABT,7.677150020290556e-18,Equity,Healthcare,min_vol,True
2021-06-01,Sentiment Tilt Min Vol,AMGN,0.0,Equity,Healthcare,min_vol,True
2021-06-01,Sentiment Tilt Min Vol,GILD,0.04488744143852046,Equity,Healthcare,min_vol,True
2021-06-01,Sentiment Tilt Min Vol,MRK,0.06572264479193861,Equity,Healthcare,min_vol,True
2021-06-01,Sentiment Tilt Min Vol,BA,0.0,Equity,Industrials,min_vol,True
2021-06-01,Sentiment Tilt Min Vol,CAT,6.956088826406129e-19,Equity,Industrials,min_vol,True
2021-06-01,Sentiment Tilt Min Vol,GE,0.0,Equity,Industrials,min_vol,True
2021-06-01,Sentiment Tilt Min Vol,MMM,0.060993774426068625,Equity,Industrials,min_vol,True
2021-06-01,Sentiment Tilt Min Vol,UPS,2.8758128482819046e-18,Equity,Industrials,min_vol,True
2021-06-01,Sentiment Tilt Min Vol,DD,0.0,Equity,Materials,min_vol,True
2021-06-01,Sentiment Tilt Min Vol,DOW,6.312857022668245e-19,Equity,Materials,min_vol,True
2021-06-01,Sentiment Tilt Min Vol,NEM,2.2596860805818394e-18,Equity,Materials,min_vol,True
2021-06-01,Sentiment Tilt Min Vol,NUE,7.742276881690194e-18,Equity,Materials,min_vol,True
2021-06-01,Sentiment Tilt Min Vol,SHW,5.578059499225765e-19,Equity,Materials,min_vol,True
2021-06-01,Sentiment Tilt Min Vol,AMT,2.225136667369292e-19,Equity,RealEstate,min_vol,True
2021-06-01,Sentiment Tilt Min Vol,CCI,0.010790365247384113,Equity,RealEstate,min_vol,True
2021-06-01,Sentiment Tilt Min Vol,O,1.245338061440824e-18,Equity,RealEstate,min_vol,True
2021-06-01,Sentiment Tilt Min Vol,PLD,3.2395397515305495e-18,Equity,RealEstate,min_vol,True
2021-06-01,Sentiment Tilt Min Vol,PSA,0.08893672424866113,Equity,RealEstate,min_vol,True
2021-06-01,Sentiment Tilt Min Vol,ADBE,3.138239311713832e-18,Equity,Tech,min_vol,True
2021-06-01,Sentiment Tilt Min Vol,AMD,0.0,Equity,Tech,min_vol,True
2021-06-01,Sentiment Tilt Min Vol,INTC,1.2459606841691122e-18,Equity,Tech,min_vol,True
2021-06-01,Sentiment Tilt Min Vol,NVDA,0.0,Equity,Tech,min_vol,True
2021-06-01,Sentiment Tilt Min Vol,QCOM,3.0125852601038883e-18,Equity,Tech,min_vol,True
2021-06-01,Sentiment Tilt Min Vol,AEP,0.04861850799875302,Equity,Utilities,min_vol,True
2021-06-01,Sentiment Tilt Min Vol,D,0.03567199653445096,Equity,Utilities,min_vol,True
2021-06-01,Sentiment Tilt Min Vol,DUK,0.02428613263277726,Equity,Utilities,min_vol,True
2021-06-01,Sentiment Tilt Min Vol,NEE,4.152510238127434e-18,Equity,Utilities,min_vol,True
2021-06-01,Sentiment Tilt Min Vol,SO,0.0035793392484543326,Equity,Utilities,min_vol,True
2021-07-01,Sentiment Tilt Min Vol,CMCSA,5.1243364596718516e-05,Equity,Comm,min_vol,True
2021-07-01,Sentiment Tilt Min Vol,EA,0.05210719031085335,Equity,Comm,min_vol,True
2021-07-01,Sentiment Tilt Min Vol,T,0.2,Equity,Comm,min_vol,True
2021-07-01,Sentiment Tilt Min Vol,TMUS,5.124336459671866e-05,Equity,Comm,min_vol,True
2021-07-01,Sentiment Tilt Min Vol,TTWO,0.07016940412435758,Equity,Comm,min_vol,True
2021-07-01,Sentiment Tilt Min Vol,DIS,0.009772259907349463,Equity,Consumer,min_vol,True
2021-07-01,Sentiment Tilt Min Vol,KO,5.1243364596718915e-05,Equity,Consumer,min_vol,True
2021-07-01,Sentiment Tilt Min Vol,NKE,0.020384917190187764,Equity,Consumer,min_vol,True
2021-07-01,Sentiment Tilt Min Vol,SBUX,0.012101084388480116,Equity,Consumer,min_vol,True
2021-07-01,Sentiment Tilt Min Vol,WMT,0.04721960571444375,Equity,Consumer,min_vol,True
2021-07-01,Sentiment Tilt Min Vol,COP,5.1243364596717594e-05,Equity,Energy,min_vol,True
2021-07-01,Sentiment Tilt Min Vol,CVX,5.1243364596720515e-05,Equity,Energy,min_vol,True
2021-07-01,Sentiment Tilt Min Vol,OXY,5.1243364596717594e-05,Equity,Energy,min_vol,True
2021-07-01,Sentiment Tilt Min Vol,SLB,5.1243364596717594e-05,Equity,Energy,min_vol,True
2021-07-01,Sentiment Tilt Min Vol,XOM,5.1243364596717594e-05,Equity,Energy,min_vol,True
2021-07-01,Sentiment Tilt Min Vol,GS,0.03056298542719047,Equity,Financials,min_vol,True
2021-07-01,Sentiment Tilt Min Vol,MS,5.124336459671953e-05,Equity,Financials,min_vol,True
2021-07-01,Sentiment Tilt Min Vol,USB,5.124336459671954e-05,Equity,Financials,min_vol,True
2021-07-01,Sentiment Tilt Min Vol,V,5.124336459671846e-05,Equity,Financials,min_vol,True
2021-07-01,Sentiment Tilt Min Vol,WFC,5.1243364596717994e-05,Equity,Financials,min_vol,True
2021-07-01,Sentiment Tilt Min Vol,ABBV,0.0459064415345303,Equity,Healthcare,min_vol,True
2021-07-01,Sentiment Tilt Min Vol,ABT,0.012657332396585468,Equity,Healthcare,min_vol,True
2021-07-01,Sentiment Tilt Min Vol,AMGN,5.1243364596717594e-05,Equity,Healthcare,min_vol,True
2021-07-01,Sentiment Tilt Min Vol,GILD,0.043619251197673445,Equity,Healthcare,min_vol,True
2021-07-01,Sentiment Tilt Min Vol,MRK,0.10616848472646537,Equity,Healthcare,min_vol,True
2021-07-01,Sentiment Tilt Min Vol,BA,5.1243364596720386e-05,Equity,Industrials,min_vol,True
2021-07-01,Sentiment Tilt Min Vol,CAT,0.013196327881498375,Equity,Industrials,min_vol,True
2021-07-01,Sentiment Tilt Min Vol,GE,5.12433645967189e-05,Equity,Industrials,min_vol,True
2021-07-01,Sentiment Tilt Min Vol,MMM,0.07863888135528883,Equity,Industrials,min_vol,True
2021-07-01,Sentiment Tilt Min Vol,UPS,5.1243364596717594e-05,Equity,Industrials,min_vol,True
2021-07-01,Sentiment Tilt Min Vol,DD,5.124336459671974e-05,Equity,Materials,min_vol,True
2021-07-01,Sentiment Tilt Min Vol,DOW,5.1243364596717594e-05,Equity,Materials,min_vol,True
2021-07-01,Sentiment Tilt Min Vol,NEM,5.1243364596718814e-05,Equity,Materials,min_vol,True
2021-07-01,Sentiment Tilt Min Vol,NUE,5.1243364596719864e-05,Equity,Materials,min_vol,True
2021-07-01,Sentiment Tilt Min Vol,SHW,5.124336459671877e-05,Equity,Materials,min_vol,True
2021-07-01,Sentiment Tilt Min Vol,AMT,5.124336459671923e-05,Equity,RealEstate,min_vol,True
2021-07-01,Sentiment Tilt Min Vol,CCI,0.04970375403172345,Equity,RealEstate,min_vol,True
2021-07-01,Sentiment Tilt Min Vol,O,5.1243364596718034e-05,Equity,RealEstate,min_vol,True
2021-07-01,Sentiment Tilt Min Vol,PLD,5.1243364596717594e-05,Equity,RealEstate,min_vol,True
2021-07-01,Sentiment Tilt Min Vol,PSA,0.08570628800670883,Equity,RealEstate,min_vol,True
2021-07-01,Sentiment Tilt Min Vol,ADBE,0.0014352186808129007,Equity,Tech,min_vol,True
2021-07-01,Sentiment Tilt Min Vol,AMD,0.007896689735607655,Equity,Tech,min_vol,True
2021-07-01,Sentiment Tilt Min Vol,INTC,5.1243364596717594e-05,Equity,Tech,min_vol,True
2021-07-01,Sentiment Tilt Min Vol,NVDA,5.1243364596717594e-05,Equity,Tech,min_vol,True
2021-07-01,Sentiment Tilt Min Vol,QCOM,5.1243364596717594e-05,Equity,Tech,min_vol,True
2021-07-01,Sentiment Tilt Min Vol,AEP,0.06205889626790739,Equity,Utilities,min_vol,True
2021-07-01,Sentiment Tilt Min Vol,D,0.03403382299180493,Equity,Utilities,min_vol,True
2021-07-01,Sentiment Tilt Min Vol,DUK,0.015175106557225647,Equity,Utilities,min_vol,True
2021-07-01,Sentiment Tilt Min Vol,NEE,5.1243364596717594e-05,Equity,Utilities,min_vol,True
2021-07-01,Sentiment Tilt Min Vol,SO,5.124336459672477e-05,Equity,Utilities,min_vol,True
2021-08-02,Sentiment Tilt Min Vol,CMCSA,0.0,Equity,Comm,min_vol,True
2021-08-02,Sentiment Tilt Min Vol,EA,0.029493801353799386,Equity,Comm,min_vol,True
2021-08-02,Sentiment Tilt Min Vol,T,0.12008090217656334,Equity,Comm,min_vol,True
2021-08-02,Sentiment Tilt Min Vol,TMUS,0.0,Equity,Comm,min_vol,True
2021-08-02,Sentiment Tilt Min Vol,TTWO,0.048418925253976494,Equity,Comm,min_vol,True
2021-08-02,Sentiment Tilt Min Vol,DIS,0.013546918489930759,Equity,Consumer,min_vol,True
2021-08-02,Sentiment Tilt Min Vol,KO,0.008312297588244727,Equity,Consumer,min_vol,True
2021-08-02,Sentiment Tilt Min Vol,NKE,0.03256092412325515,Equity,Consumer,min_vol,True
2021-08-02,Sentiment Tilt Min Vol,SBUX,0.013667203601358719,Equity,Consumer,min_vol,True
2021-08-02,Sentiment Tilt Min Vol,WMT,0.07903738999395787,Equity,Consumer,min_vol,True
2021-08-02,Sentiment Tilt Min Vol,COP,0.0,Equity,Energy,min_vol,True
2021-08-02,Sentiment Tilt Min Vol,CVX,3.721475821450634e-18,Equity,Energy,min_vol,True
2021-08-02,Sentiment Tilt Min Vol,OXY,0.0,Equity,Energy,min_vol,True
2021-08-02,Sentiment Tilt Min Vol,SLB,2.3319146892041244e-18,Equity,Energy,min_vol,True
2021-08-02,Sentiment Tilt Min Vol,XOM,0.0,Equity,Energy,min_vol,True
2021-08-02,Sentiment Tilt Min Vol,GS,0.03095385548567964,Equity,Financials,min_vol,True
2021-08-02,Sentiment Tilt Min Vol,MS,0.0,Equity,Financials,min_vol,True
2021-08-02,Sentiment Tilt Min Vol,USB,0.0,Equity,Financials,min_vol,True
2021-08-02,Sentiment Tilt Min Vol,V,0.0,Equity,Financials,min_vol,True
2021-08-02,Sentiment Tilt Min Vol,WFC,1.7282109147461087e-18,Equity,Financials,min_vol,True
2021-08-02,Sentiment Tilt Min Vol,ABBV,0.05238575709664934,Equity,Healthcare,min_vol,True
2021-08-02,Sentiment Tilt Min Vol,ABT,0.023977347074183655,Equity,Healthcare,min_vol,True
2021-08-02,Sentiment Tilt Min Vol,AMGN,5.307353339933133e-19,Equity,Healthcare,min_vol,True
2021-08-02,Sentiment Tilt Min Vol,GILD,0.04909673173702083,Equity,Healthcare,min_vol,True
2021-08-02,Sentiment Tilt Min Vol,MRK,0.14722242238722855,Equity,Healthcare,min_vol,True
2021-08-02,Sentiment Tilt Min Vol,BA,5.7590282338945e-19,Equity,Industrials,min_vol,True
2021-08-02,Sentiment Tilt Min Vol,CAT,0.02460056935194864,Equity,Industrials,min_vol,True
2021-08-02,Sentiment Tilt Min Vol,GE,6.129679866169843e-20,Equity,Industrials,min_vol,True
2021-08-02,Sentiment Tilt Min Vol,MMM,0.10213066009966748,Equity,Industrials,min_vol,True
2021-08-02,Sentiment Tilt Min Vol,UPS,0.0,Equity,Industrials,min_vol,True
2021-08-02,Sentiment Tilt Min Vol,DD,0.0,Equity,Materials,min_vol,True
2021-08-02,Sentiment Tilt Min Vol,DOW,0.0,Equity,Materials,min_vol,True
2021-08-02,Sentiment Tilt Min Vol,NEM,7.143012107601617e-19,Equity,Materials,min_vol,True
2021-08-02,Sentiment Tilt Min Vol,NUE,3.531039627208018e-18,Equity,Materials,min_vol,True
2021-08-02,Sentiment Tilt Min Vol,SHW,0.0,Equity,Materials,min_vol,True
2021-08-02,Sentiment Tilt Min Vol,AMT,0.0,Equity,RealEstate,min_vol,True
2021-08-02,Sentiment Tilt Min Vol,CCI,0.057691583161104884,Equity,RealEstate,min_vol,True
2021-08-02,Sentiment Tilt Min Vol,O,0.0,Equity,RealEstate,min_vol,True
2021-08-02,Sentiment Tilt Min Vol,PLD,1.0766096629146585e-18,Equity,RealEstate,min_vol,True
2021-08-02,Sentiment Tilt Min Vol,PSA,0.08910843525152524,Equity,RealEstate,min_vol,True
2021-08-02,Sentiment Tilt Min Vol,ADBE,0.0,Equity,Tech,min_vol,True
2021-08-02,Sentiment Tilt Min Vol,AMD,0.008843942137237088,Equity,Tech,min_vol,True
2021-08-02,Sentiment Tilt Min Vol,INTC,0.0,Equity,Tech,min_vol,True
2021-08-02,Sentiment Tilt Min Vol,NVDA,1.8689613298455453e-19,Equity,Tech,min_vol,True
2021-08-02,Sentiment Tilt Min Vol,QCOM,3.216141660070117e-18,Equity,Tech,min_vol,True
2021-08-02,Sentiment Tilt Min Vol,AEP,0.04119376940300613,Equity,Utilities,min_vol,True
2021-08-02,Sentiment Tilt Min Vol,D,0.00968664067432996,Equity,Utilities,min_vol,True
2021-08-02,Sentiment Tilt Min Vol,DUK,0.01676594719519365,Equity,Utilities,min_vol,True
2021-08-02,Sentiment Tilt Min Vol,NEE,3.617735473166946e-18,Equity,Utilities,min_vol,True
2021-08-02,Sentiment Tilt Min Vol,SO,0.001223976364138505,Equity,Utilities,min_vol,True
2021-09-01,Sentiment Tilt Min Vol,CMCSA,4.967682390500968e-19,Equity,Comm,min_vol,True
2021-09-01,Sentiment Tilt Min Vol,EA,0.0331335017411591,Equity,Comm,min_vol,True
2021-09-01,Sentiment Tilt Min Vol,T,0.1391377086189702,Equity,Comm,min_vol,True
2021-09-01,Sentiment Tilt Min Vol,TMUS,0.0,Equity,Comm,min_vol,True
2021-09-01,Sentiment Tilt Min Vol,TTWO,0.05730098831070039,Equity,Comm,min_vol,True
2021-09-01,Sentiment Tilt Min Vol,DIS,0.016059165598355685,Equity,Consumer,min_vol,True
2021-09-01,Sentiment Tilt Min Vol,KO,0.016434699826148112,Equity,Consumer,min_vol,True
2021-09-01,Sentiment Tilt Min Vol,NKE,0.037648156905889074,Equity,Consumer,min_vol,True
2021-09-01,Sentiment Tilt Min Vol,SBUX,0.007548916801798736,Equity,Consumer,min_vol,True
2021-09-01,Sentiment Tilt Min Vol,WMT,0.11191642604282939,Equity,Consumer,min_vol,True
2021-09-01,Sentiment Tilt Min Vol,COP,2.8083461992058064e-18,Equity,Energy,min_vol,True
2021-09-01,Sentiment Tilt Min Vol,CVX,0.0,Equity,Energy,min_vol,True
2021-09-01,Sentiment Tilt Min Vol,OXY,0.0,Equity,Energy,min_vol,True
2021-09-01,Sentiment Tilt Min Vol,SLB,8.098650998432168e-19,Equity,Energy,min_vol,True
2021-09-01,Sentiment Tilt Min Vol,XOM,2.220644053458782e-18,Equity,Energy,min_vol,True
2021-09-01,Sentiment Tilt Min Vol,GS,0.052976788165705925,Equity,Financials,min_vol,True
2021-09-01,Sentiment Tilt Min Vol,MS,0.0,Equity,Financials,min_vol,True
2021-09-01,Sentiment Tilt Min Vol,USB,0.0,Equity,Financials,min_vol,True
2021-09-01,Sentiment Tilt Min Vol,V,0.0,Equity,Financials,min_vol,True
2021-09-01,Sentiment Tilt Min Vol,WFC,0.0,Equity,Financials,min_vol,True
2021-09-01,Sentiment Tilt Min Vol,ABBV,0.022225595039764755,Equity,Healthcare,min_vol,True
2021-09-01,Sentiment Tilt Min Vol,ABT,0.01372647089502898,Equity,Healthcare,min_vol,True
2021-09-01,Sentiment Tilt Min Vol,AMGN,1.8176202632759204e-18,Equity,Healthcare,min_vol,True
2021-09-01,Sentiment Tilt Min Vol,GILD,0.02467332651458061,Equity,Healthcare,min_vol,True
2021-09-01,Sentiment Tilt Min Vol,MRK,0.07331021330505022,Equity,Healthcare,min_vol,True
2021-09-01,Sentiment Tilt Min Vol,BA,9.97299016054224e-18,Equity,Industrials,min_vol,True
2021-09-01,Sentiment Tilt Min Vol,CAT,0.025143195188642452,Equity,Industrials,min_vol,True
2021-09-01,Sentiment Tilt Min Vol,GE,0.0,Equity,Industrials,min_vol,True
2021-09-01,Sentiment Tilt Min Vol,MMM,0.11121698290705379,Equity,Industrials,min_vol,True
2021-09-01,Sentiment Tilt Min Vol,UPS,0.0,Equity,Industrials,min_vol,True
2021-09-01,Sentiment Tilt Min Vol,DD,0.0,Equity,Materials,min_vol,True
2021-09-01,Sentiment Tilt Min Vol,DOW,0.0,Equity,Materials,min_vol,True
2021-09-01,Sentiment Tilt Min Vol,NEM,0.0,Equity,Materials,min_vol,True
2021-09-01,Sentiment Tilt Min Vol,NUE,3.973496800686716e-18,Equity,Materials,min_vol,True
2021-09-01,Sentiment Tilt Min Vol,SHW,0.0,Equity,Materials,min_vol,True
2021-09-01,Sentiment Tilt Min Vol,AMT,0.0,Equity,RealEstate,min_vol,True
2021-09-01,Sentiment Tilt Min Vol,CCI,0.06889782492026869,Equity,RealEstate,min_vol,True
2021-09-01,Sentiment Tilt Min Vol,O,5.08777637326666e-19,Equity,RealEstate,min_vol,True
2021-09-01,Sentiment Tilt Min Vol,PLD,0.0,Equity,RealEstate,min_vol,True
2021-09-01,Sentiment Tilt Min Vol,PSA,0.10582601460152202,Equity,RealEstate,min_vol,True
2021-09-01,Sentiment Tilt Min Vol,ADBE,0.0,Equity,Tech,min_vol,True
2021-09-01,Sentiment Tilt Min Vol,AMD,0.011547071209494166,Equity,Tech,min_vol,True
2021-09-01,Sentiment Tilt Min Vol,INTC,1.901383377556584e-18,Equity,Tech,min_vol,True
2021-09-01,Sentiment Tilt Min Vol,NVDA,1.0428075568064351e-18,Equity,Tech,min_vol,True
2021-09-01,Sentiment Tilt Min Vol,QCOM,2.7655250688104206e-18,Equity,Tech,min_vol,True
2021-09-01,Sentiment Tilt Min Vol,AEP,0.04245743424060474,Equity,Utilities,min_vol,True
2021-09-01,Sentiment Tilt Min Vol,D,0.008210124448056766,Equity,Utilities,min_vol,True
2021-09-01,Sentiment Tilt Min Vol,DUK,0.01535454310206815,Equity,Utilities,min_vol,True
2021-09-01,Sentiment Tilt Min Vol,NEE,0.0,Equity,Utilities,min_vol,True
2021-09-01,Sentiment Tilt Min Vol,SO,0.005254851616308067,Equity,Utilities,min_vol,True
2021-10-01,Sentiment Tilt Min Vol,CMCSA,0.0,Equity,Comm,min_vol,True
2021-10-01,Sentiment Tilt Min Vol,EA,0.05315381218795294,Equity,Comm,min_vol,True
2021-10-01,Sentiment Tilt Min Vol,T,0.12562956096748976,Equity,Comm,min_vol,True
2021-10-01,Sentiment Tilt Min Vol,TMUS,0.0,Equity,Comm,min_vol,True
2021-10-01,Sentiment Tilt Min Vol,TTWO,0.04709515290810919,Equity,Comm,min_vol,True
2021-10-01,Sentiment Tilt Min Vol,DIS,0.008974756297421223,Equity,Consumer,min_vol,True
2021-10-01,Sentiment Tilt Min Vol,KO,0.02513478926299134,Equity,Consumer,min_vol,True
2021-10-01,Sentiment Tilt Min Vol,NKE,0.0032925176198074337,Equity,Consumer,min_vol,True
2021-10-01,Sentiment Tilt Min Vol,SBUX,0.018334924472895284,Equity,Consumer,min_vol,True
2021-10-01,Sentiment Tilt Min Vol,WMT,0.09884589847227285,Equity,Consumer,min_vol,True
2021-10-01,Sentiment Tilt Min Vol,COP,0.0,Equity,Energy,min_vol,True
2021-10-01,Sentiment Tilt Min Vol,CVX,1.2401930823709309e-18,Equity,Energy,min_vol,True
2021-10-01,Sentiment Tilt Min Vol,OXY,0.0018066073233036558,Equity,Energy,min_vol,True
2021-10-01,Sentiment Tilt Min Vol,SLB,0.0013137544279756277,Equity,Energy,min_vol,True
2021-10-01,Sentiment Tilt Min Vol,XOM,9.493157119412194e-19,Equity,Energy,min_vol,True
2021-10-01,Sentiment Tilt Min Vol,GS,0.043645463068780956,Equity,Financials,min_vol,True
2021-10-01,Sentiment Tilt Min Vol,MS,9.080966296730966e-19,Equity,Financials,min_vol,True
2021-10-01,Sentiment Tilt Min Vol,USB,0.0,Equity,Financials,min_vol,True
2021-10-01,Sentiment Tilt Min Vol,V,0.0,Equity,Financials,min_vol,True
2021-10-01,Sentiment Tilt Min Vol,WFC,1.4765354436350461e-18,Equity,Financials,min_vol,True
2021-10-01,Sentiment Tilt Min Vol,ABBV,0.004877585452378925,Equity,Healthcare,min_vol,True
2021-10-01,Sentiment Tilt Min Vol,ABT,0.02485599323897433,Equity,Healthcare,min_vol,True
2021-10-01,Sentiment Tilt Min Vol,AMGN,0.0,Equity,Healthcare,min_vol,True
2021-10-01,Sentiment Tilt Min Vol,GILD,0.018603179791523965,Equity,Healthcare,min_vol,True
2021-10-01,Sentiment Tilt Min Vol,MRK,0.07442316133067187,Equity,Healthcare,min_vol,True
2021-10-01,Sentiment Tilt Min Vol,BA,1.74062198437798e-18,Equity,Industrials,min_vol,True
2021-10-01,Sentiment Tilt Min Vol,CAT,0.014367757342658622,Equity,Industrials,min_vol,True
2021-10-01,Sentiment Tilt Min Vol,GE,0.0,Equity,Industrials,min_vol,True
2021-10-01,Sentiment Tilt Min Vol,MMM,0.0911809643511618,Equity,Industrials,min_vol,True
2021-10-01,Sentiment Tilt Min Vol,UPS,0.0004139173882772401,Equity,Industrials,min_vol,True
2021-10-01,Sentiment Tilt Min Vol,DD,0.004408479302376039,Equity,Materials,min_vol,True
2021-10-01,Sentiment Tilt Min Vol,DOW,0.0,Equity,Materials,min_vol,True
2021-10-01,Sentiment Tilt Min Vol,NEM,0.0,Equity,Materials,min_vol,True
2021-10-01,Sentiment Tilt Min Vol,NUE,0.0,Equity,Materials,min_vol,True
2021-10-01,Sentiment Tilt Min Vol,SHW,0.01780621535149952,Equity,Materials,min_vol,True
2021-10-01,Sentiment Tilt Min Vol,AMT,0.0,Equity,RealEstate,min_vol,True
2021-10-01,Sentiment Tilt Min Vol,CCI,0.112715835759928,Equity,RealEstate,min_vol,True
2021-10-01,Sentiment Tilt Min Vol,O,0.0,Equity,RealEstate,min_vol,True
2021-10-01,Sentiment Tilt Min Vol,PLD,5.735269834363378e-19,Equity,RealEstate,min_vol,True
2021-10-01,Sentiment Tilt Min Vol,PSA,0.11666430182782873,Equity,RealEstate,min_vol,True
2021-10-01,Sentiment Tilt Min Vol,ADBE,0.0,Equity,Tech,min_vol,True
2021-10-01,Sentiment Tilt Min Vol,AMD,0.028428793687457234,Equity,Tech,min_vol,True
2021-10-01,Sentiment Tilt Min Vol,INTC,0.005242854967980643,Equity,Tech,min_vol,True
2021-10-01,Sentiment Tilt Min Vol,NVDA,9.277743433768657e-19,Equity,Tech,min_vol,True
2021-10-01,Sentiment Tilt Min Vol,QCOM,2.4098662575311658e-18,Equity,Tech,min_vol,True
2021-10-01,Sentiment Tilt Min Vol,AEP,0.029554697678609784,Equity,Utilities,min_vol,True
2021-10-01,Sentiment Tilt Min Vol,D,0.00030395165240665784,Equity,Utilities,min_vol,True
2021-10-01,Sentiment Tilt Min Vol,DUK,0.028925073867266442,Equity,Utilities,min_vol,True
2021-10-01,Sentiment Tilt Min Vol,NEE,0.0,Equity,Utilities,min_vol,True
2021-10-01,Sentiment Tilt Min Vol,SO,6.723861043005124e-21,Equity,Utilities,min_vol,True
2021-11-01,Sentiment Tilt Min Vol,CMCSA,2.5420630079787523e-18,Equity,Comm,min_vol,True
2021-11-01,Sentiment Tilt Min Vol,EA,0.07252685459591864,Equity,Comm,min_vol,True
2021-11-01,Sentiment Tilt Min Vol,T,0.12895799558966642,Equity,Comm,min_vol,True
2021-11-01,Sentiment Tilt Min Vol,TMUS,0.01204918601357903,Equity,Comm,min_vol,True
2021-11-01,Sentiment Tilt Min Vol,TTWO,0.04053807438384326,Equity,Comm,min_vol,True
2021-11-01,Sentiment Tilt Min Vol,DIS,0.002523723782243574,Equity,Consumer,min_vol,True
2021-11-01,Sentiment Tilt Min Vol,KO,0.04941205887277904,Equity,Consumer,min_vol,True
2021-11-01,Sentiment Tilt Min Vol,NKE,0.002986824390778903,Equity,Consumer,min_vol,True
2021-11-01,Sentiment Tilt Min Vol,SBUX,0.014572731367351918,Equity,Consumer,min_vol,True
2021-11-01,Sentiment Tilt Min Vol,WMT,0.07530960773374311,Equity,Consumer,min_vol,True
2021-11-01,Sentiment Tilt Min Vol,COP,0.010006918202173878,Equity,Energy,min_vol,True
2021-11-01,Sentiment Tilt Min Vol,CVX,0.0,Equity,Energy,min_vol,True
2021-11-01,Sentiment Tilt Min Vol,OXY,0.003320156790836368,Equity,Energy,min_vol,True
2021-11-01,Sentiment Tilt Min Vol,SLB,1.815309801543867e-18,Equity,Energy,min_vol,True
2021-11-01,Sentiment Tilt Min Vol,XOM,0.0,Equity,Energy,min_vol,True
2021-11-01,Sentiment Tilt Min Vol,GS,0.07168334017248335,Equity,Financials,min_vol,True
2021-11-01,Sentiment Tilt Min Vol,MS,0.0,Equity,Financials,min_vol,True
2021-11-01,Sentiment Tilt Min Vol,USB,0.002785279896751141,Equity,Financials,min_vol,True
2021-11-01,Sentiment Tilt Min Vol,V,9.721337315826026e-19,Equity,Financials,min_vol,True
2021-11-01,Sentiment Tilt Min Vol,WFC,2.5272187796318687e-19,Equity,Financials,min_vol,True
2021-11-01,Sentiment Tilt Min Vol,ABBV,0.01689253775149877,Equity,Healthcare,min_vol,True
2021-11-01,Sentiment Tilt Min Vol,ABT,0.03829729934201647,Equity,Healthcare,min_vol,True
2021-11-01,Sentiment Tilt Min Vol,AMGN,1.1220213547489449e-18,Equity,Healthcare,min_vol,True
2021-11-01,Sentiment Tilt Min Vol,GILD,0.03325418079402668,Equity,Healthcare,min_vol,True
2021-11-01,Sentiment Tilt Min Vol,MRK,0.04738454043976717,Equity,Healthcare,min_vol,True
2021-11-01,Sentiment Tilt Min Vol,BA,0.0,Equity,Industrials,min_vol,True
2021-11-01,Sentiment Tilt Min Vol,CAT,0.002715454031770608,Equity,Industrials,min_vol,True
2021-11-01,Sentiment Tilt Min Vol,GE,0.0,Equity,Industrials,min_vol,True
2021-11-01,Sentiment Tilt Min Vol,MMM,0.05020082086778515,Equity,Industrials,min_vol,True
2021-11-01,Sentiment Tilt Min Vol,UPS,0.012231105951228357,Equity,Industrials,min_vol,True
2021-11-01,Sentiment Tilt Min Vol,DD,1.2857354840775122e-19,Equity,Materials,min_vol,True
2021-11-01,Sentiment Tilt Min Vol,DOW,0.0,Equity,Materials,min_vol,True
2021-11-01,Sentiment Tilt Min Vol,NEM,0.009162405743092987,Equity,Materials,min_vol,True
2021-11-01,Sentiment Tilt Min Vol,NUE,0.0,Equity,Materials,min_vol,True
2021-11-01,Sentiment Tilt Min Vol,SHW,1.6690861875170858e-18,Equity,Materials,min_vol,True
2021-11-01,Sentiment Tilt Min Vol,AMT,2.907607273033058e-18,Equity,RealEstate,min_vol,True
2021-11-01,Sentiment Tilt Min Vol,CCI,0.0678628698285519,Equity,RealEstate,min_vol,True
2021-11-01,Sentiment Tilt Min Vol,O,1.000499731355244e-18,Equity,RealEstate,min_vol,True
2021-11-01,Sentiment Tilt Min Vol,PLD,2.923164616300078e-18,Equity,RealEstate,min_vol,True
2021-11-01,Sentiment Tilt Min Vol,PSA,0.10629866268196474,Equity,RealEstate,min_vol,True
2021-11-01,Sentiment Tilt Min Vol,ADBE,6.112646298633417e-19,Equity,Tech,min_vol,True
2021-11-01,Sentiment Tilt Min Vol,AMD,0.029402044626681067,Equity,Tech,min_vol,True
2021-11-01,Sentiment Tilt Min Vol,INTC,0.002571530001968992,Equity,Tech,min_vol,True
2021-11-01,Sentiment Tilt Min Vol,NVDA,0.0,Equity,Tech,min_vol,True
2021-11-01,Sentiment Tilt Min Vol,QCOM,1.1702396327104602e-18,Equity,Tech,min_vol,True
2021-11-01,Sentiment Tilt Min Vol,AEP,0.045065371532121756,Equity,Utilities,min_vol,True
2021-11-01,Sentiment Tilt Min Vol,D,6.586750208755832e-19,Equity,Utilities,min_vol,True
2021-11-01,Sentiment Tilt Min Vol,DUK,0.0498766531819874,Equity,Utilities,min_vol,True
2021-11-01,Sentiment Tilt Min Vol,NEE,1.2630047061362856e-19,Equity,Utilities,min_vol,True
2021-11-01,Sentiment Tilt Min Vol,SO,0.0021117714333893593,Equity,Utilities,min_vol,True
2021-12-01,Sentiment Tilt Min Vol,CMCSA,2.12522973840244e-18,Equity,Comm,min_vol,True
2021-12-01,Sentiment Tilt Min Vol,EA,0.05839424465192911,Equity,Comm,min_vol,True
2021-12-01,Sentiment Tilt Min Vol,T,0.07135374282824429,Equity,Comm,min_vol,True
2021-12-01,Sentiment Tilt Min Vol,TMUS,2.375653108184638e-19,Equity,Comm,min_vol,True
2021-12-01,Sentiment Tilt Min Vol,TTWO,0.02370718335137275,Equity,Comm,min_vol,True
2021-12-01,Sentiment Tilt Min Vol,DIS,0.0115533186102409,Equity,Consumer,min_vol,True
2021-12-01,Sentiment Tilt Min Vol,KO,0.056912448722075355,Equity,Consumer,min_vol,True
2021-12-01,Sentiment Tilt Min Vol,NKE,0.007598323370008056,Equity,Consumer,min_vol,True
2021-12-01,Sentiment Tilt Min Vol,SBUX,0.018859423530760526,Equity,Consumer,min_vol,True
2021-12-01,Sentiment Tilt Min Vol,WMT,0.13526490401289967,Equity,Consumer,min_vol,True
2021-12-01,Sentiment Tilt Min Vol,COP,0.005925824129439129,Equity,Energy,min_vol,True
2021-12-01,Sentiment Tilt Min Vol,CVX,0.00935716862131564,Equity,Energy,min_vol,True
2021-12-01,Sentiment Tilt Min Vol,OXY,0.0,Equity,Energy,min_vol,True
2021-12-01,Sentiment Tilt Min Vol,SLB,1.1688498001222102e-18,Equity,Energy,min_vol,True
2021-12-01,Sentiment Tilt Min Vol,XOM,0.0,Equity,Energy,min_vol,True
2021-12-01,Sentiment Tilt Min Vol,GS,0.061652366635822235,Equity,Financials,min_vol,True
2021-12-01,Sentiment Tilt Min Vol,MS,0.0,Equity,Financials,min_vol,True
2021-12-01,Sentiment Tilt Min Vol,USB,0.0,Equity,Financials,min_vol,True
2021-12-01,Sentiment Tilt Min Vol,V,0.0,Equity,Financials,min_vol,True
2021-12-01,Sentiment Tilt Min Vol,WFC,2.450010114466593e-18,Equity,Financials,min_vol,True
2021-12-01,Sentiment Tilt Min Vol,ABBV,0.025952306264788203,Equity,Healthcare,min_vol,True
2021-12-01,Sentiment Tilt Min Vol,ABT,0.05640932591518555,Equity,Healthcare,min_vol,True
2021-12-01,Sentiment Tilt Min Vol,AMGN,0.0,Equity,Healthcare,min_vol,True
2021-12-01,Sentiment Tilt Min Vol,GILD,0.03375633264371741,Equity,Healthcare,min_vol,True
2021-12-01,Sentiment Tilt Min Vol,MRK,0.031235656686465225,Equity,Healthcare,min_vol,True
2021-12-01,Sentiment Tilt Min Vol,BA,0.0,Equity,Industrials,min_vol,True
2021-12-01,Sentiment Tilt Min Vol,CAT,0.0,Equity,Industrials,min_vol,True
2021-12-01,Sentiment Tilt Min Vol,GE,9.189133848155959e-20,Equity,Industrials,min_vol,True
2021-12-01,Sentiment Tilt Min Vol,MMM,0.051268460231194336,Equity,Industrials,min_vol,True
2021-12-01,Sentiment Tilt Min Vol,UPS,0.008422691668394414,Equity,Industrials,min_vol,True
2021-12-01,Sentiment Tilt Min Vol,DD,0.0,Equity,Materials,min_vol,True
2021-12-01,Sentiment Tilt Min Vol,DOW,0.0,Equity,Materials,min_vol,True
2021-12-01,Sentiment Tilt Min Vol,NEM,0.022304603619136394,Equity,Materials,min_vol,True
2021-12-01,Sentiment Tilt Min Vol,NUE,2.6888148942345075e-18,Equity,Materials,min_vol,True
2021-12-01,Sentiment Tilt Min Vol,SHW,0.035238552454742215,Equity,Materials,min_vol,True
2021-12-01,Sentiment Tilt Min Vol,AMT,4.560310847955648e-20,Equity,RealEstate,min_vol,True
2021-12-01,Sentiment Tilt Min Vol,CCI,0.012167914990811749,Equity,RealEstate,min_vol,True
2021-12-01,Sentiment Tilt Min Vol,O,0.013440363202046644,Equity,RealEstate,min_vol,True
2021-12-01,Sentiment Tilt Min Vol,PLD,2.415938058444194e-18,Equity,RealEstate,min_vol,True
2021-12-01,Sentiment Tilt Min Vol,PSA,0.07206287800274355,Equity,RealEstate,min_vol,True
2021-12-01,Sentiment Tilt Min Vol,ADBE,0.0010606530809051276,Equity,Tech,min_vol,True
2021-12-01,Sentiment Tilt Min Vol,AMD,0.016090503778505145,Equity,Tech,min_vol,True
2021-12-01,Sentiment Tilt Min Vol,INTC,0.004898746032489736,Equity,Tech,min_vol,True
2021-12-01,Sentiment Tilt Min Vol,NVDA,4.751196556047364e-19,Equity,Tech,min_vol,True
2021-12-01,Sentiment Tilt Min Vol,QCOM,0.0,Equity,Tech,min_vol,True
2021-12-01,Sentiment Tilt Min Vol,AEP,0.05762426838612138,Equity,Utilities,min_vol,True
2021-12-01,Sentiment Tilt Min Vol,D,9.162282136119878e-19,Equity,Utilities,min_vol,True
2021-12-01,Sentiment Tilt Min Vol,DUK,0.07095657846293459,Equity,Utilities,min_vol,True
2021-12-01,Sentiment Tilt Min Vol,NEE,7.843173814248286e-19,Equity,Utilities,min_vol,True
2021-12-01,Sentiment Tilt Min Vol,SO,0.026531216115710483,Equity,Utilities,min_vol,True
2022-01-03,Sentiment Tilt Min Vol,CMCSA,0.0,Equity,Comm,min_vol,True
2022-01-03,Sentiment Tilt Min Vol,EA,0.044369321942475615,Equity,Comm,min_vol,True
2022-01-03,Sentiment Tilt Min Vol,T,0.05308403156411343,Equity,Comm,min_vol,True
2022-01-03,Sentiment Tilt Min Vol,TMUS,0.0,Equity,Comm,min_vol,True
2022-01-03,Sentiment Tilt Min Vol,TTWO,0.017649911516133616,Equity,Comm,min_vol,True
2022-01-03,Sentiment Tilt Min Vol,DIS,0.02364947889349352,Equity,Consumer,min_vol,True
2022-01-03,Sentiment Tilt Min Vol,KO,0.03312035141104411,Equity,Consumer,min_vol,True
2022-01-03,Sentiment Tilt Min Vol,NKE,0.010895748748529027,Equity,Consumer,min_vol,True
2022-01-03,Sentiment Tilt Min Vol,SBUX,1.9097418816628002e-18,Equity,Consumer,min_vol,True
2022-01-03,Sentiment Tilt Min Vol,WMT,0.09380409879133624,Equity,Consumer,min_vol,True
2022-01-03,Sentiment Tilt Min Vol,COP,3.215964368670768e-18,Equity,Energy,min_vol,True
2022-01-03,Sentiment Tilt Min Vol,CVX,0.035335359831049566,Equity,Energy,min_vol,True
2022-01-03,Sentiment Tilt Min Vol,OXY,0.006043050687019151,Equity,Energy,min_vol,True
2022-01-03,Sentiment Tilt Min Vol,SLB,0.0,Equity,Energy,min_vol,True
2022-01-03,Sentiment Tilt Min Vol,XOM,1.2888335164255971e-18,Equity,Energy,min_vol,True
2022-01-03,Sentiment Tilt Min Vol,GS,0.04566605051718493,Equity,Financials,min_vol,True
2022-01-03,Sentiment Tilt Min Vol,MS,0.0,Equity,Financials,min_vol,True
2022-01-03,Sentiment Tilt Min Vol,USB,2.1983842489980725e-18,Equity,Financials,min_vol,True
2022-01-03,Sentiment Tilt Min Vol,V,0.0,Equity,Financials,min_vol,True
2022-01-03,Sentiment Tilt Min Vol,WFC,8.1799130755965285e-19,Equity,Financials,min_vol,True
2022-01-03,Sentiment Tilt Min Vol,ABBV,0.03140154452684049,Equity,Healthcare,min_vol,True
2022-01-03,Sentiment Tilt Min Vol,ABT,0.07310605672960303,Equity,Healthcare,min_vol,True
2022-01-03,Sentiment Tilt Min Vol,AMGN,0.0,Equity,Healthcare,min_vol,True
2022-01-03,Sentiment Tilt Min Vol,GILD,0.0745322870239626,Equity,Healthcare,min_vol,True
2022-01-03,Sentiment Tilt Min Vol,MRK,0.059941784053175025,Equity,Healthcare,min_vol,True
2022-01-03,Sentiment Tilt Min Vol,BA,0.0,Equity,Industrials,min_vol,True
2022-01-03,Sentiment Tilt Min Vol,CAT,0.0,Equity,Industrials,min_vol,True
2022-01-03,Sentiment Tilt Min Vol,GE,4.3899761314211485e-19,Equity,Industrials,min_vol,True
2022-01-03,Sentiment Tilt Min Vol,MMM,0.05098084770483639,Equity,Industrials,min_vol,True
2022-01-03,Sentiment Tilt Min Vol,UPS,0.007315558522932603,Equity,Industrials,min_vol,True
2022-01-03,Sentiment Tilt Min Vol,DD,1.4475753785926473e-19,Equity,Materials,min_vol,True
2022-01-03,Sentiment Tilt Min Vol,DOW,0.0,Equity,Materials,min_vol,True
2022-01-03,Sentiment Tilt Min Vol,NEM,0.01505639268029332,Equity,Materials,min_vol,True
2022-01-03,Sentiment Tilt Min Vol,NUE,3.488732121972296e-18,Equity,Materials,min_vol,True
2022-01-03,Sentiment Tilt Min Vol,SHW,0.012361709128454993,Equity,Materials,min_vol,True
2022-01-03,Sentiment Tilt Min Vol,AMT,1.8199504555277118e-19,Equity,RealEstate,min_vol,True
2022-01-03,Sentiment Tilt Min Vol,CCI,0.009396980714452888,Equity,RealEstate,min_vol,True
2022-01-03,Sentiment Tilt Min Vol,O,0.017055871400601788,Equity,RealEstate,min_vol,True
2022-01-03,Sentiment Tilt Min Vol,PLD,2.248639775697576e-18,Equity,RealEstate,min_vol,True
2022-01-03,Sentiment Tilt Min Vol,PSA,0.08252415173648914,Equity,RealEstate,min_vol,True
2022-01-03,Sentiment Tilt Min Vol,ADBE,0.022863878533393556,Equity,Tech,min_vol,True
2022-01-03,Sentiment Tilt Min Vol,AMD,0.03309444542633572,Equity,Tech,min_vol,True
2022-01-03,Sentiment Tilt Min Vol,INTC,0.012296967506857336,Equity,Tech,min_vol,True
2022-01-03,Sentiment Tilt Min Vol,NVDA,0.0,Equity,Tech,min_vol,True
2022-01-03,Sentiment Tilt Min Vol,QCOM,0.0,Equity,Tech,min_vol,True
2022-01-03,Sentiment Tilt Min Vol,AEP,0.049088045481331666,Equity,Utilities,min_vol,True
2022-01-03,Sentiment Tilt Min Vol,D,0.0,Equity,Utilities,min_vol,True
2022-01-03,Sentiment Tilt Min Vol,DUK,0.06099373137070645,Equity,Utilities,min_vol,True
2022-01-03,Sentiment Tilt Min Vol,NEE,0.0,Equity,Utilities,min_vol,True
2022-01-03,Sentiment Tilt Min Vol,SO,0.024372343557353852,Equity,Utilities,min_vol,True
2022-02-01,Sentiment Tilt Min Vol,CMCSA,0.0,Equity,Comm,min_vol,True
2022-02-01,Sentiment Tilt Min Vol,EA,0.053105706384628575,Equity,Comm,min_vol,True
2022-02-01,Sentiment Tilt Min Vol,T,0.015221030400703902,Equity,Comm,min_vol,True
2022-02-01,Sentiment Tilt Min Vol,TMUS,0.0029003212576259414,Equity,Comm,min_vol,True
2022-02-01,Sentiment Tilt Min Vol,TTWO,0.027922521591920053,Equity,Comm,min_vol,True
2022-02-01,Sentiment Tilt Min Vol,DIS,0.01612593706442461,Equity,Consumer,min_vol,True
2022-02-01,Sentiment Tilt Min Vol,KO,0.038362573729934436,Equity,Consumer,min_vol,True
2022-02-01,Sentiment Tilt Min Vol,NKE,0.01574519990317944,Equity,Consumer,min_vol,True
2022-02-01,Sentiment Tilt Min Vol,SBUX,0.021958339307882546,Equity,Consumer,min_vol,True
2022-02-01,Sentiment Tilt Min Vol,WMT,0.07537598745813442,Equity,Consumer,min_vol,True
2022-02-01,Sentiment Tilt Min Vol,COP,4.564820857612123e-19,Equity,Energy,min_vol,True
2022-02-01,Sentiment Tilt Min Vol,CVX,0.06224000458661649,Equity,Energy,min_vol,True
2022-02-01,Sentiment Tilt Min Vol,OXY,0.0,Equity,Energy,min_vol,True
2022-02-01,Sentiment Tilt Min Vol,SLB,6.048974967106817e-19,Equity,Energy,min_vol,True
2022-02-01,Sentiment Tilt Min Vol,XOM,1.8822676825926946e-18,Equity,Energy,min_vol,True
2022-02-01,Sentiment Tilt Min Vol,GS,0.007657735905343558,Equity,Financials,min_vol,True
2022-02-01,Sentiment Tilt Min Vol,MS,0.019298792246988973,Equity,Financials,min_vol,True
2022-02-01,Sentiment Tilt Min Vol,USB,2.0212608375170767e-18,Equity,Financials,min_vol,True
2022-02-01,Sentiment Tilt Min Vol,V,0.0,Equity,Financials,min_vol,True
2022-02-01,Sentiment Tilt Min Vol,WFC,1.4886445987755536e-18,Equity,Financials,min_vol,True
2022-02-01,Sentiment Tilt Min Vol,ABBV,0.052064653883954336,Equity,Healthcare,min_vol,True
2022-02-01,Sentiment Tilt Min Vol,ABT,0.03947086983840157,Equity,Healthcare,min_vol,True
2022-02-01,Sentiment Tilt Min Vol,AMGN,1.5044486997465146e-18,Equity,Healthcare,min_vol,True
2022-02-01,Sentiment Tilt Min Vol,GILD,0.05926668201340378,Equity,Healthcare,min_vol,True
2022-02-01,Sentiment Tilt Min Vol,MRK,0.06528582125914915,Equity,Healthcare,min_vol,True
2022-02-01,Sentiment Tilt Min Vol,BA,0.0,Equity,Industrials,min_vol,True
2022-02-01,Sentiment Tilt Min Vol,CAT,0.021339359496034722,Equity,Industrials,min_vol,True
2022-02-01,Sentiment Tilt Min Vol,GE,0.0,Equity,Industrials,min_vol,True
2022-02-01,Sentiment Tilt Min Vol,MMM,0.024456059543709503,Equity,Industrials,min_vol,True
2022-02-01,Sentiment Tilt Min Vol,UPS,0.008508183383737353,Equity,Industrials,min_vol,True
2022-02-01,Sentiment Tilt Min Vol,DD,1.0746667309323252e-18,Equity,Materials,min_vol,True
2022-02-01,Sentiment Tilt Min Vol,DOW,8.194871523052702e-19,Equity,Materials,min_vol,True
2022-02-01,Sentiment Tilt Min Vol,NEM,0.008961512176304809,Equity,Materials,min_vol,True
2022-02-01,Sentiment Tilt Min Vol,NUE,2.180777607069255e-19,Equity,Materials,min_vol,True
2022-02-01,Sentiment Tilt Min Vol,SHW,0.008878256406736933,Equity,Materials,min_vol,True
2022-02-01,Sentiment Tilt Min Vol,AMT,1.5774949736257853e-18,Equity,RealEstate,min_vol,True
2022-02-01,Sentiment Tilt Min Vol,CCI,7.793900672176185e-19,Equity,RealEstate,min_vol,True
2022-02-01,Sentiment Tilt Min Vol,O,0.035244343950888504,Equity,RealEstate,min_vol,True
2022-02-01,Sentiment Tilt Min Vol,PLD,1.3281845772468185e-18,Equity,RealEstate,min_vol,True
2022-02-01,Sentiment Tilt Min Vol,PSA,0.1254480833736246,Equity,RealEstate,min_vol,True
2022-02-01,Sentiment Tilt Min Vol,ADBE,0.009789094859940223,Equity,Tech,min_vol,True
2022-02-01,Sentiment Tilt Min Vol,AMD,0.006211819731255052,Equity,Tech,min_vol,True
2022-02-01,Sentiment Tilt Min Vol,INTC,0.010758846026893818,Equity,Tech,min_vol,True
2022-02-01,Sentiment Tilt Min Vol,NVDA,0.0,Equity,Tech,min_vol,True
2022-02-01,Sentiment Tilt Min Vol,QCOM,0.0,Equity,Tech,min_vol,True
2022-02-01,Sentiment Tilt Min Vol,AEP,0.04694891746158644,Equity,Utilities,min_vol,True
2022-02-01,Sentiment Tilt Min Vol,D,1.2389676522350543e-18,Equity,Utilities,min_vol,True
2022-02-01,Sentiment Tilt Min Vol,DUK,0.05511478109549547,Equity,Utilities,min_vol,True
2022-02-01,Sentiment Tilt Min Vol,NEE,0.0,Equity,Utilities,min_vol,True
2022-02-01,Sentiment Tilt Min Vol,SO,0.0663385656615007,Equity,Utilities,min_vol,True
2022-03-01,Sentiment Tilt Min Vol,CMCSA,5.171021798948132e-18,Equity,Comm,min_vol,True
2022-03-01,Sentiment Tilt Min Vol,EA,0.08049531049860448,Equity,Comm,min_vol,True
2022-03-01,Sentiment Tilt Min Vol,T,0.000984163728259495,Equity,Comm,min_vol,True
2022-03-01,Sentiment Tilt Min Vol,TMUS,0.008000254772940762,Equity,Comm,min_vol,True
2022-03-01,Sentiment Tilt Min Vol,TTWO,0.05013563498079289,Equity,Comm,min_vol,True
2022-03-01,Sentiment Tilt Min Vol,DIS,0.07484292741030299,Equity,Consumer,min_vol,True
2022-03-01,Sentiment Tilt Min Vol,KO,0.09205318230929149,Equity,Consumer,min_vol,True
2022-03-01,Sentiment Tilt Min Vol,NKE,0.027635326242867252,Equity,Consumer,min_vol,True
2022-03-01,Sentiment Tilt Min Vol,SBUX,1.549292392504362e-20,Equity,Consumer,min_vol,True
2022-03-01,Sentiment Tilt Min Vol,WMT,0.1301422248763254,Equity,Consumer,min_vol,True
2022-03-01,Sentiment Tilt Min Vol,COP,0.0,Equity,Energy,min_vol,True
2022-03-01,Sentiment Tilt Min Vol,CVX,0.044596263397389375,Equity,Energy,min_vol,True
2022-03-01,Sentiment Tilt Min Vol,OXY,0.006079399512844853,Equity,Energy,min_vol,True
2022-03-01,Sentiment Tilt Min Vol,SLB,0.0,Equity,Energy,min_vol,True
2022-03-01,Sentiment Tilt Min Vol,XOM,0.0,Equity,Energy,min_vol,True
2022-03-01,Sentiment Tilt Min Vol,GS,0.0045900500892554165,Equity,Financials,min_vol,True
2022-03-01,Sentiment Tilt Min Vol,MS,0.003735040223899678,Equity,Financials,min_vol,True
2022-03-01,Sentiment Tilt Min Vol,USB,0.0,Equity,Financials,min_vol,True
2022-03-01,Sentiment Tilt Min Vol,V,1.8661347704418605e-19,Equity,Financials,min_vol,True
2022-03-01,Sentiment Tilt Min Vol,WFC,1.1222719597300998e-18,Equity,Financials,min_vol,True
2022-03-01,Sentiment Tilt Min Vol,ABBV,0.03536330348496303,Equity,Healthcare,min_vol,True
2022-03-01,Sentiment Tilt Min Vol,ABT,0.01786146755469225,Equity,Healthcare,min_vol,True
2022-03-01,Sentiment Tilt Min Vol,AMGN,0.0,Equity,Healthcare,min_vol,True
2022-03-01,Sentiment Tilt Min Vol,GILD,0.08888928214806978,Equity,Healthcare,min_vol,True
2022-03-01,Sentiment Tilt Min Vol,MRK,0.04175776571540291,Equity,Healthcare,min_vol,True
2022-03-01,Sentiment Tilt Min Vol,BA,3.018470562743153e-19,Equity,Industrials,min_vol,True
2022-03-01,Sentiment Tilt Min Vol,CAT,0.0204868035621648,Equity,Industrials,min_vol,True
2022-03-01,Sentiment Tilt Min Vol,GE,0.0,Equity,Industrials,min_vol,True
2022-03-01,Sentiment Tilt Min Vol,MMM,0.0,Equity,Industrials,min_vol,True
2022-03-01,Sentiment Tilt Min Vol,UPS,0.017384313882180574,Equity,Industrials,min_vol,True
2022-03-01,Sentiment Tilt Min Vol,DD,0.0,Equity,Materials,min_vol,True
2022-03-01,Sentiment Tilt Min Vol,DOW,0.0,Equity,Materials,min_vol,True
2022-03-01,Sentiment Tilt Min Vol,NEM,0.01648082267501378,Equity,Materials,min_vol,True
2022-03-01,Sentiment Tilt Min Vol,NUE,0.0,Equity,Materials,min_vol,True
2022-03-01,Sentiment Tilt Min Vol,SHW,0.0002760301622916236,Equity,Materials,min_vol,True
2022-03-01,Sentiment Tilt Min Vol,AMT,0.0,Equity,RealEstate,min_vol,True
2022-03-01,Sentiment Tilt Min Vol,CCI,2.74865268324634e-20,Equity,RealEstate,min_vol,True
2022-03-01,Sentiment Tilt Min Vol,O,0.01271124316809454,Equity,RealEstate,min_vol,True
2022-03-01,Sentiment Tilt Min Vol,PLD,4.345714035034025e-19,Equity,RealEstate,min_vol,True
2022-03-01,Sentiment Tilt Min Vol,PSA,0.038837745627757735,Equity,RealEstate,min_vol,True
2022-03-01,Sentiment Tilt Min Vol,ADBE,0.013391080566437901,Equity,Tech,min_vol,True
2022-03-01,Sentiment Tilt Min Vol,AMD,7.771611133669718e-19,Equity,Tech,min_vol,True
2022-03-01,Sentiment Tilt Min Vol,INTC,0.004785083062948123,Equity,Tech,min_vol,True
2022-03-01,Sentiment Tilt Min Vol,NVDA,0.0,Equity,Tech,min_vol,True
2022-03-01,Sentiment Tilt Min Vol,QCOM,1.103604968908894e-18,Equity,Tech,min_vol,True
2022-03-01,Sentiment Tilt Min Vol,AEP,0.05620290959540914,Equity,Utilities,min_vol,True
2022-03-01,Sentiment Tilt Min Vol,D,0.0,Equity,Utilities,min_vol,True
2022-03-01,Sentiment Tilt Min Vol,DUK,0.04088165668053798,Equity,Utilities,min_vol,True
2022-03-01,Sentiment Tilt Min Vol,NEE,0.0,Equity,Utilities,min_vol,True
2022-03-01,Sentiment Tilt Min Vol,SO,0.07140071407126193,Equity,Utilities,min_vol,True
2022-04-01,Sentiment Tilt Min Vol,CMCSA,9.841973386858784e-19,Equity,Comm,min_vol,True
2022-04-01,Sentiment Tilt Min Vol,EA,0.07549563079368629,Equity,Comm,min_vol,True
2022-04-01,Sentiment Tilt Min Vol,T,3.688869414500186e-18,Equity,Comm,min_vol,True
2022-04-01,Sentiment Tilt Min Vol,TMUS,0.023927577975053606,Equity,Comm,min_vol,True
2022-04-01,Sentiment Tilt Min Vol,TTWO,0.03754190099062548,Equity,Comm,min_vol,True
2022-04-01,Sentiment Tilt Min Vol,DIS,0.033409745945479144,Equity,Consumer,min_vol,True
2022-04-01,Sentiment Tilt Min Vol,KO,0.051100450369216205,Equity,Consumer,min_vol,True
2022-04-01,Sentiment Tilt Min Vol,NKE,0.009592756420161294,Equity,Consumer,min_vol,True
2022-04-01,Sentiment Tilt Min Vol,SBUX,1.4320478125874536e-18,Equity,Consumer,min_vol,True
2022-04-01,Sentiment Tilt Min Vol,WMT,0.0708950976010661,Equity,Consumer,min_vol,True
2022-04-01,Sentiment Tilt Min Vol,COP,0.0,Equity,Energy,min_vol,True
2022-04-01,Sentiment Tilt Min Vol,CVX,0.05728543560468277,Equity,Energy,min_vol,True
2022-04-01,Sentiment Tilt Min Vol,OXY,1.8219519056651419e-19,Equity,Energy,min_vol,True
2022-04-01,Sentiment Tilt Min Vol,SLB,0.0,Equity,Energy,min_vol,True
2022-04-01,Sentiment Tilt Min Vol,XOM,1.356889427422379e-18,Equity,Energy,min_vol,True
2022-04-01,Sentiment Tilt Min Vol,GS,0.0,Equity,Financials,min_vol,True
2022-04-01,Sentiment Tilt Min Vol,MS,0.0,Equity,Financials,min_vol,True
2022-04-01,Sentiment Tilt Min Vol,USB,2.5207873397369025e-18,Equity,Financials,min_vol,True
2022-04-01,Sentiment Tilt Min Vol,V,3.6063549294471025e-19,Equity,Financials,min_vol,True
2022-04-01,Sentiment Tilt Min Vol,WFC,0.0,Equity,Financials,min_vol,True
2022-04-01,Sentiment Tilt Min Vol,ABBV,0.05219054397411667,Equity,Healthcare,min_vol,True
2022-04-01,Sentiment Tilt Min Vol,ABT,0.010638728350155627,Equity,Healthcare,min_vol,True
2022-04-01,Sentiment Tilt Min Vol,AMGN,0.0,Equity,Healthcare,min_vol,True
2022-04-01,Sentiment Tilt Min Vol,GILD,0.10501034189911478,Equity,Healthcare,min_vol,True
2022-04-01,Sentiment Tilt Min Vol,MRK,0.05261908409498773,Equity,Healthcare,min_vol,True
2022-04-01,Sentiment Tilt Min Vol,BA,0.0,Equity,Industrials,min_vol,True
2022-04-01,Sentiment Tilt Min Vol,CAT,0.04447097008709136,Equity,Industrials,min_vol,True
2022-04-01,Sentiment Tilt Min Vol,GE,4.308814190162674e-18,Equity,Industrials,min_vol,True
2022-04-01,Sentiment Tilt Min Vol,MMM,0.0,Equity,Industrials,min_vol,True
2022-04-01,Sentiment Tilt Min Vol,UPS,0.005004785299537558,Equity,Industrials,min_vol,True
2022-04-01,Sentiment Tilt Min Vol,DD,2.3524774743344823e-18,Equity,Materials,min_vol,True
2022-04-01,Sentiment Tilt Min Vol,DOW,7.047143336874669e-18,Equity,Materials,min_vol,True
2022-04-01,Sentiment Tilt Min Vol,NEM,0.062359364350489555,Equity,Materials,min_vol,True
2022-04-01,Sentiment Tilt Min Vol,NUE,0.0,Equity,Materials,min_vol,True
2022-04-01,Sentiment Tilt Min Vol,SHW,0.026545230104966,Equity,Materials,min_vol,True
2022-04-01,Sentiment Tilt Min Vol,AMT,0.0029595128953399867,Equity,RealEstate,min_vol,True
2022-04-01,Sentiment Tilt Min Vol,CCI,2.334856861678708e-20,Equity,RealEstate,min_vol,True
2022-04-01,Sentiment Tilt Min Vol,O,0.016860884503507534,Equity,RealEstate,min_vol,True
2022-04-01,Sentiment Tilt Min Vol,PLD,0.0,Equity,RealEstate,min_vol,True
2022-04-01,Sentiment Tilt Min Vol,PSA,0.031987193014344176,Equity,RealEstate,min_vol,True
2022-04-01,Sentiment Tilt Min Vol,ADBE,0.011884216820231452,Equity,Tech,min_vol,True
2022-04-01,Sentiment Tilt Min Vol,AMD,0.0,Equity,Tech,min_vol,True
2022-04-01,Sentiment Tilt Min Vol,INTC,0.008417525911667346,Equity,Tech,min_vol,True
2022-04-01,Sentiment Tilt Min Vol,NVDA,6.86147777365975e-19,Equity,Tech,min_vol,True
2022-04-01,Sentiment Tilt Min Vol,QCOM,0.0,Equity,Tech,min_vol,True
2022-04-01,Sentiment Tilt Min Vol,AEP,0.04756950967314564,Equity,Utilities,min_vol,True
2022-04-01,Sentiment Tilt Min Vol,D,3.544430652871159e-18,Equity,Utilities,min_vol,True
2022-04-01,Sentiment Tilt Min Vol,DUK,0.05078274726444512,Equity,Utilities,min_vol,True
2022-04-01,Sentiment Tilt Min Vol,NEE,0.027660801245377276,Equity,Utilities,min_vol,True
2022-04-01,Sentiment Tilt Min Vol,SO,0.08378996481151116,Equity,Utilities,min_vol,True
2022-05-02,Sentiment Tilt Min Vol,CMCSA,0.0,Equity,Comm,min_vol,True
2022-05-02,Sentiment Tilt Min Vol,EA,0.09351961780694883,Equity,Comm,min_vol,True
2022-05-02,Sentiment Tilt Min Vol,T,0.0067940393739364105,Equity,Comm,min_vol,True
2022-05-02,Sentiment Tilt Min Vol,TMUS,1.9950151702248117e-18,Equity,Comm,min_vol,True
2022-05-02,Sentiment Tilt Min Vol,TTWO,0.04402957079185935,Equity,Comm,min_vol,True
2022-05-02,Sentiment Tilt Min Vol,DIS,0.03529904994525363,Equity,Consumer,min_vol,True
2022-05-02,Sentiment Tilt Min Vol,KO,0.07892447185336451,Equity,Consumer,min_vol,True
2022-05-02,Sentiment Tilt Min Vol,NKE,0.0,Equity,Consumer,min_vol,True
2022-05-02,Sentiment Tilt Min Vol,SBUX,0.0,Equity,Consumer,min_vol,True
2022-05-02,Sentiment Tilt Min Vol,WMT,0.08899891716693133,Equity,Consumer,min_vol,True
2022-05-02,Sentiment Tilt Min Vol,COP,0.0,Equity,Energy,min_vol,True
2022-05-02,Sentiment Tilt Min Vol,CVX,0.02931373684119858,Equity,Energy,min_vol,True
2022-05-02,Sentiment Tilt Min Vol,OXY,0.0,Equity,Energy,min_vol,True
2022-05-02,Sentiment Tilt Min Vol,SLB,8.986900219497894e-19,Equity,Energy,min_vol,True
2022-05-02,Sentiment Tilt Min Vol,XOM,0.003427102958271907,Equity,Energy,min_vol,True
2022-05-02,Sentiment Tilt Min Vol,GS,2.2003248001795473e-18,Equity,Financials,min_vol,True
2022-05-02,Sentiment Tilt Min Vol,MS,0.0,Equity,Financials,min_vol,True
2022-05-02,Sentiment Tilt Min Vol,USB,1.36440850620092e-18,Equity,Financials,min_vol,True
2022-05-02,Sentiment Tilt Min Vol,V,0.0,Equity,Financials,min_vol,True
2022-05-02,Sentiment Tilt Min Vol,WFC,0.0,Equity,Financials,min_vol,True
2022-05-02,Sentiment Tilt Min Vol,ABBV,0.03762483474427541,Equity,Healthcare,min_vol,True
2022-05-02,Sentiment Tilt Min Vol,ABT,3.9887381235026036e-21,Equity,Healthcare,min_vol,True
2022-05-02,Sentiment Tilt Min Vol,AMGN,0.027238913313651615,Equity,Healthcare,min_vol,True
2022-05-02,Sentiment Tilt Min Vol,GILD,0.10866420634718389,Equity,Healthcare,min_vol,True
2022-05-02,Sentiment Tilt Min Vol,MRK,0.061862633301428056,Equity,Healthcare,min_vol,True
2022-05-02,Sentiment Tilt Min Vol,BA,4.543598944618461e-18,Equity,Industrials,min_vol,True
2022-05-02,Sentiment Tilt Min Vol,CAT,0.06628761727249842,Equity,Industrials,min_vol,True
2022-05-02,Sentiment Tilt Min Vol,GE,4.215862601492399e-18,Equity,Industrials,min_vol,True
2022-05-02,Sentiment Tilt Min Vol,MMM,3.198759111121826e-18,Equity,Industrials,min_vol,True
2022-05-02,Sentiment Tilt Min Vol,UPS,1.2063994989685652e-18,Equity,Industrials,min_vol,True
2022-05-02,Sentiment Tilt Min Vol,DD,0.0,Equity,Materials,min_vol,True
2022-05-02,Sentiment Tilt Min Vol,DOW,1.4370934685863482e-18,Equity,Materials,min_vol,True
2022-05-02,Sentiment Tilt Min Vol,NEM,0.03371805611458489,Equity,Materials,min_vol,True
2022-05-02,Sentiment Tilt Min Vol,NUE,0.0,Equity,Materials,min_vol,True
2022-05-02,Sentiment Tilt Min Vol,SHW,0.04552375164752638,Equity,Materials,min_vol,True
2022-05-02,Sentiment Tilt Min Vol,AMT,0.0,Equity,RealEstate,min_vol,True
2022-05-02,Sentiment Tilt Min Vol,CCI,0.0026544044935598145,Equity,RealEstate,min_vol,True
2022-05-02,Sentiment Tilt Min Vol,O,0.02379886565668065,Equity,RealEstate,min_vol,True
2022-05-02,Sentiment Tilt Min Vol,PLD,0.0,Equity,RealEstate,min_vol,True
2022-05-02,Sentiment Tilt Min Vol,PSA,5.491128238077576e-18,Equity,RealEstate,min_vol,True
2022-05-02,Sentiment Tilt Min Vol,ADBE,0.011943448653562408,Equity,Tech,min_vol,True
2022-05-02,Sentiment Tilt Min Vol,AMD,0.0,Equity,Tech,min_vol,True
2022-05-02,Sentiment Tilt Min Vol,INTC,0.0,Equity,Tech,min_vol,True
2022-05-02,Sentiment Tilt Min Vol,NVDA,2.1472608714897524e-19,Equity,Tech,min_vol,True
2022-05-02,Sentiment Tilt Min Vol,QCOM,1.683306294348732e-18,Equity,Tech,min_vol,True
2022-05-02,Sentiment Tilt Min Vol,AEP,0.03379617055115728,Equity,Utilities,min_vol,True
2022-05-02,Sentiment Tilt Min Vol,D,8.43236970334387e-19,Equity,Utilities,min_vol,True
2022-05-02,Sentiment Tilt Min Vol,DUK,0.08943043718759174,Equity,Utilities,min_vol,True
2022-05-02,Sentiment Tilt Min Vol,NEE,0.0034224673937847503,Equity,Utilities,min_vol,True
2022-05-02,Sentiment Tilt Min Vol,SO,0.07372768658475026,Equity,Utilities,min_vol,True
2022-06-01,Sentiment Tilt Min Vol,CMCSA,0.0,Equity,Comm,min_vol,True
2022-06-01,Sentiment Tilt Min Vol,EA,0.060813082782337775,Equity,Comm,min_vol,True
2022-06-01,Sentiment Tilt Min Vol,T,0.0,Equity,Comm,min_vol,True
2022-06-01,Sentiment Tilt Min Vol,TMUS,1.787479272279099e-18,Equity,Comm,min_vol,True
2022-06-01,Sentiment Tilt Min Vol,TTWO,0.020518969519063308,Equity,Comm,min_vol,True
2022-06-01,Sentiment Tilt Min Vol,DIS,0.03421176880556456,Equity,Consumer,min_vol,True
2022-06-01,Sentiment Tilt Min Vol,KO,0.00833249337065727,Equity,Consumer,min_vol,True
2022-06-01,Sentiment Tilt Min Vol,NKE,0.00022883441946638602,Equity,Consumer,min_vol,True
2022-06-01,Sentiment Tilt Min Vol,SBUX,1.3251926005035938e-18,Equity,Consumer,min_vol,True
2022-06-01,Sentiment Tilt Min Vol,WMT,0.05888354771703916,Equity,Consumer,min_vol,True
2022-06-01,Sentiment Tilt Min Vol,COP,0.0,Equity,Energy,min_vol,True
2022-06-01,Sentiment Tilt Min Vol,CVX,0.0380374206009571,Equity,Energy,min_vol,True
2022-06-01,Sentiment Tilt Min Vol,OXY,0.0,Equity,Energy,min_vol,True
2022-06-01,Sentiment Tilt Min Vol,SLB,0.0,Equity,Energy,min_vol,True
2022-06-01,Sentiment Tilt Min Vol,XOM,2.244463231836579e-19,Equity,Energy,min_vol,True
2022-06-01,Sentiment Tilt Min Vol,GS,6.9593621886730375e-19,Equity,Financials,min_vol,True
2022-06-01,Sentiment Tilt Min Vol,MS,5.269678742642368e-19,Equity,Financials,min_vol,True
2022-06-01,Sentiment Tilt Min Vol,USB,0.002377061986454767,Equity,Financials,min_vol,True
2022-06-01,Sentiment Tilt Min Vol,V,0.0,Equity,Financials,min_vol,True
2022-06-01,Sentiment Tilt Min Vol,WFC,0.0,Equity,Financials,min_vol,True
2022-06-01,Sentiment Tilt Min Vol,ABBV,0.09222496416210225,Equity,Healthcare,min_vol,True
2022-06-01,Sentiment Tilt Min Vol,ABT,0.0,Equity,Healthcare,min_vol,True
2022-06-01,Sentiment Tilt Min Vol,AMGN,0.06898929044456117,Equity,Healthcare,min_vol,True
2022-06-01,Sentiment Tilt Min Vol,GILD,0.17814095952176207,Equity,Healthcare,min_vol,True
2022-06-01,Sentiment Tilt Min Vol,MRK,0.09926015698169509,Equity,Healthcare,min_vol,True
2022-06-01,Sentiment Tilt Min Vol,BA,1.3780138964459335e-18,Equity,Industrials,min_vol,True
2022-06-01,Sentiment Tilt Min Vol,CAT,0.0265320051325992,Equity,Industrials,min_vol,True
2022-06-01,Sentiment Tilt Min Vol,GE,0.0,Equity,Industrials,min_vol,True
2022-06-01,Sentiment Tilt Min Vol,MMM,0.0,Equity,Industrials,min_vol,True
2022-06-01,Sentiment Tilt Min Vol,UPS,0.01030995349949602,Equity,Industrials,min_vol,True
2022-06-01,Sentiment Tilt Min Vol,DD,0.0,Equity,Materials,min_vol,True
2022-06-01,Sentiment Tilt Min Vol,DOW,9.768342418342678e-19,Equity,Materials,min_vol,True
2022-06-01,Sentiment Tilt Min Vol,NEM,0.04339417953185107,Equity,Materials,min_vol,True
2022-06-01,Sentiment Tilt Min Vol,NUE,0.0,Equity,Materials,min_vol,True
2022-06-01,Sentiment Tilt Min Vol,SHW,0.038517543755047616,Equity,Materials,min_vol,True
2022-06-01,Sentiment Tilt Min Vol,AMT,1.0449489837072298e-18,Equity,RealEstate,min_vol,True
2022-06-01,Sentiment Tilt Min Vol,CCI,2.8596549674998755e-18,Equity,RealEstate,min_vol,True
2022-06-01,Sentiment Tilt Min Vol,O,0.007446181979008615,Equity,RealEstate,min_vol,True
2022-06-01,Sentiment Tilt Min Vol,PLD,0.0,Equity,RealEstate,min_vol,True
2022-06-01,Sentiment Tilt Min Vol,PSA,1.1535497461978318e-18,Equity,RealEstate,min_vol,True
2022-06-01,Sentiment Tilt Min Vol,ADBE,0.00988484550584161,Equity,Tech,min_vol,True
2022-06-01,Sentiment Tilt Min Vol,AMD,1.0882622437377274e-18,Equity,Tech,min_vol,True
2022-06-01,Sentiment Tilt Min Vol,INTC,0.004796534410322588,Equity,Tech,min_vol,True
2022-06-01,Sentiment Tilt Min Vol,NVDA,1.1993682924829926e-18,Equity,Tech,min_vol,True
2022-06-01,Sentiment Tilt Min Vol,QCOM,2.9688115002514665e-18,Equity,Tech,min_vol,True
2022-06-01,Sentiment Tilt Min Vol,AEP,0.039988886744158715,Equity,Utilities,min_vol,True
2022-06-01,Sentiment Tilt Min Vol,D,0.003748426983459961,Equity,Utilities,min_vol,True
2022-06-01,Sentiment Tilt Min Vol,DUK,0.09335016889643073,Equity,Utilities,min_vol,True
2022-06-01,Sentiment Tilt Min Vol,NEE,2.7228035614113436e-18,Equity,Utilities,min_vol,True
2022-06-01,Sentiment Tilt Min Vol,SO,0.06001272325012307,Equity,Utilities,min_vol,True
2022-07-01,Sentiment Tilt Min Vol,CMCSA,1.4280168886470146e-17,Equity,Comm,min_vol,True
2022-07-01,Sentiment Tilt Min Vol,EA,0.11153498612035911,Equity,Comm,min_vol,True
2022-07-01,Sentiment Tilt Min Vol,T,1.946216861960662e-18,Equity,Comm,min_vol,True
2022-07-01,Sentiment Tilt Min Vol,TMUS,1.9212389411986533e-18,Equity,Comm,min_vol,True
2022-07-01,Sentiment Tilt Min Vol,TTWO,0.03745389561637959,Equity,Comm,min_vol,True
2022-07-01,Sentiment Tilt Min Vol,DIS,0.05685959406723475,Equity,Consumer,min_vol,True
2022-07-01,Sentiment Tilt Min Vol,KO,0.05379305602407542,Equity,Consumer,min_vol,True
2022-07-01,Sentiment Tilt Min Vol,NKE,1.1897652882368924e-17,Equity,Consumer,min_vol,True
2022-07-01,Sentiment Tilt Min Vol,SBUX,3.691467276827806e-19,Equity,Consumer,min_vol,True
2022-07-01,Sentiment Tilt Min Vol,WMT,0.12856059687624688,Equity,Consumer,min_vol,True
2022-07-01,Sentiment Tilt Min Vol,COP,2.9661148775202685e-19,Equity,Energy,min_vol,True
2022-07-01,Sentiment Tilt Min Vol,CVX,0.022925406162379355,Equity,Energy,min_vol,True
2022-07-01,Sentiment Tilt Min Vol,OXY,1.5648885690850632e-19,Equity,Energy,min_vol,True
2022-07-01,Sentiment Tilt Min Vol,SLB,4.0250763589209614e-19,Equity,Energy,min_vol,True
2022-07-01,Sentiment Tilt Min Vol,XOM,1.4866844202791674e-19,Equity,Energy,min_vol,True
2022-07-01,Sentiment Tilt Min Vol,GS,0.0,Equity,Financials,min_vol,True
2022-07-01,Sentiment Tilt Min Vol,MS,0.0,Equity,Financials,min_vol,True
2022-07-01,Sentiment Tilt Min Vol,USB,5.66815567972597e-19,Equity,Financials,min_vol,True
2022-07-01,Sentiment Tilt Min Vol,V,1.7166899552543008e-19,Equity,Financials,min_vol,True
2022-07-01,Sentiment Tilt Min Vol,WFC,2.5937330125535438e-18,Equity,Financials,min_vol,True
2022-07-01,Sentiment Tilt Min Vol,ABBV,0.037922771215813195,Equity,Healthcare,min_vol,True
2022-07-01,Sentiment Tilt Min Vol,ABT,0.0,Equity,Healthcare,min_vol,True
2022-07-01,Sentiment Tilt Min Vol,AMGN,0.05365255902626855,Equity,Healthcare,min_vol,True
2022-07-01,Sentiment Tilt Min Vol,GILD,0.09560273562552928,Equity,Healthcare,min_vol,True
2022-07-01,Sentiment Tilt Min Vol,MRK,0.046181094870030456,Equity,Healthcare,min_vol,True
2022-07-01,Sentiment Tilt Min Vol,BA,0.0,Equity,Industrials,min_vol,True
2022-07-01,Sentiment Tilt Min Vol,CAT,0.015329363500275972,Equity,Industrials,min_vol,True
2022-07-01,Sentiment Tilt Min Vol,GE,0.0,Equity,Industrials,min_vol,True
2022-07-01,Sentiment Tilt Min Vol,MMM,0.02804068721604202,Equity,Industrials,min_vol,True
2022-07-01,Sentiment Tilt Min Vol,UPS,0.02669481465070887,Equity,Industrials,min_vol,True
2022-07-01,Sentiment Tilt Min Vol,DD,0.0,Equity,Materials,min_vol,True
2022-07-01,Sentiment Tilt Min Vol,DOW,0.0,Equity,Materials,min_vol,True
2022-07-01,Sentiment Tilt Min Vol,NEM,0.05543096313919132,Equity,Materials,min_vol,True
2022-07-01,Sentiment Tilt Min Vol,NUE,5.053745054805808e-19,Equity,Materials,min_vol,True
2022-07-01,Sentiment Tilt Min Vol,SHW,0.028207599060645287,Equity,Materials,min_vol,True
2022-07-01,Sentiment Tilt Min Vol,AMT,1.5630168201087657e-18,Equity,RealEstate,min_vol,True
2022-07-01,Sentiment Tilt Min Vol,CCI,3.3763618875004944e-18,Equity,RealEstate,min_vol,True
2022-07-01,Sentiment Tilt Min Vol,O,0.012418944725108011,Equity,RealEstate,min_vol,True
2022-07-01,Sentiment Tilt Min Vol,PLD,0.0,Equity,RealEstate,min_vol,True
2022-07-01,Sentiment Tilt Min Vol,PSA,1.8433812304996805e-19,Equity,RealEstate,min_vol,True
2022-07-01,Sentiment Tilt Min Vol,ADBE,0.0,Equity,Tech,min_vol,True
2022-07-01,Sentiment Tilt Min Vol,AMD,0.0,Equity,Tech,min_vol,True
2022-07-01,Sentiment Tilt Min Vol,INTC,0.0,Equity,Tech,min_vol,True
2022-07-01,Sentiment Tilt Min Vol,NVDA,4.86038365070837e-18,Equity,Tech,min_vol,True
2022-07-01,Sentiment Tilt Min Vol,QCOM,4.364309531709617e-19,Equity,Tech,min_vol,True
2022-07-01,Sentiment Tilt Min Vol,AEP,0.030290292585944557,Equity,Utilities,min_vol,True
2022-07-01,Sentiment Tilt Min Vol,D,0.014718938695617297,Equity,Utilities,min_vol,True
2022-07-01,Sentiment Tilt Min Vol,DUK,0.09787229845431152,Equity,Utilities,min_vol,True
2022-07-01,Sentiment Tilt Min Vol,NEE,0.0,Equity,Utilities,min_vol,True
2022-07-01,Sentiment Tilt Min Vol,SO,0.046509402367838674,Equity,Utilities,min_vol,True
2022-08-01,Sentiment Tilt Min Vol,CMCSA,0.0069358863077487115,Equity,Comm,min_vol,True
2022-08-01,Sentiment Tilt Min Vol,EA,0.08099920835829816,Equity,Comm,min_vol,True
2022-08-01,Sentiment Tilt Min Vol,T,0.0,Equity,Comm,min_vol,True
2022-08-01,Sentiment Tilt Min Vol,TMUS,0.0,Equity,Comm,min_vol,True
2022-08-01,Sentiment Tilt Min Vol,TTWO,0.027552332067395213,Equity,Comm,min_vol,True
2022-08-01,Sentiment Tilt Min Vol,DIS,0.04322126794396516,Equity,Consumer,min_vol,True
2022-08-01,Sentiment Tilt Min Vol,KO,0.03897831563974161,Equity,Consumer,min_vol,True
2022-08-01,Sentiment Tilt Min Vol,NKE,1.3131453137786115e-18,Equity,Consumer,min_vol,True
2022-08-01,Sentiment Tilt Min Vol,SBUX,1.735499509112666e-18,Equity,Consumer,min_vol,True
2022-08-01,Sentiment Tilt Min Vol,WMT,0.10011754321171336,Equity,Consumer,min_vol,True
2022-08-01,Sentiment Tilt Min Vol,COP,7.312880203368307e-18,Equity,Energy,min_vol,True
2022-08-01,Sentiment Tilt Min Vol,CVX,0.06837314103476816,Equity,Energy,min_vol,True
2022-08-01,Sentiment Tilt Min Vol,OXY,6.6683554476177724e-18,Equity,Energy,min_vol,True
2022-08-01,Sentiment Tilt Min Vol,SLB,5.766633794715699e-18,Equity,Energy,min_vol,True
2022-08-01,Sentiment Tilt Min Vol,XOM,0.0,Equity,Energy,min_vol,True
2022-08-01,Sentiment Tilt Min Vol,GS,9.66733660379564e-19,Equity,Financials,min_vol,True
2022-08-01,Sentiment Tilt Min Vol,MS,0.0,Equity,Financials,min_vol,True
2022-08-01,Sentiment Tilt Min Vol,USB,0.0038171651863989414,Equity,Financials,min_vol,True
2022-08-01,Sentiment Tilt Min Vol,V,0.0,Equity,Financials,min_vol,True
2022-08-01,Sentiment Tilt Min Vol,WFC,2.0557308725245887e-18,Equity,Financials,min_vol,True
2022-08-01,Sentiment Tilt Min Vol,ABBV,0.050798826006251366,Equity,Healthcare,min_vol,True
2022-08-01,Sentiment Tilt Min Vol,ABT,0.0,Equity,Healthcare,min_vol,True
2022-08-01,Sentiment Tilt Min Vol,AMGN,0.06483641833442964,Equity,Healthcare,min_vol,True
2022-08-01,Sentiment Tilt Min Vol,GILD,0.10866759681123125,Equity,Healthcare,min_vol,True
2022-08-01,Sentiment Tilt Min Vol,MRK,0.054503563979119644,Equity,Healthcare,min_vol,True
2022-08-01,Sentiment Tilt Min Vol,BA,3.379043407523259e-18,Equity,Industrials,min_vol,True
2022-08-01,Sentiment Tilt Min Vol,CAT,0.0024116525404079643,Equity,Industrials,min_vol,True
2022-08-01,Sentiment Tilt Min Vol,GE,1.2804329295430768e-18,Equity,Industrials,min_vol,True
2022-08-01,Sentiment Tilt Min Vol,MMM,0.035112674892530824,Equity,Industrials,min_vol,True
2022-08-01,Sentiment Tilt Min Vol,UPS,9.373804116177685e-19,Equity,Industrials,min_vol,True
2022-08-01,Sentiment Tilt Min Vol,DD,0.0,Equity,Materials,min_vol,True
2022-08-01,Sentiment Tilt Min Vol,DOW,1.492283652719968e-18,Equity,Materials,min_vol,True
2022-08-01,Sentiment Tilt Min Vol,NEM,0.036433523478241296,Equity,Materials,min_vol,True
2022-08-01,Sentiment Tilt Min Vol,NUE,0.0,Equity,Materials,min_vol,True
2022-08-01,Sentiment Tilt Min Vol,SHW,0.017681291105321146,Equity,Materials,min_vol,True
2022-08-01,Sentiment Tilt Min Vol,AMT,9.18528225589046e-18,Equity,RealEstate,min_vol,True
2022-08-01,Sentiment Tilt Min Vol,CCI,1.5474034735885532e-17,Equity,RealEstate,min_vol,True
2022-08-01,Sentiment Tilt Min Vol,O,0.014466958722339163,Equity,RealEstate,min_vol,True
2022-08-01,Sentiment Tilt Min Vol,PLD,9.436845524915587e-18,Equity,RealEstate,min_vol,True
2022-08-01,Sentiment Tilt Min Vol,PSA,0.0,Equity,RealEstate,min_vol,True
2022-08-01,Sentiment Tilt Min Vol,ADBE,0.0,Equity,Tech,min_vol,True
2022-08-01,Sentiment Tilt Min Vol,AMD,0.0,Equity,Tech,min_vol,True
2022-08-01,Sentiment Tilt Min Vol,INTC,0.0,Equity,Tech,min_vol,True
2022-08-01,Sentiment Tilt Min Vol,NVDA,0.0,Equity,Tech,min_vol,True
2022-08-01,Sentiment Tilt Min Vol,QCOM,0.0,Equity,Tech,min_vol,True
2022-08-01,Sentiment Tilt Min Vol,AEP,0.05065016809852641,Equity,Utilities,min_vol,True
2022-08-01,Sentiment Tilt Min Vol,D,0.014222788266696068,Equity,Utilities,min_vol,True
2022-08-01,Sentiment Tilt Min Vol,DUK,0.12410262982574312,Equity,Utilities,min_vol,True
2022-08-01,Sentiment Tilt Min Vol,NEE,0.0,Equity,Utilities,min_vol,True
2022-08-01,Sentiment Tilt Min Vol,SO,0.056117048189132594,Equity,Utilities,min_vol,True
2022-09-01,Sentiment Tilt Min Vol,CMCSA,0.005536436958673461,Equity,Comm,min_vol,True
2022-09-01,Sentiment Tilt Min Vol,EA,0.1320609606856208,Equity,Comm,min_vol,True
2022-09-01,Sentiment Tilt Min Vol,T,0.0,Equity,Comm,min_vol,True
2022-09-01,Sentiment Tilt Min Vol,TMUS,3.9474216699974826e-18,Equity,Comm,min_vol,True
2022-09-01,Sentiment Tilt Min Vol,TTWO,0.02388371074229152,Equity,Comm,min_vol,True
2022-09-01,Sentiment Tilt Min Vol,DIS,0.027029553895090694,Equity,Consumer,min_vol,True
2022-09-01,Sentiment Tilt Min Vol,KO,0.042425701506886446,Equity,Consumer,min_vol,True
2022-09-01,Sentiment Tilt Min Vol,NKE,2.1977450436033145e-19,Equity,Consumer,min_vol,True
2022-09-01,Sentiment Tilt Min Vol,SBUX,0.0,Equity,Consumer,min_vol,True
2022-09-01,Sentiment Tilt Min Vol,WMT,0.09294511820868642,Equity,Consumer,min_vol,True
2022-09-01,Sentiment Tilt Min Vol,COP,0.0,Equity,Energy,min_vol,True
2022-09-01,Sentiment Tilt Min Vol,CVX,0.09920101189482329,Equity,Energy,min_vol,True
2022-09-01,Sentiment Tilt Min Vol,OXY,4.5561974083211195e-18,Equity,Energy,min_vol,True
2022-09-01,Sentiment Tilt Min Vol,SLB,0.0,Equity,Energy,min_vol,True
2022-09-01,Sentiment Tilt Min Vol,XOM,0.0,Equity,Energy,min_vol,True
2022-09-01,Sentiment Tilt Min Vol,GS,0.0,Equity,Financials,min_vol,True
2022-09-01,Sentiment Tilt Min Vol,MS,0.0,Equity,Financials,min_vol,True
2022-09-01,Sentiment Tilt Min Vol,USB,0.002734374793295295,Equity,Financials,min_vol,True
2022-09-01,Sentiment Tilt Min Vol,V,0.0,Equity,Financials,min_vol,True
2022-09-01,Sentiment Tilt Min Vol,WFC,0.0,Equity,Financials,min_vol,True
2022-09-01,Sentiment Tilt Min Vol,ABBV,0.036905783437570554,Equity,Healthcare,min_vol,True
2022-09-01,Sentiment Tilt Min Vol,ABT,0.0,Equity,Healthcare,min_vol,True
2022-09-01,Sentiment Tilt Min Vol,AMGN,0.06618165207905759,Equity,Healthcare,min_vol,True
2022-09-01,Sentiment Tilt Min Vol,GILD,0.06898182004125485,Equity,Healthcare,min_vol,True
2022-09-01,Sentiment Tilt Min Vol,MRK,0.03926835510732482,Equity,Healthcare,min_vol,True
2022-09-01,Sentiment Tilt Min Vol,BA,1.0446545403530294e-18,Equity,Industrials,min_vol,True
2022-09-01,Sentiment Tilt Min Vol,CAT,0.0,Equity,Industrials,min_vol,True
2022-09-01,Sentiment Tilt Min Vol,GE,0.0,Equity,Industrials,min_vol,True
2022-09-01,Sentiment Tilt Min Vol,MMM,0.013998755419474967,Equity,Industrials,min_vol,True
2022-09-01,Sentiment Tilt Min Vol,UPS,0.017355192244378422,Equity,Industrials,min_vol,True
2022-09-01,Sentiment Tilt Min Vol,DD,7.489328743662536e-19,Equity,Materials,min_vol,True
2022-09-01,Sentiment Tilt Min Vol,DOW,0.0,Equity,Materials,min_vol,True
2022-09-01,Sentiment Tilt Min Vol,NEM,0.06022895858771973,Equity,Materials,min_vol,True
2022-09-01,Sentiment Tilt Min Vol,NUE,5.999502649148805e-21,Equity,Materials,min_vol,True
2022-09-01,Sentiment Tilt Min Vol,SHW,0.02603186092413773,Equity,Materials,min_vol,True
2022-09-01,Sentiment Tilt Min Vol,AMT,0.0,Equity,RealEstate,min_vol,True
2022-09-01,Sentiment Tilt Min Vol,CCI,1.0454561518375599e-17,Equity,RealEstate,min_vol,True
2022-09-01,Sentiment Tilt Min Vol,O,0.05018034294496255,Equity,RealEstate,min_vol,True
2022-09-01,Sentiment Tilt Min Vol,PLD,0.0,Equity,RealEstate,min_vol,True
2022-09-01,Sentiment Tilt Min Vol,PSA,0.0,Equity,RealEstate,min_vol,True
2022-09-01,Sentiment Tilt Min Vol,ADBE,0.0,Equity,Tech,min_vol,True
2022-09-01,Sentiment Tilt Min Vol,AMD,5.719267294482253e-18,Equity,Tech,min_vol,True
2022-09-01,Sentiment Tilt Min Vol,INTC,0.0,Equity,Tech,min_vol,True
2022-09-01,Sentiment Tilt Min Vol,NVDA,3.895456527953133e-19,Equity,Tech,min_vol,True
2022-09-01,Sentiment Tilt Min Vol,QCOM,0.0,Equity,Tech,min_vol,True
2022-09-01,Sentiment Tilt Min Vol,AEP,0.036622379720030185,Equity,Utilities,min_vol,True
2022-09-01,Sentiment Tilt Min Vol,D,0.0089166577567056,Equity,Utilities,min_vol,True
2022-09-01,Sentiment Tilt Min Vol,DUK,0.09010511251140327,Equity,Utilities,min_vol,True
2022-09-01,Sentiment Tilt Min Vol,NEE,1.749671489592107e-18,Equity,Utilities,min_vol,True
2022-09-01,Sentiment Tilt Min Vol,SO,0.059406260540611905,Equity,Utilities,min_vol,True
2022-10-03,Sentiment Tilt Min Vol,CMCSA,3.2981991047189652e-18,Equity,Comm,min_vol,True
2022-10-03,Sentiment Tilt Min Vol,EA,0.06947547568023066,Equity,Comm,min_vol,True
2022-10-03,Sentiment Tilt Min Vol,T,0.006490813392859525,Equity,Comm,min_vol,True
2022-10-03,Sentiment Tilt Min Vol,TMUS,6.997774816209793e-18,Equity,Comm,min_vol,True
2022-10-03,Sentiment Tilt Min Vol,TTWO,0.014321282263117114,Equity,Comm,min_vol,True
2022-10-03,Sentiment Tilt Min Vol,DIS,0.0,Equity,Consumer,min_vol,True
2022-10-03,Sentiment Tilt Min Vol,KO,0.08233676208313931,Equity,Consumer,min_vol,True
2022-10-03,Sentiment Tilt Min Vol,NKE,7.088886858409986e-19,Equity,Consumer,min_vol,True
2022-10-03,Sentiment Tilt Min Vol,SBUX,3.955177687314762e-18,Equity,Consumer,min_vol,True
2022-10-03,Sentiment Tilt Min Vol,WMT,0.13540804080842597,Equity,Consumer,min_vol,True
2022-10-03,Sentiment Tilt Min Vol,COP,6.081894289288679e-19,Equity,Energy,min_vol,True
2022-10-03,Sentiment Tilt Min Vol,CVX,0.08405302539394253,Equity,Energy,min_vol,True
2022-10-03,Sentiment Tilt Min Vol,OXY,8.78992563621657e-18,Equity,Energy,min_vol,True
2022-10-03,Sentiment Tilt Min Vol,SLB,0.0,Equity,Energy,min_vol,True
2022-10-03,Sentiment Tilt Min Vol,XOM,0.0,Equity,Energy,min_vol,True
2022-10-03,Sentiment Tilt Min Vol,GS,0.0,Equity,Financials,min_vol,True
2022-10-03,Sentiment Tilt Min Vol,MS,1.3409631006839755e-18,Equity,Financials,min_vol,True
2022-10-03,Sentiment Tilt Min Vol,USB,2.1431187810355867e-18,Equity,Financials,min_vol,True
2022-10-03,Sentiment Tilt Min Vol,V,0.0,Equity,Financials,min_vol,True
2022-10-03,Sentiment Tilt Min Vol,WFC,8.136324636485047e-18,Equity,Financials,min_vol,True
2022-10-03,Sentiment Tilt Min Vol,ABBV,0.07611036718707165,Equity,Healthcare,min_vol,True
2022-10-03,Sentiment Tilt Min Vol,ABT,1.911023086198421e-18,Equity,Healthcare,min_vol,True
2022-10-03,Sentiment Tilt Min Vol,AMGN,0.12797096348111212,Equity,Healthcare,min_vol,True
2022-10-03,Sentiment Tilt Min Vol,GILD,0.08692752765060945,Equity,Healthcare,min_vol,True
2022-10-03,Sentiment Tilt Min Vol,MRK,0.07677389554413531,Equity,Healthcare,min_vol,True
2022-10-03,Sentiment Tilt Min Vol,BA,2.452965496160678e-18,Equity,Industrials,min_vol,True
2022-10-03,Sentiment Tilt Min Vol,CAT,1.3411284245515156e-18,Equity,Industrials,min_vol,True
2022-10-03,Sentiment Tilt Min Vol,GE,2.3186303576519184e-18,Equity,Industrials,min_vol,True
2022-10-03,Sentiment Tilt Min Vol,MMM,0.028578998273619628,Equity,Industrials,min_vol,True
2022-10-03,Sentiment Tilt Min Vol,UPS,0.012975267774121443,Equity,Industrials,min_vol,True
2022-10-03,Sentiment Tilt Min Vol,DD,6.151129718261777e-18,Equity,Materials,min_vol,True
2022-10-03,Sentiment Tilt Min Vol,DOW,3.784733088926932e-18,Equity,Materials,min_vol,True
2022-10-03,Sentiment Tilt Min Vol,NEM,0.04581652801393521,Equity,Materials,min_vol,True
2022-10-03,Sentiment Tilt Min Vol,NUE,0.0,Equity,Materials,min_vol,True
2022-10-03,Sentiment Tilt Min Vol,SHW,0.015001281778186751,Equity,Materials,min_vol,True
2022-10-03,Sentiment Tilt Min Vol,AMT,0.0,Equity,RealEstate,min_vol,True
2022-10-03,Sentiment Tilt Min Vol,CCI,0.0,Equity,RealEstate,min_vol,True
2022-10-03,Sentiment Tilt Min Vol,O,0.07727563661321366,Equity,RealEstate,min_vol,True
2022-10-03,Sentiment Tilt Min Vol,PLD,6.642412725382558e-20,Equity,RealEstate,min_vol,True
2022-10-03,Sentiment Tilt Min Vol,PSA,0.0,Equity,RealEstate,min_vol,True
2022-10-03,Sentiment Tilt Min Vol,ADBE,2.120848188665616e-18,Equity,Tech,min_vol,True
2022-10-03,Sentiment Tilt Min Vol,AMD,0.0,Equity,Tech,min_vol,True
2022-10-03,Sentiment Tilt Min Vol,INTC,0.0,Equity,Tech,min_vol,True
2022-10-03,Sentiment Tilt Min Vol,NVDA,0.0,Equity,Tech,min_vol,True
2022-10-03,Sentiment Tilt Min Vol,QCOM,0.0,Equity,Tech,min_vol,True
2022-10-03,Sentiment Tilt Min Vol,AEP,0.0061498637976973814,Equity,Utilities,min_vol,True
2022-10-03,Sentiment Tilt Min Vol,D,0.0,Equity,Utilities,min_vol,True
2022-10-03,Sentiment Tilt Min Vol,DUK,0.0385428834447145,Equity,Utilities,min_vol,True
2022-10-03,Sentiment Tilt Min Vol,NEE,2.7874759609035283e-18,Equity,Utilities,min_vol,True
2022-10-03,Sentiment Tilt Min Vol,SO,0.015791386819867807,Equity,Utilities,min_vol,True
2022-11-01,Sentiment Tilt Min Vol,CMCSA,3.821995945060932e-18,Equity,Comm,min_vol,True
2022-11-01,Sentiment Tilt Min Vol,EA,0.14739995933418015,Equity,Comm,min_vol,True
2022-11-01,Sentiment Tilt Min Vol,T,0.008579921481719429,Equity,Comm,min_vol,True
2022-11-01,Sentiment Tilt Min Vol,TMUS,5.602329275388171e-18,Equity,Comm,min_vol,True
2022-11-01,Sentiment Tilt Min Vol,TTWO,0.039922248097610157,Equity,Comm,min_vol,True
2022-11-01,Sentiment Tilt Min Vol,DIS,1.2992635983943213e-17,Equity,Consumer,min_vol,True
2022-11-01,Sentiment Tilt Min Vol,KO,0.06779449519805555,Equity,Consumer,min_vol,True
2022-11-01,Sentiment Tilt Min Vol,NKE,0.0,Equity,Consumer,min_vol,True
2022-11-01,Sentiment Tilt Min Vol,SBUX,0.0,Equity,Consumer,min_vol,True
2022-11-01,Sentiment Tilt Min Vol,WMT,0.09021347964776344,Equity,Consumer,min_vol,True
2022-11-01,Sentiment Tilt Min Vol,COP,5.01591531677571e-18,Equity,Energy,min_vol,True
2022-11-01,Sentiment Tilt Min Vol,CVX,0.06289291106536687,Equity,Energy,min_vol,True
2022-11-01,Sentiment Tilt Min Vol,OXY,0.0,Equity,Energy,min_vol,True
2022-11-01,Sentiment Tilt Min Vol,SLB,0.0,Equity,Energy,min_vol,True
2022-11-01,Sentiment Tilt Min Vol,XOM,0.00478777726227392,Equity,Energy,min_vol,True
2022-11-01,Sentiment Tilt Min Vol,GS,0.0,Equity,Financials,min_vol,True
2022-11-01,Sentiment Tilt Min Vol,MS,4.8270635446930606e-18,Equity,Financials,min_vol,True
2022-11-01,Sentiment Tilt Min Vol,USB,0.0037401250307827123,Equity,Financials,min_vol,True
2022-11-01,Sentiment Tilt Min Vol,V,0.0,Equity,Financials,min_vol,True
2022-11-01,Sentiment Tilt Min Vol,WFC,0.0,Equity,Financials,min_vol,True
2022-11-01,Sentiment Tilt Min Vol,ABBV,0.07397956107953313,Equity,Healthcare,min_vol,True
2022-11-01,Sentiment Tilt Min Vol,ABT,0.0,Equity,Healthcare,min_vol,True
2022-11-01,Sentiment Tilt Min Vol,AMGN,0.11306217789755456,Equity,Healthcare,min_vol,True
2022-11-01,Sentiment Tilt Min Vol,GILD,0.039866140852373055,Equity,Healthcare,min_vol,True
2022-11-01,Sentiment Tilt Min Vol,MRK,0.09768218320278978,Equity,Healthcare,min_vol,True
2022-11-01,Sentiment Tilt Min Vol,BA,2.1355080088913147e-18,Equity,Industrials,min_vol,True
2022-11-01,Sentiment Tilt Min Vol,CAT,0.0,Equity,Industrials,min_vol,True
2022-11-01,Sentiment Tilt Min Vol,GE,8.272499126781085e-19,Equity,Industrials,min_vol,True
2022-11-01,Sentiment Tilt Min Vol,MMM,0.006879293286051382,Equity,Industrials,min_vol,True
2022-11-01,Sentiment Tilt Min Vol,UPS,0.027438607389391613,Equity,Industrials,min_vol,True
2022-11-01,Sentiment Tilt Min Vol,DD,2.6104356182678923e-19,Equity,Materials,min_vol,True
2022-11-01,Sentiment Tilt Min Vol,DOW,0.0,Equity,Materials,min_vol,True
2022-11-01,Sentiment Tilt Min Vol,NEM,0.03528418296625696,Equity,Materials,min_vol,True
2022-11-01,Sentiment Tilt Min Vol,NUE,2.7866342354099587e-18,Equity,Materials,min_vol,True
2022-11-01,Sentiment Tilt Min Vol,SHW,8.64467070819528e-19,Equity,Materials,min_vol,True
2022-11-01,Sentiment Tilt Min Vol,AMT,0.0,Equity,RealEstate,min_vol,True
2022-11-01,Sentiment Tilt Min Vol,CCI,0.0,Equity,RealEstate,min_vol,True
2022-11-01,Sentiment Tilt Min Vol,O,0.09072141520053933,Equity,RealEstate,min_vol,True
2022-11-01,Sentiment Tilt Min Vol,PLD,1.2378406937974212e-17,Equity,RealEstate,min_vol,True
2022-11-01,Sentiment Tilt Min Vol,PSA,0.0,Equity,RealEstate,min_vol,True
2022-11-01,Sentiment Tilt Min Vol,ADBE,2.770775182543034e-18,Equity,Tech,min_vol,True
2022-11-01,Sentiment Tilt Min Vol,AMD,5.504294430497918e-18,Equity,Tech,min_vol,True
2022-11-01,Sentiment Tilt Min Vol,INTC,8.97668453133138e-19,Equity,Tech,min_vol,True
2022-11-01,Sentiment Tilt Min Vol,NVDA,0.0,Equity,Tech,min_vol,True
2022-11-01,Sentiment Tilt Min Vol,QCOM,0.0,Equity,Tech,min_vol,True
2022-11-01,Sentiment Tilt Min Vol,AEP,3.626675330072843e-18,Equity,Utilities,min_vol,True
2022-11-01,Sentiment Tilt Min Vol,D,0.0,Equity,Utilities,min_vol,True
2022-11-01,Sentiment Tilt Min Vol,DUK,0.05416188147910853,Equity,Utilities,min_vol,True
2022-11-01,Sentiment Tilt Min Vol,NEE,2.790114583850968e-17,Equity,Utilities,min_vol,True
2022-11-01,Sentiment Tilt Min Vol,SO,0.03559363952864942,Equity,Utilities,min_vol,True
2022-12-01,Sentiment Tilt Min Vol,CMCSA,0.00024220187220173466,Equity,Comm,min_vol,True
2022-12-01,Sentiment Tilt Min Vol,EA,0.06664270152071353,Equity,Comm,min_vol,True
2022-12-01,Sentiment Tilt Min Vol,T,0.009273763132835997,Equity,Comm,min_vol,True
2022-12-01,Sentiment Tilt Min Vol,TMUS,0.00024220187220173577,Equity,Comm,min_vol,True
2022-12-01,Sentiment Tilt Min Vol,TTWO,0.02425575790339039,Equity,Comm,min_vol,True
2022-12-01,Sentiment Tilt Min Vol,DIS,0.00024220187220174106,Equity,Consumer,min_vol,True
2022-12-01,Sentiment Tilt Min Vol,KO,0.07910710322274223,Equity,Consumer,min_vol,True
2022-12-01,Sentiment Tilt Min Vol,NKE,0.00024220187220174016,Equity,Consumer,min_vol,True
2022-12-01,Sentiment Tilt Min Vol,SBUX,0.00024220187220173292,Equity,Consumer,min_vol,True
2022-12-01,Sentiment Tilt Min Vol,WMT,0.09832683773355264,Equity,Consumer,min_vol,True
2022-12-01,Sentiment Tilt Min Vol,COP,0.00024220187220173902,Equity,Energy,min_vol,True
2022-12-01,Sentiment Tilt Min Vol,CVX,0.05369540349597416,Equity,Energy,min_vol,True
2022-12-01,Sentiment Tilt Min Vol,OXY,0.00024220187220173496,Equity,Energy,min_vol,True
2022-12-01,Sentiment Tilt Min Vol,SLB,0.00024220187220173292,Equity,Energy,min_vol,True
2022-12-01,Sentiment Tilt Min Vol,XOM,0.029209614554959473,Equity,Energy,min_vol,True
2022-12-01,Sentiment Tilt Min Vol,GS,0.00024220187220173292,Equity,Financials,min_vol,True
2022-12-01,Sentiment Tilt Min Vol,MS,0.00024220187220173493,Equity,Financials,min_vol,True
2022-12-01,Sentiment Tilt Min Vol,USB,0.00024220187220173292,Equity,Financials,min_vol,True
2022-12-01,Sentiment Tilt Min Vol,V,0.00024220187220173515,Equity,Financials,min_vol,True
2022-12-01,Sentiment Tilt Min Vol,WFC,0.00024220187220173292,Equity,Financials,min_vol,True
2022-12-01,Sentiment Tilt Min Vol,ABBV,0.09361020066811554,Equity,Healthcare,min_vol,True
2022-12-01,Sentiment Tilt Min Vol,ABT,0.000242201872201737,Equity,Healthcare,min_vol,True
2022-12-01,Sentiment Tilt Min Vol,AMGN,0.1627948788211879,Equity,Healthcare,min_vol,True
2022-12-01,Sentiment Tilt Min Vol,GILD,0.05053530493170201,Equity,Healthcare,min_vol,True
2022-12-01,Sentiment Tilt Min Vol,MRK,0.2,Equity,Healthcare,min_vol,True
2022-12-01,Sentiment Tilt Min Vol,BA,0.00024220187220173387,Equity,Industrials,min_vol,True
2022-12-01,Sentiment Tilt Min Vol,CAT,0.00024220187220173612,Equity,Industrials,min_vol,True
2022-12-01,Sentiment Tilt Min Vol,GE,0.0002422018722017368,Equity,Industrials,min_vol,True
2022-12-01,Sentiment Tilt Min Vol,MMM,0.007659456834828065,Equity,Industrials,min_vol,True
2022-12-01,Sentiment Tilt Min Vol,UPS,0.007120061469559506,Equity,Industrials,min_vol,True
2022-12-01,Sentiment Tilt Min Vol,DD,0.00024220187220173712,Equity,Materials,min_vol,True
2022-12-01,Sentiment Tilt Min Vol,DOW,0.00024220187220173292,Equity,Materials,min_vol,True
2022-12-01,Sentiment Tilt Min Vol,NEM,0.02876106033668255,Equity,Materials,min_vol,True
2022-12-01,Sentiment Tilt Min Vol,NUE,0.00024220187220173897,Equity,Materials,min_vol,True
2022-12-01,Sentiment Tilt Min Vol,SHW,0.00024220187220173292,Equity,Materials,min_vol,True
2022-12-01,Sentiment Tilt Min Vol,AMT,0.000242201872201736,Equity,RealEstate,min_vol,True
2022-12-01,Sentiment Tilt Min Vol,CCI,0.00024220187220173528,Equity,RealEstate,min_vol,True
2022-12-01,Sentiment Tilt Min Vol,O,0.04081085397984166,Equity,RealEstate,min_vol,True
2022-12-01,Sentiment Tilt Min Vol,PLD,0.0002422018722017371,Equity,RealEstate,min_vol,True
2022-12-01,Sentiment Tilt Min Vol,PSA,0.00024220187220173292,Equity,RealEstate,min_vol,True
2022-12-01,Sentiment Tilt Min Vol,ADBE,0.00024220187220173292,Equity,Tech,min_vol,True
2022-12-01,Sentiment Tilt Min Vol,AMD,0.00024220187220173292,Equity,Tech,min_vol,True
2022-12-01,Sentiment Tilt Min Vol,INTC,0.00024220187220173292,Equity,Tech,min_vol,True
2022-12-01,Sentiment Tilt Min Vol,NVDA,0.00024220187220173292,Equity,Tech,min_vol,True
2022-12-01,Sentiment Tilt Min Vol,QCOM,0.00024220187220173303,Equity,Tech,min_vol,True
2022-12-01,Sentiment Tilt Min Vol,AEP,0.00024220187220173664,Equity,Utilities,min_vol,True
2022-12-01,Sentiment Tilt Min Vol,D,0.014468192296695472,Equity,Utilities,min_vol,True
2022-12-01,Sentiment Tilt Min Vol,DUK,0.025736147314561652,Equity,Utilities,min_vol,True
2022-12-01,Sentiment Tilt Min Vol,NEE,0.00024220187220173515,Equity,Utilities,min_vol,True
2022-12-01,Sentiment Tilt Min Vol,SO,0.00024220187220173292,Equity,Utilities,min_vol,True
2023-01-03,Sentiment Tilt Min Vol,CMCSA,1.768761137354588e-18,Equity,Comm,min_vol,True
2023-01-03,Sentiment Tilt Min Vol,EA,0.07198995678141519,Equity,Comm,min_vol,True
2023-01-03,Sentiment Tilt Min Vol,T,0.01435572425447454,Equity,Comm,min_vol,True
2023-01-03,Sentiment Tilt Min Vol,TMUS,0.002234322881486941,Equity,Comm,min_vol,True
2023-01-03,Sentiment Tilt Min Vol,TTWO,0.025507468843492517,Equity,Comm,min_vol,True
2023-01-03,Sentiment Tilt Min Vol,DIS,5.509456560708514e-18,Equity,Consumer,min_vol,True
2023-01-03,Sentiment Tilt Min Vol,KO,0.11059065031231637,Equity,Consumer,min_vol,True
2023-01-03,Sentiment Tilt Min Vol,NKE,0.0,Equity,Consumer,min_vol,True
2023-01-03,Sentiment Tilt Min Vol,SBUX,8.863902302415822e-18,Equity,Consumer,min_vol,True
2023-01-03,Sentiment Tilt Min Vol,WMT,0.1294495019248459,Equity,Consumer,min_vol,True
2023-01-03,Sentiment Tilt Min Vol,COP,5.661437271477e-18,Equity,Energy,min_vol,True
2023-01-03,Sentiment Tilt Min Vol,CVX,0.07192217442040193,Equity,Energy,min_vol,True
2023-01-03,Sentiment Tilt Min Vol,OXY,5.358220193573431e-19,Equity,Energy,min_vol,True
2023-01-03,Sentiment Tilt Min Vol,SLB,3.235478886361283e-19,Equity,Energy,min_vol,True
2023-01-03,Sentiment Tilt Min Vol,XOM,0.029592895581002747,Equity,Energy,min_vol,True
2023-01-03,Sentiment Tilt Min Vol,GS,0.0,Equity,Financials,min_vol,True
2023-01-03,Sentiment Tilt Min Vol,MS,0.0,Equity,Financials,min_vol,True
2023-01-03,Sentiment Tilt Min Vol,USB,1.4924773536995028e-18,Equity,Financials,min_vol,True
2023-01-03,Sentiment Tilt Min Vol,V,2.380256795236231e-18,Equity,Financials,min_vol,True
2023-01-03,Sentiment Tilt Min Vol,WFC,2.642777124959293e-18,Equity,Financials,min_vol,True
2023-01-03,Sentiment Tilt Min Vol,ABBV,0.08432359776605997,Equity,Healthcare,min_vol,True
2023-01-03,Sentiment Tilt Min Vol,ABT,7.116575215603778e-18,Equity,Healthcare,min_vol,True
2023-01-03,Sentiment Tilt Min Vol,AMGN,0.13379583657180374,Equity,Healthcare,min_vol,True
2023-01-03,Sentiment Tilt Min Vol,GILD,0.029851820906847747,Equity,Healthcare,min_vol,True
2023-01-03,Sentiment Tilt Min Vol,MRK,0.15787364990169095,Equity,Healthcare,min_vol,True
2023-01-03,Sentiment Tilt Min Vol,BA,0.0,Equity,Industrials,min_vol,True
2023-01-03,Sentiment Tilt Min Vol,CAT,1.1491892220718473e-17,Equity,Industrials,min_vol,True
2023-01-03,Sentiment Tilt Min Vol,GE,0.0,Equity,Industrials,min_vol,True
2023-01-03,Sentiment Tilt Min Vol,MMM,0.004402814099912919,Equity,Industrials,min_vol,True
2023-01-03,Sentiment Tilt Min Vol,UPS,1.8912889427149258e-17,Equity,Industrials,min_vol,True
2023-01-03,Sentiment Tilt Min Vol,DD,5.984837529760584e-19,Equity,Materials,min_vol,True
2023-01-03,Sentiment Tilt Min Vol,DOW,1.365435392988304e-18,Equity,Materials,min_vol,True
2023-01-03,Sentiment Tilt Min Vol,NEM,0.011780366437057656,Equity,Materials,min_vol,True
2023-01-03,Sentiment Tilt Min Vol,NUE,2.495443590057741e-18,Equity,Materials,min_vol,True
2023-01-03,Sentiment Tilt Min Vol,SHW,0.0,Equity,Materials,min_vol,True
2023-01-03,Sentiment Tilt Min Vol,AMT,0.0,Equity,RealEstate,min_vol,True
2023-01-03,Sentiment Tilt Min Vol,CCI,0.0,Equity,RealEstate,min_vol,True
2023-01-03,Sentiment Tilt Min Vol,O,0.05736064717522125,Equity,RealEstate,min_vol,True
2023-01-03,Sentiment Tilt Min Vol,PLD,1.137155882075264e-17,Equity,RealEstate,min_vol,True
2023-01-03,Sentiment Tilt Min Vol,PSA,2.040506994258657e-18,Equity,RealEstate,min_vol,True
2023-01-03,Sentiment Tilt Min Vol,ADBE,0.0,Equity,Tech,min_vol,True
2023-01-03,Sentiment Tilt Min Vol,AMD,0.0,Equity,Tech,min_vol,True
2023-01-03,Sentiment Tilt Min Vol,INTC,5.811391841275115e-18,Equity,Tech,min_vol,True
2023-01-03,Sentiment Tilt Min Vol,NVDA,0.0,Equity,Tech,min_vol,True
2023-01-03,Sentiment Tilt Min Vol,QCOM,0.0,Equity,Tech,min_vol,True
2023-01-03,Sentiment Tilt Min Vol,AEP,1.6454002733431863e-18,Equity,Utilities,min_vol,True
2023-01-03,Sentiment Tilt Min Vol,D,0.027274106739525215,Equity,Utilities,min_vol,True
2023-01-03,Sentiment Tilt Min Vol,DUK,0.03769446540244451,Equity,Utilities,min_vol,True
2023-01-03,Sentiment Tilt Min Vol,NEE,8.524731499277557e-18,Equity,Utilities,min_vol,True
2023-01-03,Sentiment Tilt Min Vol,SO,0.0,Equity,Utilities,min_vol,True
2023-02-01,Sentiment Tilt Min Vol,CMCSA,3.6157303015164445e-18,Equity,Comm,min_vol,True
2023-02-01,Sentiment Tilt Min Vol,EA,0.06744391916821911,Equity,Comm,min_vol,True
2023-02-01,Sentiment Tilt Min Vol,T,0.023439341639841318,Equity,Comm,min_vol,True
2023-02-01,Sentiment Tilt Min Vol,TMUS,5.3162371061442076e-18,Equity,Comm,min_vol,True
2023-02-01,Sentiment Tilt Min Vol,TTWO,0.016463955733886797,Equity,Comm,min_vol,True
2023-02-01,Sentiment Tilt Min Vol,DIS,1.0319605468144074e-17,Equity,Consumer,min_vol,True
2023-02-01,Sentiment Tilt Min Vol,KO,0.08504319849013199,Equity,Consumer,min_vol,True
2023-02-01,Sentiment Tilt Min Vol,NKE,0.0,Equity,Consumer,min_vol,True
2023-02-01,Sentiment Tilt Min Vol,SBUX,5.204135590853277e-18,Equity,Consumer,min_vol,True
2023-02-01,Sentiment Tilt Min Vol,WMT,0.10319574047306894,Equity,Consumer,min_vol,True
2023-02-01,Sentiment Tilt Min Vol,COP,0.0,Equity,Energy,min_vol,True
2023-02-01,Sentiment Tilt Min Vol,CVX,0.0633395852064693,Equity,Energy,min_vol,True
2023-02-01,Sentiment Tilt Min Vol,OXY,0.0,Equity,Energy,min_vol,True
2023-02-01,Sentiment Tilt Min Vol,SLB,4.078769655139215e-18,Equity,Energy,min_vol,True
2023-02-01,Sentiment Tilt Min Vol,XOM,0.025626854437708662,Equity,Energy,min_vol,True
2023-02-01,Sentiment Tilt Min Vol,GS,2.911010162849662e-18,Equity,Financials,min_vol,True
2023-02-01,Sentiment Tilt Min Vol,MS,0.0,Equity,Financials,min_vol,True
2023-02-01,Sentiment Tilt Min Vol,USB,0.0,Equity,Financials,min_vol,True
2023-02-01,Sentiment Tilt Min Vol,V,7.099642334403952e-19,Equity,Financials,min_vol,True
2023-02-01,Sentiment Tilt Min Vol,WFC,0.0,Equity,Financials,min_vol,True
2023-02-01,Sentiment Tilt Min Vol,ABBV,0.07550836757995277,Equity,Healthcare,min_vol,True
2023-02-01,Sentiment Tilt Min Vol,ABT,4.121223366879063e-18,Equity,Healthcare,min_vol,True
2023-02-01,Sentiment Tilt Min Vol,AMGN,0.13987439098004792,Equity,Healthcare,min_vol,True
2023-02-01,Sentiment Tilt Min Vol,GILD,0.022833936164690913,Equity,Healthcare,min_vol,True
2023-02-01,Sentiment Tilt Min Vol,MRK,0.1568100664731455,Equity,Healthcare,min_vol,True
2023-02-01,Sentiment Tilt Min Vol,BA,5.191783846027943e-18,Equity,Industrials,min_vol,True
2023-02-01,Sentiment Tilt Min Vol,CAT,6.71799548030722e-18,Equity,Industrials,min_vol,True
2023-02-01,Sentiment Tilt Min Vol,GE,0.0,Equity,Industrials,min_vol,True
2023-02-01,Sentiment Tilt Min Vol,MMM,0.0,Equity,Industrials,min_vol,True
2023-02-01,Sentiment Tilt Min Vol,UPS,5.134091423193249e-18,Equity,Industrials,min_vol,True
2023-02-01,Sentiment Tilt Min Vol,DD,2.842419724874302e-18,Equity,Materials,min_vol,True
2023-02-01,Sentiment Tilt Min Vol,DOW,7.166083495797467e-18,Equity,Materials,min_vol,True
2023-02-01,Sentiment Tilt Min Vol,NEM,0.01522521018611279,Equity,Materials,min_vol,True
2023-02-01,Sentiment Tilt Min Vol,NUE,7.77318552128177e-18,Equity,Materials,min_vol,True
2023-02-01,Sentiment Tilt Min Vol,SHW,0.0,Equity,Materials,min_vol,True
2023-02-01,Sentiment Tilt Min Vol,AMT,0.0,Equity,RealEstate,min_vol,True
2023-02-01,Sentiment Tilt Min Vol,CCI,0.0,Equity,RealEstate,min_vol,True
2023-02-01,Sentiment Tilt Min Vol,O,0.09391505759355223,Equity,RealEstate,min_vol,True
2023-02-01,Sentiment Tilt Min Vol,PLD,1.6637086127393623e-18,Equity,RealEstate,min_vol,True
2023-02-01,Sentiment Tilt Min Vol,PSA,1.1562175598377371e-17,Equity,RealEstate,min_vol,True
2023-02-01,Sentiment Tilt Min Vol,ADBE,0.0,Equity,Tech,min_vol,True
2023-02-01,Sentiment Tilt Min Vol,AMD,3.1728116170779242e-19,Equity,Tech,min_vol,True
2023-02-01,Sentiment Tilt Min Vol,INTC,5.074078688002015e-18,Equity,Tech,min_vol,True
2023-02-01,Sentiment Tilt Min Vol,NVDA,0.0,Equity,Tech,min_vol,True
2023-02-01,Sentiment Tilt Min Vol,QCOM,1.690253663541641e-18,Equity,Tech,min_vol,True
2023-02-01,Sentiment Tilt Min Vol,AEP,0.0,Equity,Utilities,min_vol,True
2023-02-01,Sentiment Tilt Min Vol,D,0.05612619982518661,Equity,Utilities,min_vol,True
2023-02-01,Sentiment Tilt Min Vol,DUK,0.05515417604798522,Equity,Utilities,min_vol,True
2023-02-01,Sentiment Tilt Min Vol,NEE,5.2569695903875324e-18,Equity,Utilities,min_vol,True
2023-02-01,Sentiment Tilt Min Vol,SO,1.3086606712801297e-17,Equity,Utilities,min_vol,True
2023-03-01,Sentiment Tilt Min Vol,CMCSA,0.0,Equity,Comm,min_vol,True
2023-03-01,Sentiment Tilt Min Vol,EA,0.1068731360325333,Equity,Comm,min_vol,True
2023-03-01,Sentiment Tilt Min Vol,T,0.061798351295514795,Equity,Comm,min_vol,True
2023-03-01,Sentiment Tilt Min Vol,TMUS,0.0,Equity,Comm,min_vol,True
2023-03-01,Sentiment Tilt Min Vol,TTWO,0.03368192296023604,Equity,Comm,min_vol,True
2023-03-01,Sentiment Tilt Min Vol,DIS,2.457769509573023e-19,Equity,Consumer,min_vol,True
2023-03-01,Sentiment Tilt Min Vol,KO,0.1169029630466742,Equity,Consumer,min_vol,True
2023-03-01,Sentiment Tilt Min Vol,NKE,0.0,Equity,Consumer,min_vol,True
2023-03-01,Sentiment Tilt Min Vol,SBUX,3.863624296612896e-18,Equity,Consumer,min_vol,True
2023-03-01,Sentiment Tilt Min Vol,WMT,0.12418413908108938,Equity,Consumer,min_vol,True
2023-03-01,Sentiment Tilt Min Vol,COP,1.5575658356833772e-18,Equity,Energy,min_vol,True
2023-03-01,Sentiment Tilt Min Vol,CVX,0.06057286998774778,Equity,Energy,min_vol,True
2023-03-01,Sentiment Tilt Min Vol,OXY,9.960588734247914e-18,Equity,Energy,min_vol,True
2023-03-01,Sentiment Tilt Min Vol,SLB,0.0,Equity,Energy,min_vol,True
2023-03-01,Sentiment Tilt Min Vol,XOM,0.012895047787327219,Equity,Energy,min_vol,True
2023-03-01,Sentiment Tilt Min Vol,GS,8.26711373635041e-18,Equity,Financials,min_vol,True
2023-03-01,Sentiment Tilt Min Vol,MS,0.0,Equity,Financials,min_vol,True
2023-03-01,Sentiment Tilt Min Vol,USB,7.2723020045449705e-19,Equity,Financials,min_vol,True
2023-03-01,Sentiment Tilt Min Vol,V,4.212886719304688e-18,Equity,Financials,min_vol,True
2023-03-01,Sentiment Tilt Min Vol,WFC,3.2554649524692537e-18,Equity,Financials,min_vol,True
2023-03-01,Sentiment Tilt Min Vol,ABBV,0.04829091960780366,Equity,Healthcare,min_vol,True
2023-03-01,Sentiment Tilt Min Vol,ABT,0.0,Equity,Healthcare,min_vol,True
2023-03-01,Sentiment Tilt Min Vol,AMGN,0.10965976136867915,Equity,Healthcare,min_vol,True
2023-03-01,Sentiment Tilt Min Vol,GILD,0.0027345124336422854,Equity,Healthcare,min_vol,True
2023-03-01,Sentiment Tilt Min Vol,MRK,0.10789307037350422,Equity,Healthcare,min_vol,True
2023-03-01,Sentiment Tilt Min Vol,BA,1.5878062308989091e-18,Equity,Industrials,min_vol,True
2023-03-01,Sentiment Tilt Min Vol,CAT,3.5176006948053404e-18,Equity,Industrials,min_vol,True
2023-03-01,Sentiment Tilt Min Vol,GE,0.0,Equity,Industrials,min_vol,True
2023-03-01,Sentiment Tilt Min Vol,MMM,0.0,Equity,Industrials,min_vol,True
2023-03-01,Sentiment Tilt Min Vol,UPS,0.0,Equity,Industrials,min_vol,True
2023-03-01,Sentiment Tilt Min Vol,DD,0.0,Equity,Materials,min_vol,True
2023-03-01,Sentiment Tilt Min Vol,DOW,1.9681934027893575e-19,Equity,Materials,min_vol,True
2023-03-01,Sentiment Tilt Min Vol,NEM,0.013878225484675176,Equity,Materials,min_vol,True
2023-03-01,Sentiment Tilt Min Vol,NUE,5.968518554746084e-18,Equity,Materials,min_vol,True
2023-03-01,Sentiment Tilt Min Vol,SHW,0.0,Equity,Materials,min_vol,True
2023-03-01,Sentiment Tilt Min Vol,AMT,0.0,Equity,RealEstate,min_vol,True
2023-03-01,Sentiment Tilt Min Vol,CCI,0.0,Equity,RealEstate,min_vol,True
2023-03-01,Sentiment Tilt Min Vol,O,0.07976605634397198,Equity,RealEstate,min_vol,True
2023-03-01,Sentiment Tilt Min Vol,PLD,9.94639254444451e-18,Equity,RealEstate,min_vol,True
2023-03-01,Sentiment Tilt Min Vol,PSA,6.926579866094009e-18,Equity,RealEstate,min_vol,True
2023-03-01,Sentiment Tilt Min Vol,ADBE,0.0,Equity,Tech,min_vol,True
2023-03-01,Sentiment Tilt Min Vol,AMD,0.0,Equity,Tech,min_vol,True
2023-03-01,Sentiment Tilt Min Vol,INTC,3.985623917233814e-18,Equity,Tech,min_vol,True
2023-03-01,Sentiment Tilt Min Vol,NVDA,0.0,Equity,Tech,min_vol,True
2023-03-01,Sentiment Tilt Min Vol,QCOM,0.0,Equity,Tech,min_vol,True
2023-03-01,Sentiment Tilt Min Vol,AEP,0.0,Equity,Utilities,min_vol,True
2023-03-01,Sentiment Tilt Min Vol,D,0.03543018907493496,Equity,Utilities,min_vol,True
2023-03-01,Sentiment Tilt Min Vol,DUK,0.08543883512166578,Equity,Utilities,min_vol,True
2023-03-01,Sentiment Tilt Min Vol,NEE,5.2992343610970656e-18,Equity,Utilities,min_vol,True
2023-03-01,Sentiment Tilt Min Vol,SO,0.0,Equity,Utilities,min_vol,True
2023-04-03,Sentiment Tilt Min Vol,CMCSA,0.0,Equity,Comm,min_vol,True
2023-04-03,Sentiment Tilt Min Vol,EA,0.1400330195836365,Equity,Comm,min_vol,True
2023-04-03,Sentiment Tilt Min Vol,T,0.0864761078537753,Equity,Comm,min_vol,True
2023-04-03,Sentiment Tilt Min Vol,TMUS,5.639086877608907e-18,Equity,Comm,min_vol,True
2023-04-03,Sentiment Tilt Min Vol,TTWO,0.037554235686380895,Equity,Comm,min_vol,True
2023-04-03,Sentiment Tilt Min Vol,DIS,2.7111232678827733e-18,Equity,Consumer,min_vol,True
2023-04-03,Sentiment Tilt Min Vol,KO,0.08638950336591861,Equity,Consumer,min_vol,True
2023-04-03,Sentiment Tilt Min Vol,NKE,0.0,Equity,Consumer,min_vol,True
2023-04-03,Sentiment Tilt Min Vol,SBUX,0.0,Equity,Consumer,min_vol,True
2023-04-03,Sentiment Tilt Min Vol,WMT,0.07795557279354323,Equity,Consumer,min_vol,True
2023-04-03,Sentiment Tilt Min Vol,COP,0.0,Equity,Energy,min_vol,True
2023-04-03,Sentiment Tilt Min Vol,CVX,0.03210246654108175,Equity,Energy,min_vol,True
2023-04-03,Sentiment Tilt Min Vol,OXY,0.0,Equity,Energy,min_vol,True
2023-04-03,Sentiment Tilt Min Vol,SLB,0.0,Equity,Energy,min_vol,True
2023-04-03,Sentiment Tilt Min Vol,XOM,0.01973037494118833,Equity,Energy,min_vol,True
2023-04-03,Sentiment Tilt Min Vol,GS,2.57005794775924e-18,Equity,Financials,min_vol,True
2023-04-03,Sentiment Tilt Min Vol,MS,0.0,Equity,Financials,min_vol,True
2023-04-03,Sentiment Tilt Min Vol,USB,0.0,Equity,Financials,min_vol,True
2023-04-03,Sentiment Tilt Min Vol,V,2.342068168580003e-18,Equity,Financials,min_vol,True
2023-04-03,Sentiment Tilt Min Vol,WFC,4.163140048262491e-18,Equity,Financials,min_vol,True
2023-04-03,Sentiment Tilt Min Vol,ABBV,0.06930559098150052,Equity,Healthcare,min_vol,True
2023-04-03,Sentiment Tilt Min Vol,ABT,0.0,Equity,Healthcare,min_vol,True
2023-04-03,Sentiment Tilt Min Vol,AMGN,0.1501240017213276,Equity,Healthcare,min_vol,True
2023-04-03,Sentiment Tilt Min Vol,GILD,0.0,Equity,Healthcare,min_vol,True
2023-04-03,Sentiment Tilt Min Vol,MRK,0.14785068561747888,Equity,Healthcare,min_vol,True
2023-04-03,Sentiment Tilt Min Vol,BA,3.1058281261271353e-19,Equity,Industrials,min_vol,True
2023-04-03,Sentiment Tilt Min Vol,CAT,2.0926224275981737e-18,Equity,Industrials,min_vol,True
2023-04-03,Sentiment Tilt Min Vol,GE,7.474808443368958e-19,Equity,Industrials,min_vol,True
2023-04-03,Sentiment Tilt Min Vol,MMM,3.214138571662975e-18,Equity,Industrials,min_vol,True
2023-04-03,Sentiment Tilt Min Vol,UPS,0.006110731510666506,Equity,Industrials,min_vol,True
2023-04-03,Sentiment Tilt Min Vol,DD,4.0421560796839446e-18,Equity,Materials,min_vol,True
2023-04-03,Sentiment Tilt Min Vol,DOW,0.0003898707993208437,Equity,Materials,min_vol,True
2023-04-03,Sentiment Tilt Min Vol,NEM,0.009495177941247197,Equity,Materials,min_vol,True
2023-04-03,Sentiment Tilt Min Vol,NUE,0.0,Equity,Materials,min_vol,True
2023-04-03,Sentiment Tilt Min Vol,SHW,5.4581151129244046e-18,Equity,Materials,min_vol,True
2023-04-03,Sentiment Tilt Min Vol,AMT,0.0,Equity,RealEstate,min_vol,True
2023-04-03,Sentiment Tilt Min Vol,CCI,0.0,Equity,RealEstate,min_vol,True
2023-04-03,Sentiment Tilt Min Vol,O,0.08618236381554557,Equity,RealEstate,min_vol,True
2023-04-03,Sentiment Tilt Min Vol,PLD,0.0,Equity,RealEstate,min_vol,True
2023-04-03,Sentiment Tilt Min Vol,PSA,0.0,Equity,RealEstate,min_vol,True
2023-04-03,Sentiment Tilt Min Vol,ADBE,6.279246307487366e-18,Equity,Tech,min_vol,True
2023-04-03,Sentiment Tilt Min Vol,AMD,0.0,Equity,Tech,min_vol,True
2023-04-03,Sentiment Tilt Min Vol,INTC,1.6699396529320692e-18,Equity,Tech,min_vol,True
2023-04-03,Sentiment Tilt Min Vol,NVDA,1.4735308899575448e-17,Equity,Tech,min_vol,True
2023-04-03,Sentiment Tilt Min Vol,QCOM,0.0,Equity,Tech,min_vol,True
2023-04-03,Sentiment Tilt Min Vol,AEP,0.0,Equity,Utilities,min_vol,True
2023-04-03,Sentiment Tilt Min Vol,D,0.020531184001612766,Equity,Utilities,min_vol,True
2023-04-03,Sentiment Tilt Min Vol,DUK,0.02976911284577543,Equity,Utilities,min_vol,True
2023-04-03,Sentiment Tilt Min Vol,NEE,3.282183106993644e-18,Equity,Utilities,min_vol,True
2023-04-03,Sentiment Tilt Min Vol,SO,0.0,Equity,Utilities,min_vol,True
2023-05-01,Sentiment Tilt Min Vol,CMCSA,5.109945505194931e-18,Equity,Comm,min_vol,True
2023-05-01,Sentiment Tilt Min Vol,EA,0.059218717250301096,Equity,Comm,min_vol,True
2023-05-01,Sentiment Tilt Min Vol,T,0.03439530522114245,Equity,Comm,min_vol,True
2023-05-01,Sentiment Tilt Min Vol,TMUS,9.888983404341655e-19,Equity,Comm,min_vol,True
2023-05-01,Sentiment Tilt Min Vol,TTWO,0.018508570608025784,Equity,Comm,min_vol,True
2023-05-01,Sentiment Tilt Min Vol,DIS,4.713477706964999e-19,Equity,Consumer,min_vol,True
2023-05-01,Sentiment Tilt Min Vol,KO,0.17430551104975367,Equity,Consumer,min_vol,True
2023-05-01,Sentiment Tilt Min Vol,NKE,0.0,Equity,Consumer,min_vol,True
2023-05-01,Sentiment Tilt Min Vol,SBUX,0.0,Equity,Consumer,min_vol,True
2023-05-01,Sentiment Tilt Min Vol,WMT,0.15897642340680884,Equity,Consumer,min_vol,True
2023-05-01,Sentiment Tilt Min Vol,COP,0.0,Equity,Energy,min_vol,True
2023-05-01,Sentiment Tilt Min Vol,CVX,0.048602334859445005,Equity,Energy,min_vol,True
2023-05-01,Sentiment Tilt Min Vol,OXY,0.0,Equity,Energy,min_vol,True
2023-05-01,Sentiment Tilt Min Vol,SLB,0.0,Equity,Energy,min_vol,True
2023-05-01,Sentiment Tilt Min Vol,XOM,0.017207258411154912,Equity,Energy,min_vol,True
2023-05-01,Sentiment Tilt Min Vol,GS,0.0006005650334330052,Equity,Financials,min_vol,True
2023-05-01,Sentiment Tilt Min Vol,MS,5.544830332854337e-19,Equity,Financials,min_vol,True
2023-05-01,Sentiment Tilt Min Vol,USB,2.132895164975365e-18,Equity,Financials,min_vol,True
2023-05-01,Sentiment Tilt Min Vol,V,0.0,Equity,Financials,min_vol,True
2023-05-01,Sentiment Tilt Min Vol,WFC,2.526645863852915e-19,Equity,Financials,min_vol,True
2023-05-01,Sentiment Tilt Min Vol,ABBV,0.061220805680001246,Equity,Healthcare,min_vol,True
2023-05-01,Sentiment Tilt Min Vol,ABT,3.762974651682324e-19,Equity,Healthcare,min_vol,True
2023-05-01,Sentiment Tilt Min Vol,AMGN,0.10543826187593396,Equity,Healthcare,min_vol,True
2023-05-01,Sentiment Tilt Min Vol,GILD,0.0026577011418001534,Equity,Healthcare,min_vol,True
2023-05-01,Sentiment Tilt Min Vol,MRK,0.10442852012877689,Equity,Healthcare,min_vol,True
2023-05-01,Sentiment Tilt Min Vol,BA,2.9683691275231777e-19,Equity,Industrials,min_vol,True
2023-05-01,Sentiment Tilt Min Vol,CAT,2.951893173393356e-19,Equity,Industrials,min_vol,True
2023-05-01,Sentiment Tilt Min Vol,GE,0.0,Equity,Industrials,min_vol,True
2023-05-01,Sentiment Tilt Min Vol,MMM,0.0025937903062483426,Equity,Industrials,min_vol,True
2023-05-01,Sentiment Tilt Min Vol,UPS,0.00038590813716170785,Equity,Industrials,min_vol,True
2023-05-01,Sentiment Tilt Min Vol,DD,2.4822363328602887e-18,Equity,Materials,min_vol,True
2023-05-01,Sentiment Tilt Min Vol,DOW,0.006352834632581682,Equity,Materials,min_vol,True
2023-05-01,Sentiment Tilt Min Vol,NEM,0.014511482856691387,Equity,Materials,min_vol,True
2023-05-01,Sentiment Tilt Min Vol,NUE,4.516386032118057e-19,Equity,Materials,min_vol,True
2023-05-01,Sentiment Tilt Min Vol,SHW,0.0,Equity,Materials,min_vol,True
2023-05-01,Sentiment Tilt Min Vol,AMT,5.206773275293159e-18,Equity,RealEstate,min_vol,True
2023-05-01,Sentiment Tilt Min Vol,CCI,0.0,Equity,RealEstate,min_vol,True
2023-05-01,Sentiment Tilt Min Vol,O,0.14387546774821333,Equity,RealEstate,min_vol,True
2023-05-01,Sentiment Tilt Min Vol,PLD,1.0167007496370221e-17,Equity,RealEstate,min_vol,True
2023-05-01,Sentiment Tilt Min Vol,PSA,5.7680226804454315e-19,Equity,RealEstate,min_vol,True
2023-05-01,Sentiment Tilt Min Vol,ADBE,4.221057965646779e-18,Equity,Tech,min_vol,True
2023-05-01,Sentiment Tilt Min Vol,AMD,0.0,Equity,Tech,min_vol,True
2023-05-01,Sentiment Tilt Min Vol,INTC,0.0,Equity,Tech,min_vol,True
2023-05-01,Sentiment Tilt Min Vol,NVDA,2.3171203850680635e-18,Equity,Tech,min_vol,True
2023-05-01,Sentiment Tilt Min Vol,QCOM,4.142573057208933e-18,Equity,Tech,min_vol,True
2023-05-01,Sentiment Tilt Min Vol,AEP,0.0,Equity,Utilities,min_vol,True
2023-05-01,Sentiment Tilt Min Vol,D,0.022361155285964524,Equity,Utilities,min_vol,True
2023-05-01,Sentiment Tilt Min Vol,DUK,0.024359386366562014,Equity,Utilities,min_vol,True
2023-05-01,Sentiment Tilt Min Vol,NEE,3.0046114896069986e-19,Equity,Utilities,min_vol,True
2023-05-01,Sentiment Tilt Min Vol,SO,2.5509761063312836e-18,Equity,Utilities,min_vol,True
2023-06-01,Sentiment Tilt Min Vol,CMCSA,0.0,Equity,Comm,min_vol,True
2023-06-01,Sentiment Tilt Min Vol,EA,0.10662837748315954,Equity,Comm,min_vol,True
2023-06-01,Sentiment Tilt Min Vol,T,0.03189430900992882,Equity,Comm,min_vol,True
2023-06-01,Sentiment Tilt Min Vol,TMUS,0.027305831861287957,Equity,Comm,min_vol,True
2023-06-01,Sentiment Tilt Min Vol,TTWO,0.0035025063543677537,Equity,Comm,min_vol,True
2023-06-01,Sentiment Tilt Min Vol,DIS,0.0,Equity,Consumer,min_vol,True
2023-06-01,Sentiment Tilt Min Vol,KO,0.1584491170108922,Equity,Consumer,min_vol,True
2023-06-01,Sentiment Tilt Min Vol,NKE,2.962519118871131e-18,Equity,Consumer,min_vol,True
2023-06-01,Sentiment Tilt Min Vol,SBUX,3.1699748650095194e-18,Equity,Consumer,min_vol,True
2023-06-01,Sentiment Tilt Min Vol,WMT,0.11154257259573859,Equity,Consumer,min_vol,True
2023-06-01,Sentiment Tilt Min Vol,COP,4.348206492304998e-18,Equity,Energy,min_vol,True
2023-06-01,Sentiment Tilt Min Vol,CVX,0.04984743833645612,Equity,Energy,min_vol,True
2023-06-01,Sentiment Tilt Min Vol,OXY,0.0,Equity,Energy,min_vol,True
2023-06-01,Sentiment Tilt Min Vol,SLB,0.0,Equity,Energy,min_vol,True
2023-06-01,Sentiment Tilt Min Vol,XOM,0.010887012200110638,Equity,Energy,min_vol,True
2023-06-01,Sentiment Tilt Min Vol,GS,0.0,Equity,Financials,min_vol,True
2023-06-01,Sentiment Tilt Min Vol,MS,0.0,Equity,Financials,min_vol,True
2023-06-01,Sentiment Tilt Min Vol,USB,6.248874531982115e-19,Equity,Financials,min_vol,True
2023-06-01,Sentiment Tilt Min Vol,V,0.0,Equity,Financials,min_vol,True
2023-06-01,Sentiment Tilt Min Vol,WFC,1.700590073103155e-18,Equity,Financials,min_vol,True
2023-06-01,Sentiment Tilt Min Vol,ABBV,0.08420832327615119,Equity,Healthcare,min_vol,True
2023-06-01,Sentiment Tilt Min Vol,ABT,0.0,Equity,Healthcare,min_vol,True
2023-06-01,Sentiment Tilt Min Vol,AMGN,0.09744335049613036,Equity,Healthcare,min_vol,True
2023-06-01,Sentiment Tilt Min Vol,GILD,0.0,Equity,Healthcare,min_vol,True
2023-06-01,Sentiment Tilt Min Vol,MRK,0.15604589934961544,Equity,Healthcare,min_vol,True
2023-06-01,Sentiment Tilt Min Vol,BA,1.99031236260017e-18,Equity,Industrials,min_vol,True
2023-06-01,Sentiment Tilt Min Vol,CAT,0.0,Equity,Industrials,min_vol,True
2023-06-01,Sentiment Tilt Min Vol,GE,6.451993036174606e-18,Equity,Industrials,min_vol,True
2023-06-01,Sentiment Tilt Min Vol,MMM,1.1788386477648367e-18,Equity,Industrials,min_vol,True
2023-06-01,Sentiment Tilt Min Vol,UPS,0.011783233639737154,Equity,Industrials,min_vol,True
2023-06-01,Sentiment Tilt Min Vol,DD,4.9272121554019666e-18,Equity,Materials,min_vol,True
2023-06-01,Sentiment Tilt Min Vol,DOW,1.6267271128487946e-18,Equity,Materials,min_vol,True
2023-06-01,Sentiment Tilt Min Vol,NEM,0.0016440663047611868,Equity,Materials,min_vol,True
2023-06-01,Sentiment Tilt Min Vol,NUE,0.0,Equity,Materials,min_vol,True
2023-06-01,Sentiment Tilt Min Vol,SHW,0.0,Equity,Materials,min_vol,True
2023-06-01,Sentiment Tilt Min Vol,AMT,6.932202665730556e-18,Equity,RealEstate,min_vol,True
2023-06-01,Sentiment Tilt Min Vol,CCI,0.0,Equity,RealEstate,min_vol,True
2023-06-01,Sentiment Tilt Min Vol,O,0.14881796208166298,Equity,RealEstate,min_vol,True
2023-06-01,Sentiment Tilt Min Vol,PLD,3.2801866801450807e-18,Equity,RealEstate,min_vol,True
2023-06-01,Sentiment Tilt Min Vol,PSA,3.9361032286249915e-18,Equity,RealEstate,min_vol,True
2023-06-01,Sentiment Tilt Min Vol,ADBE,6.352672193572944e-19,Equity,Tech,min_vol,True
2023-06-01,Sentiment Tilt Min Vol,AMD,0.0,Equity,Tech,min_vol,True
2023-06-01,Sentiment Tilt Min Vol,INTC,3.617872151865132e-18,Equity,Tech,min_vol,True
2023-06-01,Sentiment Tilt Min Vol,NVDA,1.5033322204829055e-18,Equity,Tech,min_vol,True
2023-06-01,Sentiment Tilt Min Vol,QCOM,0.0,Equity,Tech,min_vol,True
2023-06-01,Sentiment Tilt Min Vol,AEP,0.0,Equity,Utilities,min_vol,True
2023-06-01,Sentiment Tilt Min Vol,D,4.253156627534071e-19,Equity,Utilities,min_vol,True
2023-06-01,Sentiment Tilt Min Vol,DUK,0.0,Equity,Utilities,min_vol,True
2023-06-01,Sentiment Tilt Min Vol,NEE,2.7381434111556084e-19,Equity,Utilities,min_vol,True
2023-06-01,Sentiment Tilt Min Vol,SO,1.1051935604683139e-17,Equity,Utilities,min_vol,True
2023-07-03,Sentiment Tilt Min Vol,CMCSA,0.0005557714758162227,Equity,Comm,min_vol,True
2023-07-03,Sentiment Tilt Min Vol,EA,0.0819423541706593,Equity,Comm,min_vol,True
2023-07-03,Sentiment Tilt Min Vol,T,0.036557678342718634,Equity,Comm,min_vol,True
2023-07-03,Sentiment Tilt Min Vol,TMUS,0.03756992702937963,Equity,Comm,min_vol,True
2023-07-03,Sentiment Tilt Min Vol,TTWO,0.010902454637106427,Equity,Comm,min_vol,True
2023-07-03,Sentiment Tilt Min Vol,DIS,0.0005557714758162199,Equity,Consumer,min_vol,True
2023-07-03,Sentiment Tilt Min Vol,KO,0.2,Equity,Consumer,min_vol,True
2023-07-03,Sentiment Tilt Min Vol,NKE,0.0005557714758162186,Equity,Consumer,min_vol,True
2023-07-03,Sentiment Tilt Min Vol,SBUX,0.0005557714758162157,Equity,Consumer,min_vol,True
2023-07-03,Sentiment Tilt Min Vol,WMT,0.16659291890941205,Equity,Consumer,min_vol,True
2023-07-03,Sentiment Tilt Min Vol,COP,0.0005557714758162157,Equity,Energy,min_vol,True
2023-07-03,Sentiment Tilt Min Vol,CVX,0.02257718494338333,Equity,Energy,min_vol,True
2023-07-03,Sentiment Tilt Min Vol,OXY,0.004607016732717208,Equity,Energy,min_vol,True
2023-07-03,Sentiment Tilt Min Vol,SLB,0.0005557714758162157,Equity,Energy,min_vol,True
2023-07-03,Sentiment Tilt Min Vol,XOM,0.011925714413911109,Equity,Energy,min_vol,True
2023-07-03,Sentiment Tilt Min Vol,GS,0.0005557714758162157,Equity,Financials,min_vol,True
2023-07-03,Sentiment Tilt Min Vol,MS,0.0005557714758162165,Equity,Financials,min_vol,True
2023-07-03,Sentiment Tilt Min Vol,USB,0.0005557714758162172,Equity,Financials,min_vol,True
2023-07-03,Sentiment Tilt Min Vol,V,0.021596701049240743,Equity,Financials,min_vol,True
2023-07-03,Sentiment Tilt Min Vol,WFC,0.0005557714758162157,Equity,Financials,min_vol,True
2023-07-03,Sentiment Tilt Min Vol,ABBV,0.0859852590070849,Equity,Healthcare,min_vol,True
2023-07-03,Sentiment Tilt Min Vol,ABT,0.0005557714758162157,Equity,Healthcare,min_vol,True
2023-07-03,Sentiment Tilt Min Vol,AMGN,0.042285855648025096,Equity,Healthcare,min_vol,True
2023-07-03,Sentiment Tilt Min Vol,GILD,0.0005557714758162157,Equity,Healthcare,min_vol,True
2023-07-03,Sentiment Tilt Min Vol,MRK,0.1394521947972986,Equity,Healthcare,min_vol,True
2023-07-03,Sentiment Tilt Min Vol,BA,0.0005557714758162253,Equity,Industrials,min_vol,True
2023-07-03,Sentiment Tilt Min Vol,CAT,0.0005557714758162157,Equity,Industrials,min_vol,True
2023-07-03,Sentiment Tilt Min Vol,GE,0.0037776003607070414,Equity,Industrials,min_vol,True
2023-07-03,Sentiment Tilt Min Vol,MMM,0.0005557714758162157,Equity,Industrials,min_vol,True
2023-07-03,Sentiment Tilt Min Vol,UPS,0.00055577147581622,Equity,Industrials,min_vol,True
2023-07-03,Sentiment Tilt Min Vol,DD,0.0005557714758162157,Equity,Materials,min_vol,True
2023-07-03,Sentiment Tilt Min Vol,DOW,0.0005557714758162174,Equity,Materials,min_vol,True
2023-07-03,Sentiment Tilt Min Vol,NEM,0.0005557714758162157,Equity,Materials,min_vol,True
2023-07-03,Sentiment Tilt Min Vol,NUE,0.0005557714758162157,Equity,Materials,min_vol,True
2023-07-03,Sentiment Tilt Min Vol,SHW,0.0005557714758162177,Equity,Materials,min_vol,True
2023-07-03,Sentiment Tilt Min Vol,AMT,0.0005557714758162168,Equity,RealEstate,min_vol,True
2023-07-03,Sentiment Tilt Min Vol,CCI,0.0005557714758162157,Equity,RealEstate,min_vol,True
2023-07-03,Sentiment Tilt Min Vol,O,0.1139478562410057,Equity,RealEstate,min_vol,True
2023-07-03,Sentiment Tilt Min Vol,PLD,0.0005557714758162239,Equity,RealEstate,min_vol,True
2023-07-03,Sentiment Tilt Min Vol,PSA,0.0013830535395988391,Equity,RealEstate,min_vol,True
2023-07-03,Sentiment Tilt Min Vol,ADBE,0.0005557714758162192,Equity,Tech,min_vol,True
2023-07-03,Sentiment Tilt Min Vol,AMD,0.0005557714758162157,Equity,Tech,min_vol,True
2023-07-03,Sentiment Tilt Min Vol,INTC,0.0005557714758162157,Equity,Tech,min_vol,True
2023-07-03,Sentiment Tilt Min Vol,NVDA,0.0005557714758162157,Equity,Tech,min_vol,True
2023-07-03,Sentiment Tilt Min Vol,QCOM,0.000555771475816224,Equity,Tech,min_vol,True
2023-07-03,Sentiment Tilt Min Vol,AEP,0.000555771475816218,Equity,Utilities,min_vol,True
2023-07-03,Sentiment Tilt Min Vol,D,0.0005557714758162186,Equity,Utilities,min_vol,True
2023-07-03,Sentiment Tilt Min Vol,DUK,0.0005557714758162157,Equity,Utilities,min_vol,True
2023-07-03,Sentiment Tilt Min Vol,NEE,0.0005557714758162157,Equity,Utilities,min_vol,True
2023-07-03,Sentiment Tilt Min Vol,SO,0.0005557714758162252,Equity,Utilities,min_vol,True
2023-08-01,Sentiment Tilt Min Vol,CMCSA,0.0,Equity,Comm,min_vol,True
2023-08-01,Sentiment Tilt Min Vol,EA,0.09797226542732221,Equity,Comm,min_vol,True
2023-08-01,Sentiment Tilt Min Vol,T,0.03492378937304053,Equity,Comm,min_vol,True
2023-08-01,Sentiment Tilt Min Vol,TMUS,0.06470793547059461,Equity,Comm,min_vol,True
2023-08-01,Sentiment Tilt Min Vol,TTWO,0.013929114878465479,Equity,Comm,min_vol,True
2023-08-01,Sentiment Tilt Min Vol,DIS,6.361240033465162e-19,Equity,Consumer,min_vol,True
2023-08-01,Sentiment Tilt Min Vol,KO,0.14508322551419528,Equity,Consumer,min_vol,True
2023-08-01,Sentiment Tilt Min Vol,NKE,4.238858560218851e-18,Equity,Consumer,min_vol,True
2023-08-01,Sentiment Tilt Min Vol,SBUX,0.0,Equity,Consumer,min_vol,True
2023-08-01,Sentiment Tilt Min Vol,WMT,0.10985650534616909,Equity,Consumer,min_vol,True
2023-08-01,Sentiment Tilt Min Vol,COP,9.801142791934083e-19,Equity,Energy,min_vol,True
2023-08-01,Sentiment Tilt Min Vol,CVX,0.031259628066046964,Equity,Energy,min_vol,True
2023-08-01,Sentiment Tilt Min Vol,OXY,0.017918035021830026,Equity,Energy,min_vol,True
2023-08-01,Sentiment Tilt Min Vol,SLB,1.5979260148518477e-18,Equity,Energy,min_vol,True
2023-08-01,Sentiment Tilt Min Vol,XOM,0.0164622028276918,Equity,Energy,min_vol,True
2023-08-01,Sentiment Tilt Min Vol,GS,0.0,Equity,Financials,min_vol,True
2023-08-01,Sentiment Tilt Min Vol,MS,0.0,Equity,Financials,min_vol,True
2023-08-01,Sentiment Tilt Min Vol,USB,0.0,Equity,Financials,min_vol,True
2023-08-01,Sentiment Tilt Min Vol,V,0.020350083866036588,Equity,Financials,min_vol,True
2023-08-01,Sentiment Tilt Min Vol,WFC,1.2374985186520317e-18,Equity,Financials,min_vol,True
2023-08-01,Sentiment Tilt Min Vol,ABBV,0.10569835502476181,Equity,Healthcare,min_vol,True
2023-08-01,Sentiment Tilt Min Vol,ABT,6.537403308691695e-19,Equity,Healthcare,min_vol,True
2023-08-01,Sentiment Tilt Min Vol,AMGN,0.050811366126778466,Equity,Healthcare,min_vol,True
2023-08-01,Sentiment Tilt Min Vol,GILD,3.741248675125667e-18,Equity,Healthcare,min_vol,True
2023-08-01,Sentiment Tilt Min Vol,MRK,0.16134292307423725,Equity,Healthcare,min_vol,True
2023-08-01,Sentiment Tilt Min Vol,BA,0.0,Equity,Industrials,min_vol,True
2023-08-01,Sentiment Tilt Min Vol,CAT,1.0603771458888262e-18,Equity,Industrials,min_vol,True
2023-08-01,Sentiment Tilt Min Vol,GE,0.0023279176924152056,Equity,Industrials,min_vol,True
2023-08-01,Sentiment Tilt Min Vol,MMM,0.0,Equity,Industrials,min_vol,True
2023-08-01,Sentiment Tilt Min Vol,UPS,0.005101650636077193,Equity,Industrials,min_vol,True
2023-08-01,Sentiment Tilt Min Vol,DD,2.051589519985003e-18,Equity,Materials,min_vol,True
2023-08-01,Sentiment Tilt Min Vol,DOW,0.0,Equity,Materials,min_vol,True
2023-08-01,Sentiment Tilt Min Vol,NEM,0.0,Equity,Materials,min_vol,True
2023-08-01,Sentiment Tilt Min Vol,NUE,2.4658280243246302e-18,Equity,Materials,min_vol,True
2023-08-01,Sentiment Tilt Min Vol,SHW,0.0,Equity,Materials,min_vol,True
2023-08-01,Sentiment Tilt Min Vol,AMT,0.0,Equity,RealEstate,min_vol,True
2023-08-01,Sentiment Tilt Min Vol,CCI,0.0,Equity,RealEstate,min_vol,True
2023-08-01,Sentiment Tilt Min Vol,O,0.11233870174079873,Equity,RealEstate,min_vol,True
2023-08-01,Sentiment Tilt Min Vol,PLD,0.0,Equity,RealEstate,min_vol,True
2023-08-01,Sentiment Tilt Min Vol,PSA,0.00991629991353876,Equity,RealEstate,min_vol,True
2023-08-01,Sentiment Tilt Min Vol,ADBE,4.041469259724731e-19,Equity,Tech,min_vol,True
2023-08-01,Sentiment Tilt Min Vol,AMD,0.0,Equity,Tech,min_vol,True
2023-08-01,Sentiment Tilt Min Vol,INTC,0.0,Equity,Tech,min_vol,True
2023-08-01,Sentiment Tilt Min Vol,NVDA,1.8230470368067858e-18,Equity,Tech,min_vol,True
2023-08-01,Sentiment Tilt Min Vol,QCOM,4.8907041670410626e-18,Equity,Tech,min_vol,True
2023-08-01,Sentiment Tilt Min Vol,AEP,5.34628605934191e-18,Equity,Utilities,min_vol,True
2023-08-01,Sentiment Tilt Min Vol,D,1.3734667242001858e-18,Equity,Utilities,min_vol,True
2023-08-01,Sentiment Tilt Min Vol,DUK,3.681364372098078e-18,Equity,Utilities,min_vol,True
2023-08-01,Sentiment Tilt Min Vol,NEE,5.0138580169886115e-18,Equity,Utilities,min_vol,True
2023-08-01,Sentiment Tilt Min Vol,SO,0.0,Equity,Utilities,min_vol,True
2023-09-01,Sentiment Tilt Min Vol,CMCSA,0.0007101976447389967,Equity,Comm,min_vol,True
2023-09-01,Sentiment Tilt Min Vol,EA,0.05977781883309698,Equity,Comm,min_vol,True
2023-09-01,Sentiment Tilt Min Vol,T,0.03151355662631413,Equity,Comm,min_vol,True
2023-09-01,Sentiment Tilt Min Vol,TMUS,0.04360651015827902,Equity,Comm,min_vol,True
2023-09-01,Sentiment Tilt Min Vol,TTWO,0.01990401776819396,Equity,Comm,min_vol,True
2023-09-01,Sentiment Tilt Min Vol,DIS,0.000710197644739,Equity,Consumer,min_vol,True
2023-09-01,Sentiment Tilt Min Vol,KO,0.2,Equity,Consumer,min_vol,True
2023-09-01,Sentiment Tilt Min Vol,NKE,0.0007101976447390002,Equity,Consumer,min_vol,True
2023-09-01,Sentiment Tilt Min Vol,SBUX,0.000710197644738991,Equity,Consumer,min_vol,True
2023-09-01,Sentiment Tilt Min Vol,WMT,0.1971077591039034,Equity,Consumer,min_vol,True
2023-09-01,Sentiment Tilt Min Vol,COP,0.000710197644738991,Equity,Energy,min_vol,True
2023-09-01,Sentiment Tilt Min Vol,CVX,0.005646814668213832,Equity,Energy,min_vol,True
2023-09-01,Sentiment Tilt Min Vol,OXY,0.008513318412417797,Equity,Energy,min_vol,True
2023-09-01,Sentiment Tilt Min Vol,SLB,0.000710197644738991,Equity,Energy,min_vol,True
2023-09-01,Sentiment Tilt Min Vol,XOM,0.009479557815444755,Equity,Energy,min_vol,True
2023-09-01,Sentiment Tilt Min Vol,GS,0.0017666221666771537,Equity,Financials,min_vol,True
2023-09-01,Sentiment Tilt Min Vol,MS,0.005355908712064505,Equity,Financials,min_vol,True
2023-09-01,Sentiment Tilt Min Vol,USB,0.000710197644738991,Equity,Financials,min_vol,True
2023-09-01,Sentiment Tilt Min Vol,V,0.02868170815731676,Equity,Financials,min_vol,True
2023-09-01,Sentiment Tilt Min Vol,WFC,0.000710197644738991,Equity,Financials,min_vol,True
2023-09-01,Sentiment Tilt Min Vol,ABBV,0.07013734336122644,Equity,Healthcare,min_vol,True
2023-09-01,Sentiment Tilt Min Vol,ABT,0.000710197644738991,Equity,Healthcare,min_vol,True
2023-09-01,Sentiment Tilt Min Vol,AMGN,0.044867136425703176,Equity,Healthcare,min_vol,True
2023-09-01,Sentiment Tilt Min Vol,GILD,0.000710197644738991,Equity,Healthcare,min_vol,True
2023-09-01,Sentiment Tilt Min Vol,MRK,0.10333627131604294,Equity,Healthcare,min_vol,True
2023-09-01,Sentiment Tilt Min Vol,BA,0.000710197644738991,Equity,Industrials,min_vol,True
2023-09-01,Sentiment Tilt Min Vol,CAT,0.0007101976447389919,Equity,Industrials,min_vol,True
2023-09-01,Sentiment Tilt Min Vol,GE,0.00610625165052484,Equity,Industrials,min_vol,True
2023-09-01,Sentiment Tilt Min Vol,MMM,0.000710197644738991,Equity,Industrials,min_vol,True
2023-09-01,Sentiment Tilt Min Vol,UPS,0.0007101976447389987,Equity,Industrials,min_vol,True
2023-09-01,Sentiment Tilt Min Vol,DD,0.000710197644738991,Equity,Materials,min_vol,True
2023-09-01,Sentiment Tilt Min Vol,DOW,0.0007101976447389997,Equity,Materials,min_vol,True
2023-09-01,Sentiment Tilt Min Vol,NEM,0.000710197644738991,Equity,Materials,min_vol,True
2023-09-01,Sentiment Tilt Min Vol,NUE,0.000710197644738991,Equity,Materials,min_vol,True
2023-09-01,Sentiment Tilt Min Vol,SHW,0.000710197644738991,Equity,Materials,min_vol,True
2023-09-01,Sentiment Tilt Min Vol,AMT,0.0007101976447389975,Equity,RealEstate,min_vol,True
2023-09-01,Sentiment Tilt Min Vol,CCI,0.000710197644738991,Equity,RealEstate,min_vol,True
2023-09-01,Sentiment Tilt Min Vol,O,0.12928534677831077,Equity,RealEstate,min_vol,True
2023-09-01,Sentiment Tilt Min Vol,PLD,0.000710197644738991,Equity,RealEstate,min_vol,True
2023-09-01,Sentiment Tilt Min Vol,PSA,0.012187733414621617,Equity,RealEstate,min_vol,True
2023-09-01,Sentiment Tilt Min Vol,ADBE,0.0007101976447389926,Equity,Tech,min_vol,True
2023-09-01,Sentiment Tilt Min Vol,AMD,0.000710197644738992,Equity,Tech,min_vol,True
2023-09-01,Sentiment Tilt Min Vol,INTC,0.0007101976447389926,Equity,Tech,min_vol,True
2023-09-01,Sentiment Tilt Min Vol,NVDA,0.000710197644738991,Equity,Tech,min_vol,True
2023-09-01,Sentiment Tilt Min Vol,QCOM,0.0007101976447389918,Equity,Tech,min_vol,True
2023-09-01,Sentiment Tilt Min Vol,AEP,0.000710197644738991,Equity,Utilities,min_vol,True
2023-09-01,Sentiment Tilt Min Vol,D,0.000710197644738991,Equity,Utilities,min_vol,True
2023-09-01,Sentiment Tilt Min Vol,DUK,0.0007101976447389944,Equity,Utilities,min_vol,True
2023-09-01,Sentiment Tilt Min Vol,NEE,0.000710197644738991,Equity,Utilities,min_vol,True
2023-09-01,Sentiment Tilt Min Vol,SO,0.000710197644738991,Equity,Utilities,min_vol,True
2023-10-02,Sentiment Tilt Min Vol,CMCSA,0.0,Equity,Comm,min_vol,True
2023-10-02,Sentiment Tilt Min Vol,EA,0.10484904499320076,Equity,Comm,min_vol,True
2023-10-02,Sentiment Tilt Min Vol,T,0.04834846981548557,Equity,Comm,min_vol,True
2023-10-02,Sentiment Tilt Min Vol,TMUS,0.09993570542152624,Equity,Comm,min_vol,True
2023-10-02,Sentiment Tilt Min Vol,TTWO,0.03568188740705002,Equity,Comm,min_vol,True
2023-10-02,Sentiment Tilt Min Vol,DIS,0.0,Equity,Consumer,min_vol,True
2023-10-02,Sentiment Tilt Min Vol,KO,0.1811448082296014,Equity,Consumer,min_vol,True
2023-10-02,Sentiment Tilt Min Vol,NKE,1.656838821160533e-18,Equity,Consumer,min_vol,True
2023-10-02,Sentiment Tilt Min Vol,SBUX,4.835900408350757e-19,Equity,Consumer,min_vol,True
2023-10-02,Sentiment Tilt Min Vol,WMT,0.12894350987719347,Equity,Consumer,min_vol,True
2023-10-02,Sentiment Tilt Min Vol,COP,1.298925359156414e-18,Equity,Energy,min_vol,True
2023-10-02,Sentiment Tilt Min Vol,CVX,0.031201338980975275,Equity,Energy,min_vol,True
2023-10-02,Sentiment Tilt Min Vol,OXY,0.012354649990700278,Equity,Energy,min_vol,True
2023-10-02,Sentiment Tilt Min Vol,SLB,1.014167208590563e-18,Equity,Energy,min_vol,True
2023-10-02,Sentiment Tilt Min Vol,XOM,0.007053030828501719,Equity,Energy,min_vol,True
2023-10-02,Sentiment Tilt Min Vol,GS,0.004520137568066389,Equity,Financials,min_vol,True
2023-10-02,Sentiment Tilt Min Vol,MS,4.254182158439732e-18,Equity,Financials,min_vol,True
2023-10-02,Sentiment Tilt Min Vol,USB,6.840875724579636e-18,Equity,Financials,min_vol,True
2023-10-02,Sentiment Tilt Min Vol,V,0.047955380199973176,Equity,Financials,min_vol,True
2023-10-02,Sentiment Tilt Min Vol,WFC,0.0036063213357871624,Equity,Financials,min_vol,True
2023-10-02,Sentiment Tilt Min Vol,ABBV,0.06414343893156098,Equity,Healthcare,min_vol,True
2023-10-02,Sentiment Tilt Min Vol,ABT,3.031443447780721e-19,Equity,Healthcare,min_vol,True
2023-10-02,Sentiment Tilt Min Vol,AMGN,0.048730116884887625,Equity,Healthcare,min_vol,True
2023-10-02,Sentiment Tilt Min Vol,GILD,0.0,Equity,Healthcare,min_vol,True
2023-10-02,Sentiment Tilt Min Vol,MRK,0.0948313519727633,Equity,Healthcare,min_vol,True
2023-10-02,Sentiment Tilt Min Vol,BA,0.0,Equity,Industrials,min_vol,True
2023-10-02,Sentiment Tilt Min Vol,CAT,6.989351987317996e-19,Equity,Industrials,min_vol,True
2023-10-02,Sentiment Tilt Min Vol,GE,0.01128533588381414,Equity,Industrials,min_vol,True
2023-10-02,Sentiment Tilt Min Vol,MMM,2.055230524196434e-18,Equity,Industrials,min_vol,True
2023-10-02,Sentiment Tilt Min Vol,UPS,1.4322994474381335e-19,Equity,Industrials,min_vol,True
2023-10-02,Sentiment Tilt Min Vol,DD,2.002778406657589e-19,Equity,Materials,min_vol,True
2023-10-02,Sentiment Tilt Min Vol,DOW,1.2349305816609796e-18,Equity,Materials,min_vol,True
2023-10-02,Sentiment Tilt Min Vol,NEM,0.0,Equity,Materials,min_vol,True
2023-10-02,Sentiment Tilt Min Vol,NUE,0.0,Equity,Materials,min_vol,True
2023-10-02,Sentiment Tilt Min Vol,SHW,0.0,Equity,Materials,min_vol,True
2023-10-02,Sentiment Tilt Min Vol,AMT,0.0,Equity,RealEstate,min_vol,True
2023-10-02,Sentiment Tilt Min Vol,CCI,0.0,Equity,RealEstate,min_vol,True
2023-10-02,Sentiment Tilt Min Vol,O,0.06898539534323161,Equity,RealEstate,min_vol,True
2023-10-02,Sentiment Tilt Min Vol,PLD,0.0,Equity,RealEstate,min_vol,True
2023-10-02,Sentiment Tilt Min Vol,PSA,0.006430076335680874,Equity,RealEstate,min_vol,True
2023-10-02,Sentiment Tilt Min Vol,ADBE,0.0,Equity,Tech,min_vol,True
2023-10-02,Sentiment Tilt Min Vol,AMD,0.0,Equity,Tech,min_vol,True
2023-10-02,Sentiment Tilt Min Vol,INTC,1.0631394850545939e-18,Equity,Tech,min_vol,True
2023-10-02,Sentiment Tilt Min Vol,NVDA,0.0,Equity,Tech,min_vol,True
2023-10-02,Sentiment Tilt Min Vol,QCOM,2.3839582350376e-18,Equity,Tech,min_vol,True
2023-10-02,Sentiment Tilt Min Vol,AEP,1.167539599067429e-18,Equity,Utilities,min_vol,True
2023-10-02,Sentiment Tilt Min Vol,D,3.241071099197439e-18,Equity,Utilities,min_vol,True
2023-10-02,Sentiment Tilt Min Vol,DUK,0.0,Equity,Utilities,min_vol,True
2023-10-02,Sentiment Tilt Min Vol,NEE,0.0,Equity,Utilities,min_vol,True
2023-10-02,Sentiment Tilt Min Vol,SO,0.0,Equity,Utilities,min_vol,True
2023-11-01,Sentiment Tilt Min Vol,CMCSA,0.006338863457835368,Equity,Comm,min_vol,True
2023-11-01,Sentiment Tilt Min Vol,EA,0.07751203451087828,Equity,Comm,min_vol,True
2023-11-01,Sentiment Tilt Min Vol,T,0.05200899388277786,Equity,Comm,min_vol,True
2023-11-01,Sentiment Tilt Min Vol,TMUS,0.08872767014973836,Equity,Comm,min_vol,True
2023-11-01,Sentiment Tilt Min Vol,TTWO,0.008763289520790704,Equity,Comm,min_vol,True
2023-11-01,Sentiment Tilt Min Vol,DIS,0.0,Equity,Consumer,min_vol,True
2023-11-01,Sentiment Tilt Min Vol,KO,0.1502261002853606,Equity,Consumer,min_vol,True
2023-11-01,Sentiment Tilt Min Vol,NKE,3.1872488926744785e-19,Equity,Consumer,min_vol,True
2023-11-01,Sentiment Tilt Min Vol,SBUX,0.0,Equity,Consumer,min_vol,True
2023-11-01,Sentiment Tilt Min Vol,WMT,0.1676819963289684,Equity,Consumer,min_vol,True
2023-11-01,Sentiment Tilt Min Vol,COP,5.406729787145236e-19,Equity,Energy,min_vol,True
2023-11-01,Sentiment Tilt Min Vol,CVX,0.047549079795566704,Equity,Energy,min_vol,True
2023-11-01,Sentiment Tilt Min Vol,OXY,8.289838917225491e-19,Equity,Energy,min_vol,True
2023-11-01,Sentiment Tilt Min Vol,SLB,0.000628592402160689,Equity,Energy,min_vol,True
2023-11-01,Sentiment Tilt Min Vol,XOM,0.019020544500013385,Equity,Energy,min_vol,True
2023-11-01,Sentiment Tilt Min Vol,GS,0.007192108968930822,Equity,Financials,min_vol,True
2023-11-01,Sentiment Tilt Min Vol,MS,0.0014483600298734634,Equity,Financials,min_vol,True
2023-11-01,Sentiment Tilt Min Vol,USB,3.7000885074945325e-18,Equity,Financials,min_vol,True
2023-11-01,Sentiment Tilt Min Vol,V,0.0370366847040008,Equity,Financials,min_vol,True
2023-11-01,Sentiment Tilt Min Vol,WFC,1.4013819912988587e-18,Equity,Financials,min_vol,True
2023-11-01,Sentiment Tilt Min Vol,ABBV,0.07089690147078713,Equity,Healthcare,min_vol,True
2023-11-01,Sentiment Tilt Min Vol,ABT,0.014569656518539177,Equity,Healthcare,min_vol,True
2023-11-01,Sentiment Tilt Min Vol,AMGN,0.03938876051365616,Equity,Healthcare,min_vol,True
2023-11-01,Sentiment Tilt Min Vol,GILD,0.003055454774633925,Equity,Healthcare,min_vol,True
2023-11-01,Sentiment Tilt Min Vol,MRK,0.09513042312197215,Equity,Healthcare,min_vol,True
2023-11-01,Sentiment Tilt Min Vol,BA,3.6603410086252663e-19,Equity,Industrials,min_vol,True
2023-11-01,Sentiment Tilt Min Vol,CAT,0.0027318581252972697,Equity,Industrials,min_vol,True
2023-11-01,Sentiment Tilt Min Vol,GE,0.015166637297043067,Equity,Industrials,min_vol,True
2023-11-01,Sentiment Tilt Min Vol,MMM,0.0,Equity,Industrials,min_vol,True
2023-11-01,Sentiment Tilt Min Vol,UPS,0.0,Equity,Industrials,min_vol,True
2023-11-01,Sentiment Tilt Min Vol,DD,0.007532146093237914,Equity,Materials,min_vol,True
2023-11-01,Sentiment Tilt Min Vol,DOW,0.0,Equity,Materials,min_vol,True
2023-11-01,Sentiment Tilt Min Vol,NEM,7.817340672687441e-20,Equity,Materials,min_vol,True
2023-11-01,Sentiment Tilt Min Vol,NUE,3.8831109045859903e-19,Equity,Materials,min_vol,True
2023-11-01,Sentiment Tilt Min Vol,SHW,1.6511571336060985e-18,Equity,Materials,min_vol,True
2023-11-01,Sentiment Tilt Min Vol,AMT,0.0,Equity,RealEstate,min_vol,True
2023-11-01,Sentiment Tilt Min Vol,CCI,0.0,Equity,RealEstate,min_vol,True
2023-11-01,Sentiment Tilt Min Vol,O,0.07199771510960916,Equity,RealEstate,min_vol,True
2023-11-01,Sentiment Tilt Min Vol,PLD,0.0,Equity,RealEstate,min_vol,True
2023-11-01,Sentiment Tilt Min Vol,PSA,0.0,Equity,RealEstate,min_vol,True
2023-11-01,Sentiment Tilt Min Vol,ADBE,2.41027625159642e-18,Equity,Tech,min_vol,True
2023-11-01,Sentiment Tilt Min Vol,AMD,0.0021716239121501095,Equity,Tech,min_vol,True
2023-11-01,Sentiment Tilt Min Vol,INTC,0.0,Equity,Tech,min_vol,True
2023-11-01,Sentiment Tilt Min Vol,NVDA,0.0027874343658208065,Equity,Tech,min_vol,True
2023-11-01,Sentiment Tilt Min Vol,QCOM,0.0,Equity,Tech,min_vol,True
2023-11-01,Sentiment Tilt Min Vol,AEP,0.0,Equity,Utilities,min_vol,True
2023-11-01,Sentiment Tilt Min Vol,D,1.7153240303889862e-18,Equity,Utilities,min_vol,True
2023-11-01,Sentiment Tilt Min Vol,DUK,0.010437070160357644,Equity,Utilities,min_vol,True
2023-11-01,Sentiment Tilt Min Vol,NEE,0.0,Equity,Utilities,min_vol,True
2023-11-01,Sentiment Tilt Min Vol,SO,0.0,Equity,Utilities,min_vol,True
2023-12-01,Sentiment Tilt Min Vol,CMCSA,0.004234680607681026,Equity,Comm,min_vol,True
2023-12-01,Sentiment Tilt Min Vol,EA,0.08128114339464951,Equity,Comm,min_vol,True
2023-12-01,Sentiment Tilt Min Vol,T,0.062112946881713475,Equity,Comm,min_vol,True
2023-12-01,Sentiment Tilt Min Vol,TMUS,0.1166395045296302,Equity,Comm,min_vol,True
2023-12-01,Sentiment Tilt Min Vol,TTWO,0.0,Equity,Comm,min_vol,True
2023-12-01,Sentiment Tilt Min Vol,DIS,0.0,Equity,Consumer,min_vol,True
2023-12-01,Sentiment Tilt Min Vol,KO,0.0786556905185189,Equity,Consumer,min_vol,True
2023-12-01,Sentiment Tilt Min Vol,NKE,1.394849508585727e-18,Equity,Consumer,min_vol,True
2023-12-01,Sentiment Tilt Min Vol,SBUX,0.0,Equity,Consumer,min_vol,True
2023-12-01,Sentiment Tilt Min Vol,WMT,0.08437673311861195,Equity,Consumer,min_vol,True
2023-12-01,Sentiment Tilt Min Vol,COP,0.0,Equity,Energy,min_vol,True
2023-12-01,Sentiment Tilt Min Vol,CVX,0.032755167500502176,Equity,Energy,min_vol,True
2023-12-01,Sentiment Tilt Min Vol,OXY,0.02537872579823572,Equity,Energy,min_vol,True
2023-12-01,Sentiment Tilt Min Vol,SLB,3.586435847240708e-19,Equity,Energy,min_vol,True
2023-12-01,Sentiment Tilt Min Vol,XOM,0.007871206306647477,Equity,Energy,min_vol,True
2023-12-01,Sentiment Tilt Min Vol,GS,0.0,Equity,Financials,min_vol,True
2023-12-01,Sentiment Tilt Min Vol,MS,1.5008276246350312e-18,Equity,Financials,min_vol,True
2023-12-01,Sentiment Tilt Min Vol,USB,0.0,Equity,Financials,min_vol,True
2023-12-01,Sentiment Tilt Min Vol,V,0.09381902729822658,Equity,Financials,min_vol,True
2023-12-01,Sentiment Tilt Min Vol,WFC,0.0,Equity,Financials,min_vol,True
2023-12-01,Sentiment Tilt Min Vol,ABBV,0.07958728084487206,Equity,Healthcare,min_vol,True
2023-12-01,Sentiment Tilt Min Vol,ABT,0.029612267974330475,Equity,Healthcare,min_vol,True
2023-12-01,Sentiment Tilt Min Vol,AMGN,0.021465596863535823,Equity,Healthcare,min_vol,True
2023-12-01,Sentiment Tilt Min Vol,GILD,2.6396732880288043e-18,Equity,Healthcare,min_vol,True
2023-12-01,Sentiment Tilt Min Vol,MRK,0.08859616404992343,Equity,Healthcare,min_vol,True
2023-12-01,Sentiment Tilt Min Vol,BA,3.6347625008657994e-18,Equity,Industrials,min_vol,True
2023-12-01,Sentiment Tilt Min Vol,CAT,0.0,Equity,Industrials,min_vol,True
2023-12-01,Sentiment Tilt Min Vol,GE,0.018745350735163358,Equity,Industrials,min_vol,True
2023-12-01,Sentiment Tilt Min Vol,MMM,7.9468523833859065e-19,Equity,Industrials,min_vol,True
2023-12-01,Sentiment Tilt Min Vol,UPS,0.0,Equity,Industrials,min_vol,True
2023-12-01,Sentiment Tilt Min Vol,DD,0.012357231642624724,Equity,Materials,min_vol,True
2023-12-01,Sentiment Tilt Min Vol,DOW,0.0081806634301449,Equity,Materials,min_vol,True
2023-12-01,Sentiment Tilt Min Vol,NEM,0.014779572220711816,Equity,Materials,min_vol,True
2023-12-01,Sentiment Tilt Min Vol,NUE,0.0,Equity,Materials,min_vol,True
2023-12-01,Sentiment Tilt Min Vol,SHW,0.0,Equity,Materials,min_vol,True
2023-12-01,Sentiment Tilt Min Vol,AMT,0.0,Equity,RealEstate,min_vol,True
2023-12-01,Sentiment Tilt Min Vol,CCI,3.8096723750932035e-18,Equity,RealEstate,min_vol,True
2023-12-01,Sentiment Tilt Min Vol,O,0.07006814024719178,Equity,RealEstate,min_vol,True
2023-12-01,Sentiment Tilt Min Vol,PLD,6.735978672807468e-19,Equity,RealEstate,min_vol,True
2023-12-01,Sentiment Tilt Min Vol,PSA,0.0013560662239837857,Equity,RealEstate,min_vol,True
2023-12-01,Sentiment Tilt Min Vol,ADBE,2.695813148468575e-18,Equity,Tech,min_vol,True
2023-12-01,Sentiment Tilt Min Vol,AMD,0.009707031096828201,Equity,Tech,min_vol,True
2023-12-01,Sentiment Tilt Min Vol,INTC,8.096318223197454e-05,Equity,Tech,min_vol,True
2023-12-01,Sentiment Tilt Min Vol,NVDA,0.010870824912767892,Equity,Tech,min_vol,True
2023-12-01,Sentiment Tilt Min Vol,QCOM,0.0,Equity,Tech,min_vol,True
2023-12-01,Sentiment Tilt Min Vol,AEP,0.0,Equity,Utilities,min_vol,True
2023-12-01,Sentiment Tilt Min Vol,D,0.0,Equity,Utilities,min_vol,True
2023-12-01,Sentiment Tilt Min Vol,DUK,0.04746802062127286,Equity,Utilities,min_vol,True
2023-12-01,Sentiment Tilt Min Vol,NEE,0.0,Equity,Utilities,min_vol,True
2023-12-01,Sentiment Tilt Min Vol,SO,0.0,Equity,Utilities,min_vol,True
2021-01-04,Sentiment Tilt Risk Parity,CMCSA,0.017228259089207915,Equity,Comm,risk_parity,True
2021-01-04,Sentiment Tilt Risk Parity,EA,0.026666653927306442,Equity,Comm,risk_parity,True
2021-01-04,Sentiment Tilt Risk Parity,T,0.017998992081021417,Equity,Comm,risk_parity,True
2021-01-04,Sentiment Tilt Risk Parity,TMUS,0.018737119852832707,Equity,Comm,risk_parity,True
2021-01-04,Sentiment Tilt Risk Parity,TTWO,0.025901201328251106,Equity,Comm,risk_parity,True
2021-01-04,Sentiment Tilt Risk Parity,DIS,0.02820526110155337,Equity,Consumer,risk_parity,True
2021-01-04,Sentiment Tilt Risk Parity,KO,0.034880862013580115,Equity,Consumer,risk_parity,True
2021-01-04,Sentiment Tilt Risk Parity,NKE,0.031937101763951,Equity,Consumer,risk_parity,True
2021-01-04,Sentiment Tilt Risk Parity,SBUX,0.02660964169350878,Equity,Consumer,risk_parity,True
2021-01-04,Sentiment Tilt Risk Parity,WMT,0.05550045546036855,Equity,Consumer,risk_parity,True
2021-01-04,Sentiment Tilt Risk Parity,COP,0.010072757318169439,Equity,Energy,risk_parity,True
2021-01-04,Sentiment Tilt Risk Parity,CVX,0.010895075788616673,Equity,Energy,risk_parity,True
2021-01-04,Sentiment Tilt Risk Parity,OXY,0.007878796636789562,Equity,Energy,risk_parity,True
2021-01-04,Sentiment Tilt Risk Parity,SLB,0.00987238285172041,Equity,Energy,risk_parity,True
2021-01-04,Sentiment Tilt Risk Parity,XOM,0.013238143545379747,Equity,Energy,risk_parity,True
2021-01-04,Sentiment Tilt Risk Parity,GS,0.02185775315954516,Equity,Financials,risk_parity,True
2021-01-04,Sentiment Tilt Risk Parity,MS,0.0193359368083495,Equity,Financials,risk_parity,True
2021-01-04,Sentiment Tilt Risk Parity,USB,0.020783001310819366,Equity,Financials,risk_parity,True
2021-01-04,Sentiment Tilt Risk Parity,V,0.025306182769683775,Equity,Financials,risk_parity,True
2021-01-04,Sentiment Tilt Risk Parity,WFC,0.019568246926425028,Equity,Financials,risk_parity,True
2021-01-04,Sentiment Tilt Risk Parity,ABBV,0.02558760093421958,Equity,Healthcare,risk_parity,True
2021-01-04,Sentiment Tilt Risk Parity,ABT,0.021076227533800496,Equity,Healthcare,risk_parity,True
2021-01-04,Sentiment Tilt Risk Parity,AMGN,0.02244175716014382,Equity,Healthcare,risk_parity,True
2021-01-04,Sentiment Tilt Risk Parity,GILD,0.03397346942708021,Equity,Healthcare,risk_parity,True
2021-01-04,Sentiment Tilt Risk Parity,MRK,0.02573323231596619,Equity,Healthcare,risk_parity,True
2021-01-04,Sentiment Tilt Risk Parity,BA,0.010338813943322764,Equity,Industrials,risk_parity,True
2021-01-04,Sentiment Tilt Risk Parity,CAT,0.017318500337425713,Equity,Industrials,risk_parity,True
2021-01-04,Sentiment Tilt Risk Parity,GE,0.013856855504612202,Equity,Industrials,risk_parity,True
2021-01-04,Sentiment Tilt Risk Parity,MMM,0.02110501998068472,Equity,Industrials,risk_parity,True
2021-01-04,Sentiment Tilt Risk Parity,UPS,0.022355456835094684,Equity,Industrials,risk_parity,True
2021-01-04,Sentiment Tilt Risk Parity,DD,0.015238140070729036,Equity,Materials,risk_parity,True
2021-01-04,Sentiment Tilt Risk Parity,DOW,0.01301442042897355,Equity,Materials,risk_parity,True
2021-01-04,Sentiment Tilt Risk Parity,NEM,0.03683645298443277,Equity,Materials,risk_parity,True
2021-01-04,Sentiment Tilt Risk Parity,NUE,0.015650974074970406,Equity,Materials,risk_parity,True
2021-01-04,Sentiment Tilt Risk Parity,SHW,0.019058930626117465,Equity,Materials,risk_parity,True
2021-01-04,Sentiment Tilt Risk Parity,AMT,0.015519722618910405,Equity,RealEstate,risk_parity,True
2021-01-04,Sentiment Tilt Risk Parity,CCI,0.016396754377690406,Equity,RealEstate,risk_parity,True
2021-01-04,Sentiment Tilt Risk Parity,O,0.013019416333140946,Equity,RealEstate,risk_parity,True
2021-01-04,Sentiment Tilt Risk Parity,PLD,0.014132243158588124,Equity,RealEstate,risk_parity,True
2021-01-04,Sentiment Tilt Risk Parity,PSA,0.02145545620566309,Equity,RealEstate,risk_parity,True
2021-01-04,Sentiment Tilt Risk Parity,ADBE,0.017981977890556264,Equity,Tech,risk_parity,True
2021-01-04,Sentiment Tilt Risk Parity,AMD,0.016204724861457024,Equity,Tech,risk_parity,True
2021-01-04,Sentiment Tilt Risk Parity,INTC,0.01569092339074918,Equity,Tech,risk_parity,True
2021-01-04,Sentiment Tilt Risk Parity,NVDA,0.01431894871614089,Equity,Tech,risk_parity,True
2021-01-04,Sentiment Tilt Risk Parity,QCOM,0.01615410237765008,Equity,Tech,risk_parity,True
2021-01-04,Sentiment Tilt Risk Parity,AEP,0.019947308158568808,Equity,Utilities,risk_parity,True
2021-01-04,Sentiment Tilt Risk Parity,D,0.016040836095115734,Equity,Utilities,risk_parity,True
2021-01-04,Sentiment Tilt Risk Parity,DUK,0.016019937806932033,Equity,Utilities,risk_parity,True
2021-01-04,Sentiment Tilt Risk Parity,NEE,0.016316915706491714,Equity,Utilities,risk_parity,True
2021-01-04,Sentiment Tilt Risk Parity,SO,0.014741054717691658,Equity,Utilities,risk_parity,True
2021-02-01,Sentiment Tilt Risk Parity,CMCSA,0.02201519499840277,Equity,Comm,risk_parity,True
2021-02-01,Sentiment Tilt Risk Parity,EA,0.03466700089902601,Equity,Comm,risk_parity,True
2021-02-01,Sentiment Tilt Risk Parity,T,0.023395434819274877,Equity,Comm,risk_parity,True
2021-02-01,Sentiment Tilt Risk Parity,TMUS,0.02384393830531847,Equity,Comm,risk_parity,True
2021-02-01,Sentiment Tilt Risk Parity,TTWO,0.03311780921673811,Equity,Comm,risk_parity,True
2021-02-01,Sentiment Tilt Risk Parity,DIS,0.022462631818127864,Equity,Consumer,risk_parity,True
2021-02-01,Sentiment Tilt Risk Parity,KO,0.027963193046552932,Equity,Consumer,risk_parity,True
2021-02-01,Sentiment Tilt Risk Parity,NKE,0.025438375569750125,Equity,Consumer,risk_parity,True
2021-02-01,Sentiment Tilt Risk Parity,SBUX,0.021192854782033706,Equity,Consumer,risk_parity,True
2021-02-01,Sentiment Tilt Risk Parity,WMT,0.044202438212315356,Equity,Consumer,risk_parity,True
2021-02-01,Sentiment Tilt Risk Parity,COP,0.0060963043716379395,Equity,Energy,risk_parity,True
2021-02-01,Sentiment Tilt Risk Parity,CVX,0.006613624572809912,Equity,Energy,risk_parity,True
2021-02-01,Sentiment Tilt Risk Parity,OXY,0.004779765556956481,Equity,Energy,risk_parity,True
2021-02-01,Sentiment Tilt Risk Parity,SLB,0.005973913628258185,Equity,Energy,risk_parity,True
2021-02-01,Sentiment Tilt Risk Parity,XOM,0.008026618320777066,Equity,Energy,risk_parity,True
2021-02-01,Sentiment Tilt Risk Parity,GS,0.017149573356038852,Equity,Financials,risk_parity,True
2021-02-01,Sentiment Tilt Risk Parity,MS,0.015140974897307109,Equity,Financials,risk_parity,True
2021-02-01,Sentiment Tilt Risk Parity,USB,0.016201127835808977,Equity,Financials,risk_parity,True
2021-02-01,Sentiment Tilt Risk Parity,V,0.01980479861015314,Equity,Financials,risk_parity,True
2021-02-01,Sentiment Tilt Risk Parity,WFC,0.015134627924293946,Equity,Financials,risk_parity,True
2021-02-01,Sentiment Tilt Risk Parity,ABBV,0.01803624740317991,Equity,Healthcare,risk_parity,True
2021-02-01,Sentiment Tilt Risk Parity,ABT,0.01523644094303147,Equity,Healthcare,risk_parity,True
2021-02-01,Sentiment Tilt Risk Parity,AMGN,0.016065368398379222,Equity,Healthcare,risk_parity,True
2021-02-01,Sentiment Tilt Risk Parity,GILD,0.024247836322212696,Equity,Healthcare,risk_parity,True
2021-02-01,Sentiment Tilt Risk Parity,MRK,0.018345042250600654,Equity,Healthcare,risk_parity,True
2021-02-01,Sentiment Tilt Risk Parity,BA,0.013561536083287178,Equity,Industrials,risk_parity,True
2021-02-01,Sentiment Tilt Risk Parity,CAT,0.022889984527182737,Equity,Industrials,risk_parity,True
2021-02-01,Sentiment Tilt Risk Parity,GE,0.018303509978258765,Equity,Industrials,risk_parity,True
2021-02-01,Sentiment Tilt Risk Parity,MMM,0.028402145167406984,Equity,Industrials,risk_parity,True
2021-02-01,Sentiment Tilt Risk Parity,UPS,0.02946020360137045,Equity,Industrials,risk_parity,True
2021-02-01,Sentiment Tilt Risk Parity,DD,0.016641098204367304,Equity,Materials,risk_parity,True
2021-02-01,Sentiment Tilt Risk Parity,DOW,0.014240365229577402,Equity,Materials,risk_parity,True
2021-02-01,Sentiment Tilt Risk Parity,NEM,0.03973833733354981,Equity,Materials,risk_parity,True
2021-02-01,Sentiment Tilt Risk Parity,NUE,0.017187926610457604,Equity,Materials,risk_parity,True
2021-02-01,Sentiment Tilt Risk Parity,SHW,0.021046458365851298,Equity,Materials,risk_parity,True
2021-02-01,Sentiment Tilt Risk Parity,AMT,0.015246013873214089,Equity,RealEstate,risk_parity,True
2021-02-01,Sentiment Tilt Risk Parity,CCI,0.0161120918757573,Equity,RealEstate,risk_parity,True
2021-02-01,Sentiment Tilt Risk Parity,O,0.012754110161921569,Equity,RealEstate,risk_parity,True
2021-02-01,Sentiment Tilt Risk Parity,PLD,0.013850857577870766,Equity,RealEstate,risk_parity,True
2021-02-01,Sentiment Tilt Risk Parity,PSA,0.021026447583240095,Equity,RealEstate,risk_parity,True
2021-02-01,Sentiment Tilt Risk Parity,ADBE,0.02191333246720297,Equity,Tech,risk_parity,True
2021-02-01,Sentiment Tilt Risk Parity,AMD,0.019869703118345915,Equity,Tech,risk_parity,True
2021-02-01,Sentiment Tilt Risk Parity,INTC,0.01906784920843935,Equity,Tech,risk_parity,True
2021-02-01,Sentiment Tilt Risk Parity,NVDA,0.017579899481919053,Equity,Tech,risk_parity,True
2021-02-01,Sentiment Tilt Risk Parity,QCOM,0.019622887441155784,Equity,Tech,risk_parity,True
2021-02-01,Sentiment Tilt Risk Parity,AEP,0.028100710033067258,Equity,Utilities,risk_parity,True
2021-02-01,Sentiment Tilt Risk Parity,D,0.02270528740191881,Equity,Utilities,risk_parity,True
2021-02-01,Sentiment Tilt Risk Parity,DUK,0.022629991485156795,Equity,Utilities,risk_parity,True
2021-02-01,Sentiment Tilt Risk Parity,NEE,0.02230249372279396,Equity,Utilities,risk_parity,True
2021-02-01,Sentiment Tilt Risk Parity,SO,0.02059562340770112,Equity,Utilities,risk_parity,True
2021-03-01,Sentiment Tilt Risk Parity,CMCSA,0.025417892091108337,Equity,Comm,risk_parity,True
2021-03-01,Sentiment Tilt Risk Parity,EA,0.040331217549158804,Equity,Comm,risk_parity,True
2021-03-01,Sentiment Tilt Risk Parity,T,0.026630478534811233,Equity,Comm,risk_parity,True
2021-03-01,Sentiment Tilt Risk Parity,TMUS,0.02771450343090316,Equity,Comm,risk_parity,True
2021-03-01,Sentiment Tilt Risk Parity,TTWO,0.038199265261307,Equity,Comm,risk_parity,True
2021-03-01,Sentiment Tilt Risk Parity,DIS,0.027115788734610485,Equity,Consumer,risk_parity,True
2021-03-01,Sentiment Tilt Risk Parity,KO,0.0338002597302593,Equity,Consumer,risk_parity,True
2021-03-01,Sentiment Tilt Risk Parity,NKE,0.031181768723110993,Equity,Consumer,risk_parity,True
2021-03-01,Sentiment Tilt Risk Parity,SBUX,0.02560603756207382,Equity,Consumer,risk_parity,True
2021-03-01,Sentiment Tilt Risk Parity,WMT,0.05379112543934871,Equity,Consumer,risk_parity,True
2021-03-01,Sentiment Tilt Risk Parity,COP,0.010387043054397698,Equity,Energy,risk_parity,True
2021-03-01,Sentiment Tilt Risk Parity,CVX,0.011250646255196717,Equity,Energy,risk_parity,True
2021-03-01,Sentiment Tilt Risk Parity,OXY,0.008117591953280453,Equity,Energy,risk_parity,True
2021-03-01,Sentiment Tilt Risk Parity,SLB,0.01018202339850535,Equity,Energy,risk_parity,True
2021-03-01,Sentiment Tilt Risk Parity,XOM,0.013767059954771536,Equity,Energy,risk_parity,True
2021-03-01,Sentiment Tilt Risk Parity,GS,0.01578432809354347,Equity,Financials,risk_parity,True
2021-03-01,Sentiment Tilt Risk Parity,MS,0.013958451906135023,Equity,Financials,risk_parity,True
2021-03-01,Sentiment Tilt Risk Parity,USB,0.014894709722115922,Equity,Financials,risk_parity,True
2021-03-01,Sentiment Tilt Risk Parity,V,0.018485366058103733,Equity,Financials,risk_parity,True
2021-03-01,Sentiment Tilt Risk Parity,WFC,0.01381941017986836,Equity,Financials,risk_parity,True
2021-03-01,Sentiment Tilt Risk Parity,ABBV,0.01344694314730248,Equity,Healthcare,risk_parity,True
2021-03-01,Sentiment Tilt Risk Parity,ABT,0.011354252779743697,Equity,Healthcare,risk_parity,True
2021-03-01,Sentiment Tilt Risk Parity,AMGN,0.012121580385580536,Equity,Healthcare,risk_parity,True
2021-03-01,Sentiment Tilt Risk Parity,GILD,0.017382498764190707,Equity,Healthcare,risk_parity,True
2021-03-01,Sentiment Tilt Risk Parity,MRK,0.013384344909912568,Equity,Healthcare,risk_parity,True
2021-03-01,Sentiment Tilt Risk Parity,BA,0.00988202500857872,Equity,Industrials,risk_parity,True
2021-03-01,Sentiment Tilt Risk Parity,CAT,0.016941705472304905,Equity,Industrials,risk_parity,True
2021-03-01,Sentiment Tilt Risk Parity,GE,0.013455691805318524,Equity,Industrials,risk_parity,True
2021-03-01,Sentiment Tilt Risk Parity,MMM,0.020791914490250692,Equity,Industrials,risk_parity,True
2021-03-01,Sentiment Tilt Risk Parity,UPS,0.02230269628613067,Equity,Industrials,risk_parity,True
2021-03-01,Sentiment Tilt Risk Parity,DD,0.01670919650333448,Equity,Materials,risk_parity,True
2021-03-01,Sentiment Tilt Risk Parity,DOW,0.01430420588777059,Equity,Materials,risk_parity,True
2021-03-01,Sentiment Tilt Risk Parity,NEM,0.03936948085096501,Equity,Materials,risk_parity,True
2021-03-01,Sentiment Tilt Risk Parity,NUE,0.01710784139648225,Equity,Materials,risk_parity,True
2021-03-01,Sentiment Tilt Risk Parity,SHW,0.021079742186312495,Equity,Materials,risk_parity,True
2021-03-01,Sentiment Tilt Risk Parity,AMT,0.022694762461806503,Equity,RealEstate,risk_parity,True
2021-03-01,Sentiment Tilt Risk Parity,CCI,0.024705926172827995,Equity,RealEstate,risk_parity,True
2021-03-01,Sentiment Tilt Risk Parity,O,0.019220087255745533,Equity,RealEstate,risk_parity,True
2021-03-01,Sentiment Tilt Risk Parity,PLD,0.02105305093121985,Equity,RealEstate,risk_parity,True
2021-03-01,Sentiment Tilt Risk Parity,PSA,0.03206484224662238,Equity,RealEstate,risk_parity,True
2021-03-01,Sentiment Tilt Risk Parity,ADBE,0.021828068087898278,Equity,Tech,risk_parity,True
2021-03-01,Sentiment Tilt Risk Parity,AMD,0.020337864107835904,Equity,Tech,risk_parity,True
2021-03-01,Sentiment Tilt Risk Parity,INTC,0.0192232143273278,Equity,Tech,risk_parity,True
2021-03-01,Sentiment Tilt Risk Parity,NVDA,0.017800365723963228,Equity,Tech,risk_parity,True
2021-03-01,Sentiment Tilt Risk Parity,QCOM,0.019881297279025892,Equity,Tech,risk_parity,True
2021-03-01,Sentiment Tilt Risk Parity,AEP,0.014886985249156473,Equity,Utilities,risk_parity,True
2021-03-01,Sentiment Tilt Risk Parity,D,0.011899503462220483,Equity,Utilities,risk_parity,True
2021-03-01,Sentiment Tilt Risk Parity,DUK,0.011871056049099275,Equity,Utilities,risk_parity,True
2021-03-01,Sentiment Tilt Risk Parity,NEE,0.011690552242902968,Equity,Utilities,risk_parity,True
2021-03-01,Sentiment Tilt Risk Parity,SO,0.010773336895559083,Equity,Utilities,risk_parity,True
2021-04-01,Sentiment Tilt Risk Parity,CMCSA,0.010920201660090254,Equity,Comm,risk_parity,True
2021-04-01,Sentiment Tilt Risk Parity,EA,0.02221933302283088,Equity,Comm,risk_parity,True
2021-04-01,Sentiment Tilt Risk Parity,T,0.013261418451493584,Equity,Comm,risk_parity,True
2021-04-01,Sentiment Tilt Risk Parity,TMUS,0.01400853317132287,Equity,Comm,risk_parity,True
2021-04-01,Sentiment Tilt Risk Parity,TTWO,0.022531053494399843,Equity,Comm,risk_parity,True
2021-04-01,Sentiment Tilt Risk Parity,DIS,0.025349742218183455,Equity,Consumer,risk_parity,True
2021-04-01,Sentiment Tilt Risk Parity,KO,0.02819920024555454,Equity,Consumer,risk_parity,True
2021-04-01,Sentiment Tilt Risk Parity,NKE,0.029902153852769016,Equity,Consumer,risk_parity,True
2021-04-01,Sentiment Tilt Risk Parity,SBUX,0.02438868696064477,Equity,Consumer,risk_parity,True
2021-04-01,Sentiment Tilt Risk Parity,WMT,0.06396872004718314,Equity,Consumer,risk_parity,True
2021-04-01,Sentiment Tilt Risk Parity,COP,0.018694457099650386,Equity,Energy,risk_parity,True
2021-04-01,Sentiment Tilt Risk Parity,CVX,0.021153551557884676,Equity,Energy,risk_parity,True
2021-04-01,Sentiment Tilt Risk Parity,OXY,0.012175180247631232,Equity,Energy,risk_parity,True
2021-04-01,Sentiment Tilt Risk Parity,SLB,0.01599298999151136,Equity,Energy,risk_parity,True
2021-04-01,Sentiment Tilt Risk Parity,XOM,0.021974605790743337,Equity,Energy,risk_parity,True
2021-04-01,Sentiment Tilt Risk Parity,GS,0.015729359548954894,Equity,Financials,risk_parity,True
2021-04-01,Sentiment Tilt Risk Parity,MS,0.013797353017861726,Equity,Financials,risk_parity,True
2021-04-01,Sentiment Tilt Risk Parity,USB,0.012701786892084807,Equity,Financials,risk_parity,True
2021-04-01,Sentiment Tilt Risk Parity,V,0.01639927207005717,Equity,Financials,risk_parity,True
2021-04-01,Sentiment Tilt Risk Parity,WFC,0.012556474272968392,Equity,Financials,risk_parity,True
2021-04-01,Sentiment Tilt Risk Parity,ABBV,0.024019994680110082,Equity,Healthcare,risk_parity,True
2021-04-01,Sentiment Tilt Risk Parity,ABT,0.02198225241893951,Equity,Healthcare,risk_parity,True
2021-04-01,Sentiment Tilt Risk Parity,AMGN,0.022697796590437563,Equity,Healthcare,risk_parity,True
2021-04-01,Sentiment Tilt Risk Parity,GILD,0.024305457072295405,Equity,Healthcare,risk_parity,True
2021-04-01,Sentiment Tilt Risk Parity,MRK,0.022124395537613438,Equity,Healthcare,risk_parity,True
2021-04-01,Sentiment Tilt Risk Parity,BA,0.01049710234874898,Equity,Industrials,risk_parity,True
2021-04-01,Sentiment Tilt Risk Parity,CAT,0.01781747063521683,Equity,Industrials,risk_parity,True
2021-04-01,Sentiment Tilt Risk Parity,GE,0.015659013375886342,Equity,Industrials,risk_parity,True
2021-04-01,Sentiment Tilt Risk Parity,MMM,0.025283808220644355,Equity,Industrials,risk_parity,True
2021-04-01,Sentiment Tilt Risk Parity,UPS,0.02250787518148869,Equity,Industrials,risk_parity,True
2021-04-01,Sentiment Tilt Risk Parity,DD,0.018340778911863437,Equity,Materials,risk_parity,True
2021-04-01,Sentiment Tilt Risk Parity,DOW,0.014816528462449297,Equity,Materials,risk_parity,True
2021-04-01,Sentiment Tilt Risk Parity,NEM,0.03775010207391339,Equity,Materials,risk_parity,True
2021-04-01,Sentiment Tilt Risk Parity,NUE,0.01910218380343636,Equity,Materials,risk_parity,True
2021-04-01,Sentiment Tilt Risk Parity,SHW,0.024855675388972147,Equity,Materials,risk_parity,True
2021-04-01,Sentiment Tilt Risk Parity,AMT,0.015399031633843898,Equity,RealEstate,risk_parity,True
2021-04-01,Sentiment Tilt Risk Parity,CCI,0.016921365968767324,Equity,RealEstate,risk_parity,True
2021-04-01,Sentiment Tilt Risk Parity,O,0.012615884675113435,Equity,RealEstate,risk_parity,True
2021-04-01,Sentiment Tilt Risk Parity,PLD,0.013116361830336144,Equity,RealEstate,risk_parity,True
2021-04-01,Sentiment Tilt Risk Parity,PSA,0.023913522464560424,Equity,RealEstate,risk_parity,True
2021-04-01,Sentiment Tilt Risk Parity,ADBE,0.018712404321918858,Equity,Tech,risk_parity,True
2021-04-01,Sentiment Tilt Risk Parity,AMD,0.01571043058255193,Equity,Tech,risk_parity,True
2021-04-01,Sentiment Tilt Risk Parity,INTC,0.017088702290830815,Equity,Tech,risk_parity,True
2021-04-01,Sentiment Tilt Risk Parity,NVDA,0.014249660267694475,Equity,Tech,risk_parity,True
2021-04-01,Sentiment Tilt Risk Parity,QCOM,0.01522477492619661,Equity,Tech,risk_parity,True
2021-04-01,Sentiment Tilt Risk Parity,AEP,0.02057424558993781,Equity,Utilities,risk_parity,True
2021-04-01,Sentiment Tilt Risk Parity,D,0.023592020710492382,Equity,Utilities,risk_parity,True
2021-04-01,Sentiment Tilt Risk Parity,DUK,0.02064969836571034,Equity,Utilities,risk_parity,True
2021-04-01,Sentiment Tilt Risk Parity,NEE,0.017829264385423163,Equity,Utilities,risk_parity,True
2021-04-01,Sentiment Tilt Risk Parity,SO,0.01671812367078634,Equity,Utilities,risk_parity,True
2021-05-03,Sentiment Tilt Risk Parity,CMCSA,0.019735627110397246,Equity,Comm,risk_parity,True
2021-05-03,Sentiment Tilt Risk Parity,EA,0.034895680140241955,Equity,Comm,risk_parity,True
2021-05-03,Sentiment Tilt Risk Parity,T,0.02636796169626589,Equity,Comm,risk_parity,True
2021-05-03,Sentiment Tilt Risk Parity,TMUS,0.020436926865287097,Equity,Comm,risk_parity,True
2021-05-03,Sentiment Tilt Risk Parity,TTWO,0.03399202614934096,Equity,Comm,risk_parity,True
2021-05-03,Sentiment Tilt Risk Parity,DIS,0.014050272539976939,Equity,Consumer,risk_parity,True
2021-05-03,Sentiment Tilt Risk Parity,KO,0.017494155899681788,Equity,Consumer,risk_parity,True
2021-05-03,Sentiment Tilt Risk Parity,NKE,0.018112777298315876,Equity,Consumer,risk_parity,True
2021-05-03,Sentiment Tilt Risk Parity,SBUX,0.014873637375864794,Equity,Consumer,risk_parity,True
2021-05-03,Sentiment Tilt Risk Parity,WMT,0.03721206963498899,Equity,Consumer,risk_parity,True
2021-05-03,Sentiment Tilt Risk Parity,COP,0.014590596536587187,Equity,Energy,risk_parity,True
2021-05-03,Sentiment Tilt Risk Parity,CVX,0.017697012105660066,Equity,Energy,risk_parity,True
2021-05-03,Sentiment Tilt Risk Parity,OXY,0.009197059836856513,Equity,Energy,risk_parity,True
2021-05-03,Sentiment Tilt Risk Parity,SLB,0.01224515597251424,Equity,Energy,risk_parity,True
2021-05-03,Sentiment Tilt Risk Parity,XOM,0.01653240399187897,Equity,Energy,risk_parity,True
2021-05-03,Sentiment Tilt Risk Parity,GS,0.012443652573619915,Equity,Financials,risk_parity,True
2021-05-03,Sentiment Tilt Risk Parity,MS,0.011484453226674643,Equity,Financials,risk_parity,True
2021-05-03,Sentiment Tilt Risk Parity,USB,0.010737707446529764,Equity,Financials,risk_parity,True
2021-05-03,Sentiment Tilt Risk Parity,V,0.014671139074749817,Equity,Financials,risk_parity,True
2021-05-03,Sentiment Tilt Risk Parity,WFC,0.009896869950969911,Equity,Financials,risk_parity,True
2021-05-03,Sentiment Tilt Risk Parity,ABBV,0.03400079083816199,Equity,Healthcare,risk_parity,True
2021-05-03,Sentiment Tilt Risk Parity,ABT,0.02746790168727818,Equity,Healthcare,risk_parity,True
2021-05-03,Sentiment Tilt Risk Parity,AMGN,0.02975514598111801,Equity,Healthcare,risk_parity,True
2021-05-03,Sentiment Tilt Risk Parity,GILD,0.03421408501958927,Equity,Healthcare,risk_parity,True
2021-05-03,Sentiment Tilt Risk Parity,MRK,0.03423509520569965,Equity,Healthcare,risk_parity,True
2021-05-03,Sentiment Tilt Risk Parity,BA,0.0066060062047964595,Equity,Industrials,risk_parity,True
2021-05-03,Sentiment Tilt Risk Parity,CAT,0.011773383100686784,Equity,Industrials,risk_parity,True
2021-05-03,Sentiment Tilt Risk Parity,GE,0.009745627769798652,Equity,Industrials,risk_parity,True
2021-05-03,Sentiment Tilt Risk Parity,MMM,0.016925538376449015,Equity,Industrials,risk_parity,True
2021-05-03,Sentiment Tilt Risk Parity,UPS,0.014779028773014426,Equity,Industrials,risk_parity,True
2021-05-03,Sentiment Tilt Risk Parity,DD,0.0069995166638067595,Equity,Materials,risk_parity,True
2021-05-03,Sentiment Tilt Risk Parity,DOW,0.005662026264843255,Equity,Materials,risk_parity,True
2021-05-03,Sentiment Tilt Risk Parity,NEM,0.014365258348123936,Equity,Materials,risk_parity,True
2021-05-03,Sentiment Tilt Risk Parity,NUE,0.006470454115625634,Equity,Materials,risk_parity,True
2021-05-03,Sentiment Tilt Risk Parity,SHW,0.012019626949461354,Equity,Materials,risk_parity,True
2021-05-03,Sentiment Tilt Risk Parity,AMT,0.029453647802112858,Equity,RealEstate,risk_parity,True
2021-05-03,Sentiment Tilt Risk Parity,CCI,0.03041441401264427,Equity,RealEstate,risk_parity,True
2021-05-03,Sentiment Tilt Risk Parity,O,0.023496474248564953,Equity,RealEstate,risk_parity,True
2021-05-03,Sentiment Tilt Risk Parity,PLD,0.02466673962083362,Equity,RealEstate,risk_parity,True
2021-05-03,Sentiment Tilt Risk Parity,PSA,0.03879855651012899,Equity,RealEstate,risk_parity,True
2021-05-03,Sentiment Tilt Risk Parity,ADBE,0.012836211138458046,Equity,Tech,risk_parity,True
2021-05-03,Sentiment Tilt Risk Parity,AMD,0.00973977136336964,Equity,Tech,risk_parity,True
2021-05-03,Sentiment Tilt Risk Parity,INTC,0.01072685973768509,Equity,Tech,risk_parity,True
2021-05-03,Sentiment Tilt Risk Parity,NVDA,0.009383276424754367,Equity,Tech,risk_parity,True
2021-05-03,Sentiment Tilt Risk Parity,QCOM,0.008670927213610432,Equity,Tech,risk_parity,True
2021-05-03,Sentiment Tilt Risk Parity,AEP,0.03680562032445247,Equity,Utilities,risk_parity,True
2021-05-03,Sentiment Tilt Risk Parity,D,0.0414158753810407,Equity,Utilities,risk_parity,True
2021-05-03,Sentiment Tilt Risk Parity,DUK,0.035153330776529115,Equity,Utilities,risk_parity,True
2021-05-03,Sentiment Tilt Risk Parity,NEE,0.027984362888530175,Equity,Utilities,risk_parity,True
2021-05-03,Sentiment Tilt Risk Parity,SO,0.028767261832429544,Equity,Utilities,risk_parity,True
2021-06-01,Sentiment Tilt Risk Parity,CMCSA,0.027094892329995398,Equity,Comm,risk_parity,True
2021-06-01,Sentiment Tilt Risk Parity,EA,0.04520829144266546,Equity,Comm,risk_parity,True
2021-06-01,Sentiment Tilt Risk Parity,T,0.038638096505453356,Equity,Comm,risk_parity,True
2021-06-01,Sentiment Tilt Risk Parity,TMUS,0.030448045548568996,Equity,Comm,risk_parity,True
2021-06-01,Sentiment Tilt Risk Parity,TTWO,0.04373350975331485,Equity,Comm,risk_parity,True
2021-06-01,Sentiment Tilt Risk Parity,DIS,0.025017112514398025,Equity,Consumer,risk_parity,True
2021-06-01,Sentiment Tilt Risk Parity,KO,0.029319677997802877,Equity,Consumer,risk_parity,True
2021-06-01,Sentiment Tilt Risk Parity,NKE,0.030025469556433888,Equity,Consumer,risk_parity,True
2021-06-01,Sentiment Tilt Risk Parity,SBUX,0.02410796254355304,Equity,Consumer,risk_parity,True
2021-06-01,Sentiment Tilt Risk Parity,WMT,0.05594120018592266,Equity,Consumer,risk_parity,True
2021-06-01,Sentiment Tilt Risk Parity,COP,0.006552977580197946,Equity,Energy,risk_parity,True
2021-06-01,Sentiment Tilt Risk Parity,CVX,0.008039491158072521,Equity,Energy,risk_parity,True
2021-06-01,Sentiment Tilt Risk Parity,OXY,0.004235475067030518,Equity,Energy,risk_parity,True
2021-06-01,Sentiment Tilt Risk Parity,SLB,0.006036030230771768,Equity,Energy,risk_parity,True
2021-06-01,Sentiment Tilt Risk Parity,XOM,0.007809577597534369,Equity,Energy,risk_parity,True
2021-06-01,Sentiment Tilt Risk Parity,GS,0.015910915401520162,Equity,Financials,risk_parity,True
2021-06-01,Sentiment Tilt Risk Parity,MS,0.015345349544306209,Equity,Financials,risk_parity,True
2021-06-01,Sentiment Tilt Risk Parity,USB,0.014256881541755596,Equity,Financials,risk_parity,True
2021-06-01,Sentiment Tilt Risk Parity,V,0.017734375981965055,Equity,Financials,risk_parity,True
2021-06-01,Sentiment Tilt Risk Parity,WFC,0.013068655565618108,Equity,Financials,risk_parity,True
2021-06-01,Sentiment Tilt Risk Parity,ABBV,0.017946555746199744,Equity,Healthcare,risk_parity,True
2021-06-01,Sentiment Tilt Risk Parity,ABT,0.017472051446684955,Equity,Healthcare,risk_parity,True
2021-06-01,Sentiment Tilt Risk Parity,AMGN,0.017128641404626506,Equity,Healthcare,risk_parity,True
2021-06-01,Sentiment Tilt Risk Parity,GILD,0.022384194617947675,Equity,Healthcare,risk_parity,True
2021-06-01,Sentiment Tilt Risk Parity,MRK,0.02060406307058015,Equity,Healthcare,risk_parity,True
2021-06-01,Sentiment Tilt Risk Parity,BA,0.006671359512455738,Equity,Industrials,risk_parity,True
2021-06-01,Sentiment Tilt Risk Parity,CAT,0.01279608170065557,Equity,Industrials,risk_parity,True
2021-06-01,Sentiment Tilt Risk Parity,GE,0.01079761735231796,Equity,Industrials,risk_parity,True
2021-06-01,Sentiment Tilt Risk Parity,MMM,0.01889128009829765,Equity,Industrials,risk_parity,True
2021-06-01,Sentiment Tilt Risk Parity,UPS,0.015004858987336634,Equity,Industrials,risk_parity,True
2021-06-01,Sentiment Tilt Risk Parity,DD,0.013014531104346631,Equity,Materials,risk_parity,True
2021-06-01,Sentiment Tilt Risk Parity,DOW,0.011360180748112006,Equity,Materials,risk_parity,True
2021-06-01,Sentiment Tilt Risk Parity,NEM,0.022081605116587466,Equity,Materials,risk_parity,True
2021-06-01,Sentiment Tilt Risk Parity,NUE,0.011515681840668356,Equity,Materials,risk_parity,True
2021-06-01,Sentiment Tilt Risk Parity,SHW,0.021366548458237156,Equity,Materials,risk_parity,True
2021-06-01,Sentiment Tilt Risk Parity,AMT,0.02562681730761731,Equity,RealEstate,risk_parity,True
2021-06-01,Sentiment Tilt Risk Parity,CCI,0.028048445856325377,Equity,RealEstate,risk_parity,True
2021-06-01,Sentiment Tilt Risk Parity,O,0.020942855889080104,Equity,RealEstate,risk_parity,True
2021-06-01,Sentiment Tilt Risk Parity,PLD,0.02249922924846009,Equity,RealEstate,risk_parity,True
2021-06-01,Sentiment Tilt Risk Parity,PSA,0.0384034587809494,Equity,RealEstate,risk_parity,True
2021-06-01,Sentiment Tilt Risk Parity,ADBE,0.01664118342191897,Equity,Tech,risk_parity,True
2021-06-01,Sentiment Tilt Risk Parity,AMD,0.013605851548014976,Equity,Tech,risk_parity,True
2021-06-01,Sentiment Tilt Risk Parity,INTC,0.014720639541193419,Equity,Tech,risk_parity,True
2021-06-01,Sentiment Tilt Risk Parity,NVDA,0.012418203027412532,Equity,Tech,risk_parity,True
2021-06-01,Sentiment Tilt Risk Parity,QCOM,0.012118695829719639,Equity,Tech,risk_parity,True
2021-06-01,Sentiment Tilt Risk Parity,AEP,0.021915728415246603,Equity,Utilities,risk_parity,True
2021-06-01,Sentiment Tilt Risk Parity,D,0.02243353558309695,Equity,Utilities,risk_parity,True
2021-06-01,Sentiment Tilt Risk Parity,DUK,0.020230389293457884,Equity,Utilities,risk_parity,True
2021-06-01,Sentiment Tilt Risk Parity,NEE,0.015573555845330494,Equity,Utilities,risk_parity,True
2021-06-01,Sentiment Tilt Risk Parity,SO,0.017262171160241212,Equity,Utilities,risk_parity,True
2021-07-01,Sentiment Tilt Risk Parity,CMCSA,0.026116087695040837,Equity,Comm,risk_parity,True
2021-07-01,Sentiment Tilt Risk Parity,EA,0.039191871629259536,Equity,Comm,risk_parity,True
2021-07-01,Sentiment Tilt Risk Parity,T,0.047676388074682226,Equity,Comm,risk_parity,True
2021-07-01,Sentiment Tilt Risk Parity,TMUS,0.030606093896421698,Equity,Comm,risk_parity,True
2021-07-01,Sentiment Tilt Risk Parity,TTWO,0.0393291237110788,Equity,Comm,risk_parity,True
2021-07-01,Sentiment Tilt Risk Parity,DIS,0.009071780907021898,Equity,Consumer,risk_parity,True
2021-07-01,Sentiment Tilt Risk Parity,KO,0.010556468348330999,Equity,Consumer,risk_parity,True
2021-07-01,Sentiment Tilt Risk Parity,NKE,0.011823608979014529,Equity,Consumer,risk_parity,True
2021-07-01,Sentiment Tilt Risk Parity,SBUX,0.009314708342808469,Equity,Consumer,risk_parity,True
2021-07-01,Sentiment Tilt Risk Parity,WMT,0.015332971458863247,Equity,Consumer,risk_parity,True
2021-07-01,Sentiment Tilt Risk Parity,COP,0.013332763292181858,Equity,Energy,risk_parity,True
2021-07-01,Sentiment Tilt Risk Parity,CVX,0.01638440849700145,Equity,Energy,risk_parity,True
2021-07-01,Sentiment Tilt Risk Parity,OXY,0.010731206689811233,Equity,Energy,risk_parity,True
2021-07-01,Sentiment Tilt Risk Parity,SLB,0.01302353956224134,Equity,Energy,risk_parity,True
2021-07-01,Sentiment Tilt Risk Parity,XOM,0.016784864789996353,Equity,Energy,risk_parity,True
2021-07-01,Sentiment Tilt Risk Parity,GS,0.019001959743186685,Equity,Financials,risk_parity,True
2021-07-01,Sentiment Tilt Risk Parity,MS,0.016207257716547255,Equity,Financials,risk_parity,True
2021-07-01,Sentiment Tilt Risk Parity,USB,0.01631809017779146,Equity,Financials,risk_parity,True
2021-07-01,Sentiment Tilt Risk Parity,V,0.018044852921254243,Equity,Financials,risk_parity,True
2021-07-01,Sentiment Tilt Risk Parity,WFC,0.015033441037344384,Equity,Financials,risk_parity,True
2021-07-01,Sentiment Tilt Risk Parity,ABBV,0.023892912309127642,Equity,Healthcare,risk_parity,True
2021-07-01,Sentiment Tilt Risk Parity,ABT,0.026079856625885696,Equity,Healthcare,risk_parity,True
2021-07-01,Sentiment Tilt Risk Parity,AMGN,0.02150421110954237,Equity,Healthcare,risk_parity,True
2021-07-01,Sentiment Tilt Risk Parity,GILD,0.02795559962509718,Equity,Healthcare,risk_parity,True
2021-07-01,Sentiment Tilt Risk Parity,MRK,0.030781803193191088,Equity,Healthcare,risk_parity,True
2021-07-01,Sentiment Tilt Risk Parity,BA,0.009496720958393405,Equity,Industrials,risk_parity,True
2021-07-01,Sentiment Tilt Risk Parity,CAT,0.016216402032501052,Equity,Industrials,risk_parity,True
2021-07-01,Sentiment Tilt Risk Parity,GE,0.013990513602632088,Equity,Industrials,risk_parity,True
2021-07-01,Sentiment Tilt Risk Parity,MMM,0.024307772503694435,Equity,Industrials,risk_parity,True
2021-07-01,Sentiment Tilt Risk Parity,UPS,0.018676489092086333,Equity,Industrials,risk_parity,True
2021-07-01,Sentiment Tilt Risk Parity,DD,0.011744287872063242,Equity,Materials,risk_parity,True
2021-07-01,Sentiment Tilt Risk Parity,DOW,0.010829307886921907,Equity,Materials,risk_parity,True
2021-07-01,Sentiment Tilt Risk Parity,NEM,0.016579496276842152,Equity,Materials,risk_parity,True
2021-07-01,Sentiment Tilt Risk Parity,NUE,0.010452976108235732,Equity,Materials,risk_parity,True
2021-07-01,Sentiment Tilt Risk Parity,SHW,0.02051467928856582,Equity,Materials,risk_parity,True
2021-07-01,Sentiment Tilt Risk Parity,AMT,0.02152395430711296,Equity,RealEstate,risk_parity,True
2021-07-01,Sentiment Tilt Risk Parity,CCI,0.02469984646151884,Equity,RealEstate,risk_parity,True
2021-07-01,Sentiment Tilt Risk Parity,O,0.01745859517956639,Equity,RealEstate,risk_parity,True
2021-07-01,Sentiment Tilt Risk Parity,PLD,0.018186385247652734,Equity,RealEstate,risk_parity,True
2021-07-01,Sentiment Tilt Risk Parity,PSA,0.03297380837266533,Equity,RealEstate,risk_parity,True
2021-07-01,Sentiment Tilt Risk Parity,ADBE,0.020829174425599884,Equity,Tech,risk_parity,True
2021-07-01,Sentiment Tilt Risk Parity,AMD,0.0170882093062244,Equity,Tech,risk_parity,True
2021-07-01,Sentiment Tilt Risk Parity,INTC,0.01649197187063733,Equity,Tech,risk_parity,True
2021-07-01,Sentiment Tilt Risk Parity,NVDA,0.014543833845937241,Equity,Tech,risk_parity,True
2021-07-01,Sentiment Tilt Risk Parity,QCOM,0.0146371303111248,Equity,Tech,risk_parity,True
2021-07-01,Sentiment Tilt Risk Parity,AEP,0.029509222953700707,Equity,Utilities,risk_parity,True
2021-07-01,Sentiment Tilt Risk Parity,D,0.027576193821164406,Equity,Utilities,risk_parity,True
2021-07-01,Sentiment Tilt Risk Parity,DUK,0.02592791151075765,Equity,Utilities,risk_parity,True
2021-07-01,Sentiment Tilt Risk Parity,NEE,0.019112762241737708,Equity,Utilities,risk_parity,True
2021-07-01,Sentiment Tilt Risk Parity,SO,0.022536484189940906,Equity,Utilities,risk_parity,True
2021-08-02,Sentiment Tilt Risk Parity,CMCSA,0.013962013729163137,Equity,Comm,risk_parity,True
2021-08-02,Sentiment Tilt Risk Parity,EA,0.020701478164801217,Equity,Comm,risk_parity,True
2021-08-02,Sentiment Tilt Risk Parity,T,0.024757765414828516,Equity,Comm,risk_parity,True
2021-08-02,Sentiment Tilt Risk Parity,TMUS,0.016081781456830445,Equity,Comm,risk_parity,True
2021-08-02,Sentiment Tilt Risk Parity,TTWO,0.021289612236111716,Equity,Comm,risk_parity,True
2021-08-02,Sentiment Tilt Risk Parity,DIS,0.01278001155211174,Equity,Consumer,risk_parity,True
2021-08-02,Sentiment Tilt Risk Parity,KO,0.01595207665012409,Equity,Consumer,risk_parity,True
2021-08-02,Sentiment Tilt Risk Parity,NKE,0.017590374901273704,Equity,Consumer,risk_parity,True
2021-08-02,Sentiment Tilt Risk Parity,SBUX,0.013750408210255102,Equity,Consumer,risk_parity,True
2021-08-02,Sentiment Tilt Risk Parity,WMT,0.021276557534104464,Equity,Consumer,risk_parity,True
2021-08-02,Sentiment Tilt Risk Parity,COP,0.01468822762491704,Equity,Energy,risk_parity,True
2021-08-02,Sentiment Tilt Risk Parity,CVX,0.018214079649143993,Equity,Energy,risk_parity,True
2021-08-02,Sentiment Tilt Risk Parity,OXY,0.01186758719504193,Equity,Energy,risk_parity,True
2021-08-02,Sentiment Tilt Risk Parity,SLB,0.014213904201506871,Equity,Energy,risk_parity,True
2021-08-02,Sentiment Tilt Risk Parity,XOM,0.018320222424974886,Equity,Energy,risk_parity,True
2021-08-02,Sentiment Tilt Risk Parity,GS,0.017309551465839585,Equity,Financials,risk_parity,True
2021-08-02,Sentiment Tilt Risk Parity,MS,0.014662787398497227,Equity,Financials,risk_parity,True
2021-08-02,Sentiment Tilt Risk Parity,USB,0.014473614990652873,Equity,Financials,risk_parity,True
2021-08-02,Sentiment Tilt Risk Parity,V,0.01672148491132416,Equity,Financials,risk_parity,True
2021-08-02,Sentiment Tilt Risk Parity,WFC,0.013428084605764834,Equity,Financials,risk_parity,True
2021-08-02,Sentiment Tilt Risk Parity,ABBV,0.02659161822772953,Equity,Healthcare,risk_parity,True
2021-08-02,Sentiment Tilt Risk Parity,ABT,0.031297770843868124,Equity,Healthcare,risk_parity,True
2021-08-02,Sentiment Tilt Risk Parity,AMGN,0.02484535102270969,Equity,Healthcare,risk_parity,True
2021-08-02,Sentiment Tilt Risk Parity,GILD,0.03147881893650039,Equity,Healthcare,risk_parity,True
2021-08-02,Sentiment Tilt Risk Parity,MRK,0.03643524936633635,Equity,Healthcare,risk_parity,True
2021-08-02,Sentiment Tilt Risk Parity,BA,0.012062249661542639,Equity,Industrials,risk_parity,True
2021-08-02,Sentiment Tilt Risk Parity,CAT,0.020495676178534688,Equity,Industrials,risk_parity,True
2021-08-02,Sentiment Tilt Risk Parity,GE,0.017229520033843215,Equity,Industrials,risk_parity,True
2021-08-02,Sentiment Tilt Risk Parity,MMM,0.031140775175200103,Equity,Industrials,risk_parity,True
2021-08-02,Sentiment Tilt Risk Parity,UPS,0.023075093309106294,Equity,Industrials,risk_parity,True
2021-08-02,Sentiment Tilt Risk Parity,DD,0.017980645453079824,Equity,Materials,risk_parity,True
2021-08-02,Sentiment Tilt Risk Parity,DOW,0.01720783121552919,Equity,Materials,risk_parity,True
2021-08-02,Sentiment Tilt Risk Parity,NEM,0.025954200274580955,Equity,Materials,risk_parity,True
2021-08-02,Sentiment Tilt Risk Parity,NUE,0.015983306922367806,Equity,Materials,risk_parity,True
2021-08-02,Sentiment Tilt Risk Parity,SHW,0.03405188346641665,Equity,Materials,risk_parity,True
2021-08-02,Sentiment Tilt Risk Parity,AMT,0.020213021006688262,Equity,RealEstate,risk_parity,True
2021-08-02,Sentiment Tilt Risk Parity,CCI,0.023580566291144266,Equity,RealEstate,risk_parity,True
2021-08-02,Sentiment Tilt Risk Parity,O,0.01648705934664796,Equity,RealEstate,risk_parity,True
2021-08-02,Sentiment Tilt Risk Parity,PLD,0.01662612470559011,Equity,RealEstate,risk_parity,True
2021-08-02,Sentiment Tilt Risk Parity,PSA,0.029668131981825926,Equity,RealEstate,risk_parity,True
2021-08-02,Sentiment Tilt Risk Parity,ADBE,0.03195823052909511,Equity,Tech,risk_parity,True
2021-08-02,Sentiment Tilt Risk Parity,AMD,0.02569420101643608,Equity,Tech,risk_parity,True
2021-08-02,Sentiment Tilt Risk Parity,INTC,0.025405005749902076,Equity,Tech,risk_parity,True
2021-08-02,Sentiment Tilt Risk Parity,NVDA,0.022086789726517304,Equity,Tech,risk_parity,True
2021-08-02,Sentiment Tilt Risk Parity,QCOM,0.02082838501539102,Equity,Tech,risk_parity,True
2021-08-02,Sentiment Tilt Risk Parity,AEP,0.016201182868149533,Equity,Utilities,risk_parity,True
2021-08-02,Sentiment Tilt Risk Parity,D,0.014972103667255411,Equity,Utilities,risk_parity,True
2021-08-02,Sentiment Tilt Risk Parity,DUK,0.014639743797359729,Equity,Utilities,risk_parity,True
2021-08-02,Sentiment Tilt Risk Parity,NEE,0.010975407353936407,Equity,Utilities,risk_parity,True
2021-08-02,Sentiment Tilt Risk Parity,SO,0.012792432539447837,Equity,Utilities,risk_parity,True
2021-09-01,Sentiment Tilt Risk Parity,CMCSA,0.017334988824369374,Equity,Comm,risk_parity,True
2021-09-01,Sentiment Tilt Risk Parity,EA,0.026858374367390917,Equity,Comm,risk_parity,True
2021-09-01,Sentiment Tilt Risk Parity,T,0.03073946037546668,Equity,Comm,risk_parity,True
2021-09-01,Sentiment Tilt Risk Parity,TMUS,0.020712528438026907,Equity,Comm,risk_parity,True
2021-09-01,Sentiment Tilt Risk Parity,TTWO,0.028165733516955047,Equity,Comm,risk_parity,True
2021-09-01,Sentiment Tilt Risk Parity,DIS,0.017811774368328405,Equity,Consumer,risk_parity,True
2021-09-01,Sentiment Tilt Risk Parity,KO,0.02272391325420354,Equity,Consumer,risk_parity,True
2021-09-01,Sentiment Tilt Risk Parity,NKE,0.023731767012765106,Equity,Consumer,risk_parity,True
2021-09-01,Sentiment Tilt Risk Parity,SBUX,0.018987832817458642,Equity,Consumer,risk_parity,True
2021-09-01,Sentiment Tilt Risk Parity,WMT,0.031093297640447614,Equity,Consumer,risk_parity,True
2021-09-01,Sentiment Tilt Risk Parity,COP,0.013924350778449853,Equity,Energy,risk_parity,True
2021-09-01,Sentiment Tilt Risk Parity,CVX,0.017101009300045936,Equity,Energy,risk_parity,True
2021-09-01,Sentiment Tilt Risk Parity,OXY,0.01114336566815871,Equity,Energy,risk_parity,True
2021-09-01,Sentiment Tilt Risk Parity,SLB,0.01342181140519725,Equity,Energy,risk_parity,True
2021-09-01,Sentiment Tilt Risk Parity,XOM,0.017065041522057813,Equity,Energy,risk_parity,True
2021-09-01,Sentiment Tilt Risk Parity,GS,0.025760254942280857,Equity,Financials,risk_parity,True
2021-09-01,Sentiment Tilt Risk Parity,MS,0.021639972787909068,Equity,Financials,risk_parity,True
2021-09-01,Sentiment Tilt Risk Parity,USB,0.02134402598321501,Equity,Financials,risk_parity,True
2021-09-01,Sentiment Tilt Risk Parity,V,0.02495919750124809,Equity,Financials,risk_parity,True
2021-09-01,Sentiment Tilt Risk Parity,WFC,0.01984137352778636,Equity,Financials,risk_parity,True
2021-09-01,Sentiment Tilt Risk Parity,ABBV,0.015423739244316793,Equity,Healthcare,risk_parity,True
2021-09-01,Sentiment Tilt Risk Parity,ABT,0.018894500327415874,Equity,Healthcare,risk_parity,True
2021-09-01,Sentiment Tilt Risk Parity,AMGN,0.013932604218400785,Equity,Healthcare,risk_parity,True
2021-09-01,Sentiment Tilt Risk Parity,GILD,0.018509092365668955,Equity,Healthcare,risk_parity,True
2021-09-01,Sentiment Tilt Risk Parity,MRK,0.02099014863008574,Equity,Healthcare,risk_parity,True
2021-09-01,Sentiment Tilt Risk Parity,BA,0.015055200469263232,Equity,Industrials,risk_parity,True
2021-09-01,Sentiment Tilt Risk Parity,CAT,0.025219086676163682,Equity,Industrials,risk_parity,True
2021-09-01,Sentiment Tilt Risk Parity,GE,0.02233647133189046,Equity,Industrials,risk_parity,True
2021-09-01,Sentiment Tilt Risk Parity,MMM,0.038754677045800975,Equity,Industrials,risk_parity,True
2021-09-01,Sentiment Tilt Risk Parity,UPS,0.030153595023420077,Equity,Industrials,risk_parity,True
2021-09-01,Sentiment Tilt Risk Parity,DD,0.014861373862843854,Equity,Materials,risk_parity,True
2021-09-01,Sentiment Tilt Risk Parity,DOW,0.014083560476395671,Equity,Materials,risk_parity,True
2021-09-01,Sentiment Tilt Risk Parity,NEM,0.020939782486806273,Equity,Materials,risk_parity,True
2021-09-01,Sentiment Tilt Risk Parity,NUE,0.012846500660471381,Equity,Materials,risk_parity,True
2021-09-01,Sentiment Tilt Risk Parity,SHW,0.027359598333988655,Equity,Materials,risk_parity,True
2021-09-01,Sentiment Tilt Risk Parity,AMT,0.0248610237310758,Equity,RealEstate,risk_parity,True
2021-09-01,Sentiment Tilt Risk Parity,CCI,0.029395852901105128,Equity,RealEstate,risk_parity,True
2021-09-01,Sentiment Tilt Risk Parity,O,0.02050250876239078,Equity,RealEstate,risk_parity,True
2021-09-01,Sentiment Tilt Risk Parity,PLD,0.01997884749527105,Equity,RealEstate,risk_parity,True
2021-09-01,Sentiment Tilt Risk Parity,PSA,0.03705708818650136,Equity,RealEstate,risk_parity,True
2021-09-01,Sentiment Tilt Risk Parity,ADBE,0.014725912715350767,Equity,Tech,risk_parity,True
2021-09-01,Sentiment Tilt Risk Parity,AMD,0.0131580956136692,Equity,Tech,risk_parity,True
2021-09-01,Sentiment Tilt Risk Parity,INTC,0.012318039281074724,Equity,Tech,risk_parity,True
2021-09-01,Sentiment Tilt Risk Parity,NVDA,0.010740220214329943,Equity,Tech,risk_parity,True
2021-09-01,Sentiment Tilt Risk Parity,QCOM,0.009990863643133958,Equity,Tech,risk_parity,True
2021-09-01,Sentiment Tilt Risk Parity,AEP,0.01728986779656567,Equity,Utilities,risk_parity,True
2021-09-01,Sentiment Tilt Risk Parity,D,0.015722460908994085,Equity,Utilities,risk_parity,True
2021-09-01,Sentiment Tilt Risk Parity,DUK,0.015301579947361395,Equity,Utilities,risk_parity,True
2021-09-01,Sentiment Tilt Risk Parity,NEE,0.011742192681358312,Equity,Utilities,risk_parity,True
2021-09-01,Sentiment Tilt Risk Parity,SO,0.013495440937124265,Equity,Utilities,risk_parity,True
2021-10-01,Sentiment Tilt Risk Parity,CMCSA,0.016732716584407278,Equity,Comm,risk_parity,True
2021-10-01,Sentiment Tilt Risk Parity,EA,0.03247730791396218,Equity,Comm,risk_parity,True
2021-10-01,Sentiment Tilt Risk Parity,T,0.03023658244493708,Equity,Comm,risk_parity,True
2021-10-01,Sentiment Tilt Risk Parity,TMUS,0.022125773982567855,Equity,Comm,risk_parity,True
2021-10-01,Sentiment Tilt Risk Parity,TTWO,0.030273564220405867,Equity,Comm,risk_parity,True
2021-10-01,Sentiment Tilt Risk Parity,DIS,0.014183012436860765,Equity,Consumer,risk_parity,True
2021-10-01,Sentiment Tilt Risk Parity,KO,0.02015867086752893,Equity,Consumer,risk_parity,True
2021-10-01,Sentiment Tilt Risk Parity,NKE,0.016857989026335025,Equity,Consumer,risk_parity,True
2021-10-01,Sentiment Tilt Risk Parity,SBUX,0.016474623538567254,Equity,Consumer,risk_parity,True
2021-10-01,Sentiment Tilt Risk Parity,WMT,0.027250750610543256,Equity,Consumer,risk_parity,True
2021-10-01,Sentiment Tilt Risk Parity,COP,0.011233948348219556,Equity,Energy,risk_parity,True
2021-10-01,Sentiment Tilt Risk Parity,CVX,0.01371422455534813,Equity,Energy,risk_parity,True
2021-10-01,Sentiment Tilt Risk Parity,OXY,0.008726032331557236,Equity,Energy,risk_parity,True
2021-10-01,Sentiment Tilt Risk Parity,SLB,0.010753187820253066,Equity,Energy,risk_parity,True
2021-10-01,Sentiment Tilt Risk Parity,XOM,0.012885963918868414,Equity,Energy,risk_parity,True
2021-10-01,Sentiment Tilt Risk Parity,GS,0.0145578961284784,Equity,Financials,risk_parity,True
2021-10-01,Sentiment Tilt Risk Parity,MS,0.012662777499194248,Equity,Financials,risk_parity,True
2021-10-01,Sentiment Tilt Risk Parity,USB,0.01287636711298498,Equity,Financials,risk_parity,True
2021-10-01,Sentiment Tilt Risk Parity,V,0.015167939706560099,Equity,Financials,risk_parity,True
2021-10-01,Sentiment Tilt Risk Parity,WFC,0.01144118850616668,Equity,Financials,risk_parity,True
2021-10-01,Sentiment Tilt Risk Parity,ABBV,0.013103641018650294,Equity,Healthcare,risk_parity,True
2021-10-01,Sentiment Tilt Risk Parity,ABT,0.018212932598062056,Equity,Healthcare,risk_parity,True
2021-10-01,Sentiment Tilt Risk Parity,AMGN,0.013074669045988783,Equity,Healthcare,risk_parity,True
2021-10-01,Sentiment Tilt Risk Parity,GILD,0.01628113310481598,Equity,Healthcare,risk_parity,True
2021-10-01,Sentiment Tilt Risk Parity,MRK,0.019554214880143337,Equity,Healthcare,risk_parity,True
2021-10-01,Sentiment Tilt Risk Parity,BA,0.012434846783960675,Equity,Industrials,risk_parity,True
2021-10-01,Sentiment Tilt Risk Parity,CAT,0.019005616515576126,Equity,Industrials,risk_parity,True
2021-10-01,Sentiment Tilt Risk Parity,GE,0.018964954731960706,Equity,Industrials,risk_parity,True
2021-10-01,Sentiment Tilt Risk Parity,MMM,0.03199731199401647,Equity,Industrials,risk_parity,True
2021-10-01,Sentiment Tilt Risk Parity,UPS,0.024302708727737616,Equity,Industrials,risk_parity,True
2021-10-01,Sentiment Tilt Risk Parity,DD,0.019442155252643662,Equity,Materials,risk_parity,True
2021-10-01,Sentiment Tilt Risk Parity,DOW,0.017329094416023795,Equity,Materials,risk_parity,True
2021-10-01,Sentiment Tilt Risk Parity,NEM,0.02775671830112322,Equity,Materials,risk_parity,True
2021-10-01,Sentiment Tilt Risk Parity,NUE,0.015143169393424175,Equity,Materials,risk_parity,True
2021-10-01,Sentiment Tilt Risk Parity,SHW,0.03545803063672432,Equity,Materials,risk_parity,True
2021-10-01,Sentiment Tilt Risk Parity,AMT,0.03404879890208528,Equity,RealEstate,risk_parity,True
2021-10-01,Sentiment Tilt Risk Parity,CCI,0.043301037228338016,Equity,RealEstate,risk_parity,True
2021-10-01,Sentiment Tilt Risk Parity,O,0.025868068514472917,Equity,RealEstate,risk_parity,True
2021-10-01,Sentiment Tilt Risk Parity,PLD,0.02794450341798542,Equity,RealEstate,risk_parity,True
2021-10-01,Sentiment Tilt Risk Parity,PSA,0.047128399584538704,Equity,RealEstate,risk_parity,True
2021-10-01,Sentiment Tilt Risk Parity,ADBE,0.02534475615798116,Equity,Tech,risk_parity,True
2021-10-01,Sentiment Tilt Risk Parity,AMD,0.021666834041193874,Equity,Tech,risk_parity,True
2021-10-01,Sentiment Tilt Risk Parity,INTC,0.019853755932895824,Equity,Tech,risk_parity,True
2021-10-01,Sentiment Tilt Risk Parity,NVDA,0.019718136062677718,Equity,Tech,risk_parity,True
2021-10-01,Sentiment Tilt Risk Parity,QCOM,0.016404095404220543,Equity,Tech,risk_parity,True
2021-10-01,Sentiment Tilt Risk Parity,AEP,0.015020293556861951,Equity,Utilities,risk_parity,True
2021-10-01,Sentiment Tilt Risk Parity,D,0.014056982149315809,Equity,Utilities,risk_parity,True
2021-10-01,Sentiment Tilt Risk Parity,DUK,0.014588094817449939,Equity,Utilities,risk_parity,True
2021-10-01,Sentiment Tilt Risk Parity,NEE,0.010577616266251207,Equity,Utilities,risk_parity,True
2021-10-01,Sentiment Tilt Risk Parity,SO,0.011626913009134172,Equity,Utilities,risk_parity,True
2021-11-01,Sentiment Tilt Risk Parity,CMCSA,0.0202114598374882,Equity,Comm,risk_parity,True
2021-11-01,Sentiment Tilt Risk Parity,EA,0.03976492728652826,Equity,Comm,risk_parity,True
2021-11-01,Sentiment Tilt Risk Parity,T,0.03612665164912532,Equity,Comm,risk_parity,True
2021-11-01,Sentiment Tilt Risk Parity,TMUS,0.02771555649925988,Equity,Comm,risk_parity,True
2021-11-01,Sentiment Tilt Risk Parity,TTWO,0.03483803900213476,Equity,Comm,risk_parity,True
2021-11-01,Sentiment Tilt Risk Parity,DIS,0.012319346314991262,Equity,Consumer,risk_parity,True
2021-11-01,Sentiment Tilt Risk Parity,KO,0.01940143804396925,Equity,Consumer,risk_parity,True
2021-11-01,Sentiment Tilt Risk Parity,NKE,0.014835472525748027,Equity,Consumer,risk_parity,True
2021-11-01,Sentiment Tilt Risk Parity,SBUX,0.014706563996138589,Equity,Consumer,risk_parity,True
2021-11-01,Sentiment Tilt Risk Parity,WMT,0.02366594981251323,Equity,Consumer,risk_parity,True
2021-11-01,Sentiment Tilt Risk Parity,COP,0.017674007805782415,Equity,Energy,risk_parity,True
2021-11-01,Sentiment Tilt Risk Parity,CVX,0.020174598653658567,Equity,Energy,risk_parity,True
2021-11-01,Sentiment Tilt Risk Parity,OXY,0.01314619767232246,Equity,Energy,risk_parity,True
2021-11-01,Sentiment Tilt Risk Parity,SLB,0.015241509848305973,Equity,Energy,risk_parity,True
2021-11-01,Sentiment Tilt Risk Parity,XOM,0.019035877465206647,Equity,Energy,risk_parity,True
2021-11-01,Sentiment Tilt Risk Parity,GS,0.019868563723427997,Equity,Financials,risk_parity,True
2021-11-01,Sentiment Tilt Risk Parity,MS,0.01716200709860785,Equity,Financials,risk_parity,True
2021-11-01,Sentiment Tilt Risk Parity,USB,0.01798292252011995,Equity,Financials,risk_parity,True
2021-11-01,Sentiment Tilt Risk Parity,V,0.020063503813743715,Equity,Financials,risk_parity,True
2021-11-01,Sentiment Tilt Risk Parity,WFC,0.016169198603277864,Equity,Financials,risk_parity,True
2021-11-01,Sentiment Tilt Risk Parity,ABBV,0.015412770325876167,Equity,Healthcare,risk_parity,True
2021-11-01,Sentiment Tilt Risk Parity,ABT,0.021361246152713224,Equity,Healthcare,risk_parity,True
2021-11-01,Sentiment Tilt Risk Parity,AMGN,0.014563632177464193,Equity,Healthcare,risk_parity,True
2021-11-01,Sentiment Tilt Risk Parity,GILD,0.01899567097721324,Equity,Healthcare,risk_parity,True
2021-11-01,Sentiment Tilt Risk Parity,MRK,0.019655618947916703,Equity,Healthcare,risk_parity,True
2021-11-01,Sentiment Tilt Risk Parity,BA,0.007988517488462733,Equity,Industrials,risk_parity,True
2021-11-01,Sentiment Tilt Risk Parity,CAT,0.011511300703380016,Equity,Industrials,risk_parity,True
2021-11-01,Sentiment Tilt Risk Parity,GE,0.010348754984780011,Equity,Industrials,risk_parity,True
2021-11-01,Sentiment Tilt Risk Parity,MMM,0.0193097347602998,Equity,Industrials,risk_parity,True
2021-11-01,Sentiment Tilt Risk Parity,UPS,0.016058202034383438,Equity,Industrials,risk_parity,True
2021-11-01,Sentiment Tilt Risk Parity,DD,0.014581490039459946,Equity,Materials,risk_parity,True
2021-11-01,Sentiment Tilt Risk Parity,DOW,0.012684228051987266,Equity,Materials,risk_parity,True
2021-11-01,Sentiment Tilt Risk Parity,NEM,0.02323209262309504,Equity,Materials,risk_parity,True
2021-11-01,Sentiment Tilt Risk Parity,NUE,0.011710309320383912,Equity,Materials,risk_parity,True
2021-11-01,Sentiment Tilt Risk Parity,SHW,0.025690868098790752,Equity,Materials,risk_parity,True
2021-11-01,Sentiment Tilt Risk Parity,AMT,0.029957249283561523,Equity,RealEstate,risk_parity,True
2021-11-01,Sentiment Tilt Risk Parity,CCI,0.03567176154946305,Equity,RealEstate,risk_parity,True
2021-11-01,Sentiment Tilt Risk Parity,O,0.02276673594232191,Equity,RealEstate,risk_parity,True
2021-11-01,Sentiment Tilt Risk Parity,PLD,0.025454885001813633,Equity,RealEstate,risk_parity,True
2021-11-01,Sentiment Tilt Risk Parity,PSA,0.042485307503185125,Equity,RealEstate,risk_parity,True
2021-11-01,Sentiment Tilt Risk Parity,ADBE,0.01838172616600344,Equity,Tech,risk_parity,True
2021-11-01,Sentiment Tilt Risk Parity,AMD,0.015771671327481532,Equity,Tech,risk_parity,True
2021-11-01,Sentiment Tilt Risk Parity,INTC,0.013550847697755483,Equity,Tech,risk_parity,True
2021-11-01,Sentiment Tilt Risk Parity,NVDA,0.013863775291191795,Equity,Tech,risk_parity,True
2021-11-01,Sentiment Tilt Risk Parity,QCOM,0.011066986649888423,Equity,Tech,risk_parity,True
2021-11-01,Sentiment Tilt Risk Parity,AEP,0.024686577441748132,Equity,Utilities,risk_parity,True
2021-11-01,Sentiment Tilt Risk Parity,D,0.022454968742747418,Equity,Utilities,risk_parity,True
2021-11-01,Sentiment Tilt Risk Parity,DUK,0.024476166618591335,Equity,Utilities,risk_parity,True
2021-11-01,Sentiment Tilt Risk Parity,NEE,0.016925948495856914,Equity,Utilities,risk_parity,True
2021-11-01,Sentiment Tilt Risk Parity,SO,0.019277163429833613,Equity,Utilities,risk_parity,True
2021-12-01,Sentiment Tilt Risk Parity,CMCSA,0.015031235655331944,Equity,Comm,risk_parity,True
2021-12-01,Sentiment Tilt Risk Parity,EA,0.027735987806869374,Equity,Comm,risk_parity,True
2021-12-01,Sentiment Tilt Risk Parity,T,0.025440035134649062,Equity,Comm,risk_parity,True
2021-12-01,Sentiment Tilt Risk Parity,TMUS,0.017340971419759207,Equity,Comm,risk_parity,True
2021-12-01,Sentiment Tilt Risk Parity,TTWO,0.022768286744520427,Equity,Comm,risk_parity,True
2021-12-01,Sentiment Tilt Risk Parity,DIS,0.025273019421867403,Equity,Consumer,risk_parity,True
2021-12-01,Sentiment Tilt Risk Parity,KO,0.036680990346419404,Equity,Consumer,risk_parity,True
2021-12-01,Sentiment Tilt Risk Parity,NKE,0.0272984082694905,Equity,Consumer,risk_parity,True
2021-12-01,Sentiment Tilt Risk Parity,SBUX,0.02765854078782007,Equity,Consumer,risk_parity,True
2021-12-01,Sentiment Tilt Risk Parity,WMT,0.04320140689400631,Equity,Consumer,risk_parity,True
2021-12-01,Sentiment Tilt Risk Parity,COP,0.006450993790530336,Equity,Energy,risk_parity,True
2021-12-01,Sentiment Tilt Risk Parity,CVX,0.007936414172884433,Equity,Energy,risk_parity,True
2021-12-01,Sentiment Tilt Risk Parity,OXY,0.0048619054758557365,Equity,Energy,risk_parity,True
2021-12-01,Sentiment Tilt Risk Parity,SLB,0.005284260966879783,Equity,Energy,risk_parity,True
2021-12-01,Sentiment Tilt Risk Parity,XOM,0.006953902832522929,Equity,Energy,risk_parity,True
2021-12-01,Sentiment Tilt Risk Parity,GS,0.02149448524587621,Equity,Financials,risk_parity,True
2021-12-01,Sentiment Tilt Risk Parity,MS,0.018816371577514365,Equity,Financials,risk_parity,True
2021-12-01,Sentiment Tilt Risk Parity,USB,0.01950017521646443,Equity,Financials,risk_parity,True
2021-12-01,Sentiment Tilt Risk Parity,V,0.02251818875145486,Equity,Financials,risk_parity,True
2021-12-01,Sentiment Tilt Risk Parity,WFC,0.01699298776616631,Equity,Financials,risk_parity,True
2021-12-01,Sentiment Tilt Risk Parity,ABBV,0.018752569533268856,Equity,Healthcare,risk_parity,True
2021-12-01,Sentiment Tilt Risk Parity,ABT,0.026302338860025726,Equity,Healthcare,risk_parity,True
2021-12-01,Sentiment Tilt Risk Parity,AMGN,0.017661020732019857,Equity,Healthcare,risk_parity,True
2021-12-01,Sentiment Tilt Risk Parity,GILD,0.02239716879403993,Equity,Healthcare,risk_parity,True
2021-12-01,Sentiment Tilt Risk Parity,MRK,0.023211830777127147,Equity,Healthcare,risk_parity,True
2021-12-01,Sentiment Tilt Risk Parity,BA,0.011561643052813628,Equity,Industrials,risk_parity,True
2021-12-01,Sentiment Tilt Risk Parity,CAT,0.013338984220374312,Equity,Industrials,risk_parity,True
2021-12-01,Sentiment Tilt Risk Parity,GE,0.012480206616324225,Equity,Industrials,risk_parity,True
2021-12-01,Sentiment Tilt Risk Parity,MMM,0.02308012236184584,Equity,Industrials,risk_parity,True
2021-12-01,Sentiment Tilt Risk Parity,UPS,0.01898965994319049,Equity,Industrials,risk_parity,True
2021-12-01,Sentiment Tilt Risk Parity,DD,0.017044895289047714,Equity,Materials,risk_parity,True
2021-12-01,Sentiment Tilt Risk Parity,DOW,0.015982259467828816,Equity,Materials,risk_parity,True
2021-12-01,Sentiment Tilt Risk Parity,NEM,0.02694027031592031,Equity,Materials,risk_parity,True
2021-12-01,Sentiment Tilt Risk Parity,NUE,0.014175933817907762,Equity,Materials,risk_parity,True
2021-12-01,Sentiment Tilt Risk Parity,SHW,0.029414694731195633,Equity,Materials,risk_parity,True
2021-12-01,Sentiment Tilt Risk Parity,AMT,0.018466828949941953,Equity,RealEstate,risk_parity,True
2021-12-01,Sentiment Tilt Risk Parity,CCI,0.019878416415782408,Equity,RealEstate,risk_parity,True
2021-12-01,Sentiment Tilt Risk Parity,O,0.017466059478825086,Equity,RealEstate,risk_parity,True
2021-12-01,Sentiment Tilt Risk Parity,PLD,0.014974345730899223,Equity,RealEstate,risk_parity,True
2021-12-01,Sentiment Tilt Risk Parity,PSA,0.025913961956659546,Equity,RealEstate,risk_parity,True
2021-12-01,Sentiment Tilt Risk Parity,ADBE,0.014201621721118057,Equity,Tech,risk_parity,True
2021-12-01,Sentiment Tilt Risk Parity,AMD,0.011288423664087367,Equity,Tech,risk_parity,True
2021-12-01,Sentiment Tilt Risk Parity,INTC,0.010847529383716203,Equity,Tech,risk_parity,True
2021-12-01,Sentiment Tilt Risk Parity,NVDA,0.009828868416301102,Equity,Tech,risk_parity,True
2021-12-01,Sentiment Tilt Risk Parity,QCOM,0.009394962660550902,Equity,Tech,risk_parity,True
2021-12-01,Sentiment Tilt Risk Parity,AEP,0.03475410202525313,Equity,Utilities,risk_parity,True
2021-12-01,Sentiment Tilt Risk Parity,D,0.03165703172697769,Equity,Utilities,risk_parity,True
2021-12-01,Sentiment Tilt Risk Parity,DUK,0.037474741732029936,Equity,Utilities,risk_parity,True
2021-12-01,Sentiment Tilt Risk Parity,NEE,0.02373522462753657,Equity,Utilities,risk_parity,True
2021-12-01,Sentiment Tilt Risk Parity,SO,0.029545714720507595,Equity,Utilities,risk_parity,True
2022-01-03,Sentiment Tilt Risk Parity,CMCSA,0.012446271849329293,Equity,Comm,risk_parity,True
2022-01-03,Sentiment Tilt Risk Parity,EA,0.02121268214612469,Equity,Comm,risk_parity,True
2022-01-03,Sentiment Tilt Risk Parity,T,0.019991715747376532,Equity,Comm,risk_parity,True
2022-01-03,Sentiment Tilt Risk Parity,TMUS,0.013455946398209392,Equity,Comm,risk_parity,True
2022-01-03,Sentiment Tilt Risk Parity,TTWO,0.018016953609592674,Equity,Comm,risk_parity,True
2022-01-03,Sentiment Tilt Risk Parity,DIS,0.01657514236993961,Equity,Consumer,risk_parity,True
2022-01-03,Sentiment Tilt Risk Parity,KO,0.02370516804657366,Equity,Consumer,risk_parity,True
2022-01-03,Sentiment Tilt Risk Parity,NKE,0.017299880182760352,Equity,Consumer,risk_parity,True
2022-01-03,Sentiment Tilt Risk Parity,SBUX,0.016809323612247982,Equity,Consumer,risk_parity,True
2022-01-03,Sentiment Tilt Risk Parity,WMT,0.028196473086146236,Equity,Consumer,risk_parity,True
2022-01-03,Sentiment Tilt Risk Parity,COP,0.019323329942839557,Equity,Energy,risk_parity,True
2022-01-03,Sentiment Tilt Risk Parity,CVX,0.02427198802084654,Equity,Energy,risk_parity,True
2022-01-03,Sentiment Tilt Risk Parity,OXY,0.015314345058677702,Equity,Energy,risk_parity,True
2022-01-03,Sentiment Tilt Risk Parity,SLB,0.016580477099682658,Equity,Energy,risk_parity,True
2022-01-03,Sentiment Tilt Risk Parity,XOM,0.021933600299760582,Equity,Energy,risk_parity,True
2022-01-03,Sentiment Tilt Risk Parity,GS,0.01622105262799509,Equity,Financials,risk_parity,True
2022-01-03,Sentiment Tilt Risk Parity,MS,0.014635437617488556,Equity,Financials,risk_parity,True
2022-01-03,Sentiment Tilt Risk Parity,USB,0.014999455323620564,Equity,Financials,risk_parity,True
2022-01-03,Sentiment Tilt Risk Parity,V,0.016748322703180676,Equity,Financials,risk_parity,True
2022-01-03,Sentiment Tilt Risk Parity,WFC,0.013028490689811047,Equity,Financials,risk_parity,True
2022-01-03,Sentiment Tilt Risk Parity,ABBV,0.026340631286653714,Equity,Healthcare,risk_parity,True
2022-01-03,Sentiment Tilt Risk Parity,ABT,0.035389110659389496,Equity,Healthcare,risk_parity,True
2022-01-03,Sentiment Tilt Risk Parity,AMGN,0.02492075230026534,Equity,Healthcare,risk_parity,True
2022-01-03,Sentiment Tilt Risk Parity,GILD,0.033141674135194525,Equity,Healthcare,risk_parity,True
2022-01-03,Sentiment Tilt Risk Parity,MRK,0.03485128442283191,Equity,Healthcare,risk_parity,True
2022-01-03,Sentiment Tilt Risk Parity,BA,0.008692396664721732,Equity,Industrials,risk_parity,True
2022-01-03,Sentiment Tilt Risk Parity,CAT,0.011088410462701117,Equity,Industrials,risk_parity,True
2022-01-03,Sentiment Tilt Risk Parity,GE,0.010332445678367486,Equity,Industrials,risk_parity,True
2022-01-03,Sentiment Tilt Risk Parity,MMM,0.019107384141674854,Equity,Industrials,risk_parity,True
2022-01-03,Sentiment Tilt Risk Parity,UPS,0.014491707543383393,Equity,Industrials,risk_parity,True
2022-01-03,Sentiment Tilt Risk Parity,DD,0.01073069971271432,Equity,Materials,risk_parity,True
2022-01-03,Sentiment Tilt Risk Parity,DOW,0.010046573734818352,Equity,Materials,risk_parity,True
2022-01-03,Sentiment Tilt Risk Parity,NEM,0.017809789615731677,Equity,Materials,risk_parity,True
2022-01-03,Sentiment Tilt Risk Parity,NUE,0.00956809608972883,Equity,Materials,risk_parity,True
2022-01-03,Sentiment Tilt Risk Parity,SHW,0.01739894028001725,Equity,Materials,risk_parity,True
2022-01-03,Sentiment Tilt Risk Parity,AMT,0.021482869647773378,Equity,RealEstate,risk_parity,True
2022-01-03,Sentiment Tilt Risk Parity,CCI,0.022827817700320593,Equity,RealEstate,risk_parity,True
2022-01-03,Sentiment Tilt Risk Parity,O,0.020147825399363297,Equity,RealEstate,risk_parity,True
2022-01-03,Sentiment Tilt Risk Parity,PLD,0.01848543060107538,Equity,RealEstate,risk_parity,True
2022-01-03,Sentiment Tilt Risk Parity,PSA,0.02908280745957913,Equity,RealEstate,risk_parity,True
2022-01-03,Sentiment Tilt Risk Parity,ADBE,0.029139657807402145,Equity,Tech,risk_parity,True
2022-01-03,Sentiment Tilt Risk Parity,AMD,0.023603630261004076,Equity,Tech,risk_parity,True
2022-01-03,Sentiment Tilt Risk Parity,INTC,0.024214197647149893,Equity,Tech,risk_parity,True
2022-01-03,Sentiment Tilt Risk Parity,NVDA,0.020347799753158206,Equity,Tech,risk_parity,True
2022-01-03,Sentiment Tilt Risk Parity,QCOM,0.022093974708183813,Equity,Tech,risk_parity,True
2022-01-03,Sentiment Tilt Risk Parity,AEP,0.02731533137759843,Equity,Utilities,risk_parity,True
2022-01-03,Sentiment Tilt Risk Parity,D,0.024161742621730677,Equity,Utilities,risk_parity,True
2022-01-03,Sentiment Tilt Risk Parity,DUK,0.029458543488960702,Equity,Utilities,risk_parity,True
2022-01-03,Sentiment Tilt Risk Parity,NEE,0.018973243839239973,Equity,Utilities,risk_parity,True
2022-01-03,Sentiment Tilt Risk Parity,SO,0.023989174527063083,Equity,Utilities,risk_parity,True
2022-02-01,Sentiment Tilt Risk Parity,CMCSA,0.015926993057517012,Equity,Comm,risk_parity,True
2022-02-01,Sentiment Tilt Risk Parity,EA,0.025833550851475408,Equity,Comm,risk_parity,True
2022-02-01,Sentiment Tilt Risk Parity,T,0.0199326511796651,Equity,Comm,risk_parity,True
2022-02-01,Sentiment Tilt Risk Parity,TMUS,0.017257104405573247,Equity,Comm,risk_parity,True
2022-02-01,Sentiment Tilt Risk Parity,TTWO,0.021130157652638513,Equity,Comm,risk_parity,True
2022-02-01,Sentiment Tilt Risk Parity,DIS,0.01649161790556988,Equity,Consumer,risk_parity,True
2022-02-01,Sentiment Tilt Risk Parity,KO,0.024445512053658316,Equity,Consumer,risk_parity,True
2022-02-01,Sentiment Tilt Risk Parity,NKE,0.017786715989325075,Equity,Consumer,risk_parity,True
2022-02-01,Sentiment Tilt Risk Parity,SBUX,0.018563920240993532,Equity,Consumer,risk_parity,True
2022-02-01,Sentiment Tilt Risk Parity,WMT,0.027493180057816483,Equity,Consumer,risk_parity,True
2022-02-01,Sentiment Tilt Risk Parity,COP,0.013514221030705124,Equity,Energy,risk_parity,True
2022-02-01,Sentiment Tilt Risk Parity,CVX,0.01796270796980244,Equity,Energy,risk_parity,True
2022-02-01,Sentiment Tilt Risk Parity,OXY,0.009859754579148733,Equity,Energy,risk_parity,True
2022-02-01,Sentiment Tilt Risk Parity,SLB,0.011471702149739568,Equity,Energy,risk_parity,True
2022-02-01,Sentiment Tilt Risk Parity,XOM,0.01485568374399343,Equity,Energy,risk_parity,True
2022-02-01,Sentiment Tilt Risk Parity,GS,0.016271637101039172,Equity,Financials,risk_parity,True
2022-02-01,Sentiment Tilt Risk Parity,MS,0.016732141054584943,Equity,Financials,risk_parity,True
2022-02-01,Sentiment Tilt Risk Parity,USB,0.0161690032426852,Equity,Financials,risk_parity,True
2022-02-01,Sentiment Tilt Risk Parity,V,0.016768808204783985,Equity,Financials,risk_parity,True
2022-02-01,Sentiment Tilt Risk Parity,WFC,0.015149592533478912,Equity,Financials,risk_parity,True
2022-02-01,Sentiment Tilt Risk Parity,ABBV,0.028263741223831396,Equity,Healthcare,risk_parity,True
2022-02-01,Sentiment Tilt Risk Parity,ABT,0.02882142205662911,Equity,Healthcare,risk_parity,True
2022-02-01,Sentiment Tilt Risk Parity,AMGN,0.02366503062592762,Equity,Healthcare,risk_parity,True
2022-02-01,Sentiment Tilt Risk Parity,GILD,0.028382718716788925,Equity,Healthcare,risk_parity,True
2022-02-01,Sentiment Tilt Risk Parity,MRK,0.03763800750784862,Equity,Healthcare,risk_parity,True
2022-02-01,Sentiment Tilt Risk Parity,BA,0.012706932921741403,Equity,Industrials,risk_parity,True
2022-02-01,Sentiment Tilt Risk Parity,CAT,0.017822625185094604,Equity,Industrials,risk_parity,True
2022-02-01,Sentiment Tilt Risk Parity,GE,0.013994455350135345,Equity,Industrials,risk_parity,True
2022-02-01,Sentiment Tilt Risk Parity,MMM,0.0242055284105002,Equity,Industrials,risk_parity,True
2022-02-01,Sentiment Tilt Risk Parity,UPS,0.020682610296613172,Equity,Industrials,risk_parity,True
2022-02-01,Sentiment Tilt Risk Parity,DD,0.007028097634451018,Equity,Materials,risk_parity,True
2022-02-01,Sentiment Tilt Risk Parity,DOW,0.006962778396452336,Equity,Materials,risk_parity,True
2022-02-01,Sentiment Tilt Risk Parity,NEM,0.011873137194120276,Equity,Materials,risk_parity,True
2022-02-01,Sentiment Tilt Risk Parity,NUE,0.005767271658576853,Equity,Materials,risk_parity,True
2022-02-01,Sentiment Tilt Risk Parity,SHW,0.011000160163935584,Equity,Materials,risk_parity,True
2022-02-01,Sentiment Tilt Risk Parity,AMT,0.03230820421923407,Equity,RealEstate,risk_parity,True
2022-02-01,Sentiment Tilt Risk Parity,CCI,0.033545128249814565,Equity,RealEstate,risk_parity,True
2022-02-01,Sentiment Tilt Risk Parity,O,0.03304600959009457,Equity,RealEstate,risk_parity,True
2022-02-01,Sentiment Tilt Risk Parity,PLD,0.031588083126763866,Equity,RealEstate,risk_parity,True
2022-02-01,Sentiment Tilt Risk Parity,PSA,0.046934438918561236,Equity,RealEstate,risk_parity,True
2022-02-01,Sentiment Tilt Risk Parity,ADBE,0.014489790900852355,Equity,Tech,risk_parity,True
2022-02-01,Sentiment Tilt Risk Parity,AMD,0.010733248099795936,Equity,Tech,risk_parity,True
2022-02-01,Sentiment Tilt Risk Parity,INTC,0.01316321970314305,Equity,Tech,risk_parity,True
2022-02-01,Sentiment Tilt Risk Parity,NVDA,0.009395186372269125,Equity,Tech,risk_parity,True
2022-02-01,Sentiment Tilt Risk Parity,QCOM,0.011370853281310302,Equity,Tech,risk_parity,True
2022-02-01,Sentiment Tilt Risk Parity,AEP,0.028201511023245623,Equity,Utilities,risk_parity,True
2022-02-01,Sentiment Tilt Risk Parity,D,0.023831111023644998,Equity,Utilities,risk_parity,True
2022-02-01,Sentiment Tilt Risk Parity,DUK,0.02961913721031948,Equity,Utilities,risk_parity,True
2022-02-01,Sentiment Tilt Risk Parity,NEE,0.02167786730627729,Equity,Utilities,risk_parity,True
2022-02-01,Sentiment Tilt Risk Parity,SO,0.027665038627832844,Equity,Utilities,risk_parity,True
2022-03-01,Sentiment Tilt Risk Parity,CMCSA,0.023460238521302836,Equity,Comm,risk_parity,True
2022-03-01,Sentiment Tilt Risk Parity,EA,0.0392621780341257,Equity,Comm,risk_parity,True
2022-03-01,Sentiment Tilt Risk Parity,T,0.030240606401047792,Equity,Comm,risk_parity,True
2022-03-01,Sentiment Tilt Risk Parity,TMUS,0.026717219171505425,Equity,Comm,risk_parity,True
2022-03-01,Sentiment Tilt Risk Parity,TTWO,0.03482182546381145,Equity,Comm,risk_parity,True
2022-03-01,Sentiment Tilt Risk Parity,DIS,0.026295436575158065,Equity,Consumer,risk_parity,True
2022-03-01,Sentiment Tilt Risk Parity,KO,0.03694886170943837,Equity,Consumer,risk_parity,True
2022-03-01,Sentiment Tilt Risk Parity,NKE,0.024289467634287867,Equity,Consumer,risk_parity,True
2022-03-01,Sentiment Tilt Risk Parity,SBUX,0.02379306912831308,Equity,Consumer,risk_parity,True
2022-03-01,Sentiment Tilt Risk Parity,WMT,0.04250858188157162,Equity,Consumer,risk_parity,True
2022-03-01,Sentiment Tilt Risk Parity,COP,0.013766180809317697,Equity,Energy,risk_parity,True
2022-03-01,Sentiment Tilt Risk Parity,CVX,0.018243038520150943,Equity,Energy,risk_parity,True
2022-03-01,Sentiment Tilt Risk Parity,OXY,0.011768545846421194,Equity,Energy,risk_parity,True
2022-03-01,Sentiment Tilt Risk Parity,SLB,0.012043957593353674,Equity,Energy,risk_parity,True
2022-03-01,Sentiment Tilt Risk Parity,XOM,0.016084014447814196,Equity,Energy,risk_parity,True
2022-03-01,Sentiment Tilt Risk Parity,GS,0.007607349695288451,Equity,Financials,risk_parity,True
2022-03-01,Sentiment Tilt Risk Parity,MS,0.007536403479524055,Equity,Financials,risk_parity,True
2022-03-01,Sentiment Tilt Risk Parity,USB,0.007575635085825262,Equity,Financials,risk_parity,True
2022-03-01,Sentiment Tilt Risk Parity,V,0.007746722199736888,Equity,Financials,risk_parity,True
2022-03-01,Sentiment Tilt Risk Parity,WFC,0.007055907157860678,Equity,Financials,risk_parity,True
2022-03-01,Sentiment Tilt Risk Parity,ABBV,0.024011610210449584,Equity,Healthcare,risk_parity,True
2022-03-01,Sentiment Tilt Risk Parity,ABT,0.021752111376764485,Equity,Healthcare,risk_parity,True
2022-03-01,Sentiment Tilt Risk Parity,AMGN,0.018405294244890822,Equity,Healthcare,risk_parity,True
2022-03-01,Sentiment Tilt Risk Parity,GILD,0.027131103809977616,Equity,Healthcare,risk_parity,True
2022-03-01,Sentiment Tilt Risk Parity,MRK,0.028543253188043443,Equity,Healthcare,risk_parity,True
2022-03-01,Sentiment Tilt Risk Parity,BA,0.015485074802776841,Equity,Industrials,risk_parity,True
2022-03-01,Sentiment Tilt Risk Parity,CAT,0.019780917446532372,Equity,Industrials,risk_parity,True
2022-03-01,Sentiment Tilt Risk Parity,GE,0.015991208537946645,Equity,Industrials,risk_parity,True
2022-03-01,Sentiment Tilt Risk Parity,MMM,0.023787061273358695,Equity,Industrials,risk_parity,True
2022-03-01,Sentiment Tilt Risk Parity,UPS,0.021590841674837345,Equity,Industrials,risk_parity,True
2022-03-01,Sentiment Tilt Risk Parity,DD,0.008485892061473007,Equity,Materials,risk_parity,True
2022-03-01,Sentiment Tilt Risk Parity,DOW,0.009013445026429347,Equity,Materials,risk_parity,True
2022-03-01,Sentiment Tilt Risk Parity,NEM,0.01679120155585446,Equity,Materials,risk_parity,True
2022-03-01,Sentiment Tilt Risk Parity,NUE,0.006748425863376191,Equity,Materials,risk_parity,True
2022-03-01,Sentiment Tilt Risk Parity,SHW,0.01234719645099458,Equity,Materials,risk_parity,True
2022-03-01,Sentiment Tilt Risk Parity,AMT,0.014734564244014389,Equity,RealEstate,risk_parity,True
2022-03-01,Sentiment Tilt Risk Parity,CCI,0.014591682042363673,Equity,RealEstate,risk_parity,True
2022-03-01,Sentiment Tilt Risk Parity,O,0.014824815558253598,Equity,RealEstate,risk_parity,True
2022-03-01,Sentiment Tilt Risk Parity,PLD,0.013530308896527019,Equity,RealEstate,risk_parity,True
2022-03-01,Sentiment Tilt Risk Parity,PSA,0.019592116488773948,Equity,RealEstate,risk_parity,True
2022-03-01,Sentiment Tilt Risk Parity,ADBE,0.019076723855616273,Equity,Tech,risk_parity,True
2022-03-01,Sentiment Tilt Risk Parity,AMD,0.013038202248946413,Equity,Tech,risk_parity,True
2022-03-01,Sentiment Tilt Risk Parity,INTC,0.018006324140040345,Equity,Tech,risk_parity,True
2022-03-01,Sentiment Tilt Risk Parity,NVDA,0.011715076526516379,Equity,Tech,risk_parity,True
2022-03-01,Sentiment Tilt Risk Parity,QCOM,0.013796952895505164,Equity,Tech,risk_parity,True
2022-03-01,Sentiment Tilt Risk Parity,AEP,0.034549712862169166,Equity,Utilities,risk_parity,True
2022-03-01,Sentiment Tilt Risk Parity,D,0.030462733982806682,Equity,Utilities,risk_parity,True
2022-03-01,Sentiment Tilt Risk Parity,DUK,0.033812550852932534,Equity,Utilities,risk_parity,True
2022-03-01,Sentiment Tilt Risk Parity,NEE,0.026788683318052592,Equity,Utilities,risk_parity,True
2022-03-01,Sentiment Tilt Risk Parity,SO,0.033849675207921155,Equity,Utilities,risk_parity,True
2022-04-01,Sentiment Tilt Risk Parity,CMCSA,0.01856517666174821,Equity,Comm,risk_parity,True
2022-04-01,Sentiment Tilt Risk Parity,EA,0.0299019981716395,Equity,Comm,risk_parity,True
2022-04-01,Sentiment Tilt Risk Parity,T,0.022364067534570854,Equity,Comm,risk_parity,True
2022-04-01,Sentiment Tilt Risk Parity,TMUS,0.022303375730109615,Equity,Comm,risk_parity,True
2022-04-01,Sentiment Tilt Risk Parity,TTWO,0.024957910513507445,Equity,Comm,risk_parity,True
2022-04-01,Sentiment Tilt Risk Parity,DIS,0.012618530804760041,Equity,Consumer,risk_parity,True
2022-04-01,Sentiment Tilt Risk Parity,KO,0.019349596315213064,Equity,Consumer,risk_parity,True
2022-04-01,Sentiment Tilt Risk Parity,NKE,0.011527344677858117,Equity,Consumer,risk_parity,True
2022-04-01,Sentiment Tilt Risk Parity,SBUX,0.011061599865208003,Equity,Consumer,risk_parity,True
2022-04-01,Sentiment Tilt Risk Parity,WMT,0.023736071309461905,Equity,Consumer,risk_parity,True
2022-04-01,Sentiment Tilt Risk Parity,COP,0.010535779021120666,Equity,Energy,risk_parity,True
2022-04-01,Sentiment Tilt Risk Parity,CVX,0.015254593381940617,Equity,Energy,risk_parity,True
2022-04-01,Sentiment Tilt Risk Parity,OXY,0.007975011686458335,Equity,Energy,risk_parity,True
2022-04-01,Sentiment Tilt Risk Parity,SLB,0.009653647432836048,Equity,Energy,risk_parity,True
2022-04-01,Sentiment Tilt Risk Parity,XOM,0.013015609305318457,Equity,Energy,risk_parity,True
2022-04-01,Sentiment Tilt Risk Parity,GS,0.009051213927196511,Equity,Financials,risk_parity,True
2022-04-01,Sentiment Tilt Risk Parity,MS,0.00877170475695996,Equity,Financials,risk_parity,True
2022-04-01,Sentiment Tilt Risk Parity,USB,0.009090687089202566,Equity,Financials,risk_parity,True
2022-04-01,Sentiment Tilt Risk Parity,V,0.010256059423464504,Equity,Financials,risk_parity,True
2022-04-01,Sentiment Tilt Risk Parity,WFC,0.0083225065805874,Equity,Financials,risk_parity,True
2022-04-01,Sentiment Tilt Risk Parity,ABBV,0.026822867846232935,Equity,Healthcare,risk_parity,True
2022-04-01,Sentiment Tilt Risk Parity,ABT,0.021434582894328615,Equity,Healthcare,risk_parity,True
2022-04-01,Sentiment Tilt Risk Parity,AMGN,0.020975636907835184,Equity,Healthcare,risk_parity,True
2022-04-01,Sentiment Tilt Risk Parity,GILD,0.028881551492279393,Equity,Healthcare,risk_parity,True
2022-04-01,Sentiment Tilt Risk Parity,MRK,0.03201878123266736,Equity,Healthcare,risk_parity,True
2022-04-01,Sentiment Tilt Risk Parity,BA,0.015608789113600776,Equity,Industrials,risk_parity,True
2022-04-01,Sentiment Tilt Risk Parity,CAT,0.023325610919876585,Equity,Industrials,risk_parity,True
2022-04-01,Sentiment Tilt Risk Parity,GE,0.016149144338688814,Equity,Industrials,risk_parity,True
2022-04-01,Sentiment Tilt Risk Parity,MMM,0.023772755093998704,Equity,Industrials,risk_parity,True
2022-04-01,Sentiment Tilt Risk Parity,UPS,0.021615211832698777,Equity,Industrials,risk_parity,True
2022-04-01,Sentiment Tilt Risk Parity,DD,0.01875501024742134,Equity,Materials,risk_parity,True
2022-04-01,Sentiment Tilt Risk Parity,DOW,0.021102514767319717,Equity,Materials,risk_parity,True
2022-04-01,Sentiment Tilt Risk Parity,NEM,0.05177395154020713,Equity,Materials,risk_parity,True
2022-04-01,Sentiment Tilt Risk Parity,NUE,0.016673333607023586,Equity,Materials,risk_parity,True
2022-04-01,Sentiment Tilt Risk Parity,SHW,0.029836363345774615,Equity,Materials,risk_parity,True
2022-04-01,Sentiment Tilt Risk Parity,AMT,0.016280500266153314,Equity,RealEstate,risk_parity,True
2022-04-01,Sentiment Tilt Risk Parity,CCI,0.01644764441229303,Equity,RealEstate,risk_parity,True
2022-04-01,Sentiment Tilt Risk Parity,O,0.015916022044452693,Equity,RealEstate,risk_parity,True
2022-04-01,Sentiment Tilt Risk Parity,PLD,0.014568287759590508,Equity,RealEstate,risk_parity,True
2022-04-01,Sentiment Tilt Risk Parity,PSA,0.019840314703751666,Equity,RealEstate,risk_parity,True
2022-04-01,Sentiment Tilt Risk Parity,ADBE,0.016069195733405404,Equity,Tech,risk_parity,True
2022-04-01,Sentiment Tilt Risk Parity,AMD,0.011284753683483958,Equity,Tech,risk_parity,True
2022-04-01,Sentiment Tilt Risk Parity,INTC,0.016599786788815653,Equity,Tech,risk_parity,True
2022-04-01,Sentiment Tilt Risk Parity,NVDA,0.010067081443330397,Equity,Tech,risk_parity,True
2022-04-01,Sentiment Tilt Risk Parity,QCOM,0.012023245021766906,Equity,Tech,risk_parity,True
2022-04-01,Sentiment Tilt Risk Parity,AEP,0.03834683081118531,Equity,Utilities,risk_parity,True
2022-04-01,Sentiment Tilt Risk Parity,D,0.03422044301441918,Equity,Utilities,risk_parity,True
2022-04-01,Sentiment Tilt Risk Parity,DUK,0.0387599919722964,Equity,Utilities,risk_parity,True
2022-04-01,Sentiment Tilt Risk Parity,NEE,0.033226647162766285,Equity,Utilities,risk_parity,True
2022-04-01,Sentiment Tilt Risk Parity,SO,0.03929066581317392,Equity,Utilities,risk_parity,True
2022-05-02,Sentiment Tilt Risk Parity,CMCSA,0.019505961725982505,Equity,Comm,risk_parity,True
2022-05-02,Sentiment Tilt Risk Parity,EA,0.03081659953837663,Equity,Comm,risk_parity,True
2022-05-02,Sentiment Tilt Risk Parity,T,0.02362003544978773,Equity,Comm,risk_parity,True
2022-05-02,Sentiment Tilt Risk Parity,TMUS,0.019969014581453174,Equity,Comm,risk_parity,True
2022-05-02,Sentiment Tilt Risk Parity,TTWO,0.024220627395557644,Equity,Comm,risk_parity,True
2022-05-02,Sentiment Tilt Risk Parity,DIS,0.015538709196934215,Equity,Consumer,risk_parity,True
2022-05-02,Sentiment Tilt Risk Parity,KO,0.024689101885470535,Equity,Consumer,risk_parity,True
2022-05-02,Sentiment Tilt Risk Parity,NKE,0.014051844059715527,Equity,Consumer,risk_parity,True
2022-05-02,Sentiment Tilt Risk Parity,SBUX,0.014491591269188728,Equity,Consumer,risk_parity,True
2022-05-02,Sentiment Tilt Risk Parity,WMT,0.028682365109923703,Equity,Consumer,risk_parity,True
2022-05-02,Sentiment Tilt Risk Parity,COP,0.007687213791200014,Equity,Energy,risk_parity,True
2022-05-02,Sentiment Tilt Risk Parity,CVX,0.010614856686111881,Equity,Energy,risk_parity,True
2022-05-02,Sentiment Tilt Risk Parity,OXY,0.005771613082601533,Equity,Energy,risk_parity,True
2022-05-02,Sentiment Tilt Risk Parity,SLB,0.0077123519840100385,Equity,Energy,risk_parity,True
2022-05-02,Sentiment Tilt Risk Parity,XOM,0.009722524824503562,Equity,Energy,risk_parity,True
2022-05-02,Sentiment Tilt Risk Parity,GS,0.01582587831395758,Equity,Financials,risk_parity,True
2022-05-02,Sentiment Tilt Risk Parity,MS,0.015297152256617092,Equity,Financials,risk_parity,True
2022-05-02,Sentiment Tilt Risk Parity,USB,0.01683873086102828,Equity,Financials,risk_parity,True
2022-05-02,Sentiment Tilt Risk Parity,V,0.017644221027745405,Equity,Financials,risk_parity,True
2022-05-02,Sentiment Tilt Risk Parity,WFC,0.015209620508428353,Equity,Financials,risk_parity,True
2022-05-02,Sentiment Tilt Risk Parity,ABBV,0.028821661964030396,Equity,Healthcare,risk_parity,True
2022-05-02,Sentiment Tilt Risk Parity,ABT,0.023283494447404286,Equity,Healthcare,risk_parity,True
2022-05-02,Sentiment Tilt Risk Parity,AMGN,0.026550933096299453,Equity,Healthcare,risk_parity,True
2022-05-02,Sentiment Tilt Risk Parity,GILD,0.03062052296463132,Equity,Healthcare,risk_parity,True
2022-05-02,Sentiment Tilt Risk Parity,MRK,0.03455199272071628,Equity,Healthcare,risk_parity,True
2022-05-02,Sentiment Tilt Risk Parity,BA,0.018440683592855268,Equity,Industrials,risk_parity,True
2022-05-02,Sentiment Tilt Risk Parity,CAT,0.027137101830889517,Equity,Industrials,risk_parity,True
2022-05-02,Sentiment Tilt Risk Parity,GE,0.01831010293344422,Equity,Industrials,risk_parity,True
2022-05-02,Sentiment Tilt Risk Parity,MMM,0.02864793151833071,Equity,Industrials,risk_parity,True
2022-05-02,Sentiment Tilt Risk Parity,UPS,0.024602097932318698,Equity,Industrials,risk_parity,True
2022-05-02,Sentiment Tilt Risk Parity,DD,0.0086841835395767,Equity,Materials,risk_parity,True
2022-05-02,Sentiment Tilt Risk Parity,DOW,0.01074223814313306,Equity,Materials,risk_parity,True
2022-05-02,Sentiment Tilt Risk Parity,NEM,0.021499958276752672,Equity,Materials,risk_parity,True
2022-05-02,Sentiment Tilt Risk Parity,NUE,0.007632506438788644,Equity,Materials,risk_parity,True
2022-05-02,Sentiment Tilt Risk Parity,SHW,0.015401778738580516,Equity,Materials,risk_parity,True
2022-05-02,Sentiment Tilt Risk Parity,AMT,0.026545326749201,Equity,RealEstate,risk_parity,True
2022-05-02,Sentiment Tilt Risk Parity,CCI,0.027182424107856713,Equity,RealEstate,risk_parity,True
2022-05-02,Sentiment Tilt Risk Parity,O,0.02597112128065157,Equity,RealEstate,risk_parity,True
2022-05-02,Sentiment Tilt Risk Parity,PLD,0.021800690317516726,Equity,RealEstate,risk_parity,True
2022-05-02,Sentiment Tilt Risk Parity,PSA,0.028039933110889186,Equity,RealEstate,risk_parity,True
2022-05-02,Sentiment Tilt Risk Parity,ADBE,0.009582760284532966,Equity,Tech,risk_parity,True
2022-05-02,Sentiment Tilt Risk Parity,AMD,0.006785120928427925,Equity,Tech,risk_parity,True
2022-05-02,Sentiment Tilt Risk Parity,INTC,0.009378695093841474,Equity,Tech,risk_parity,True
2022-05-02,Sentiment Tilt Risk Parity,NVDA,0.005878301907312918,Equity,Tech,risk_parity,True
2022-05-02,Sentiment Tilt Risk Parity,QCOM,0.007195938514224765,Equity,Tech,risk_parity,True
2022-05-02,Sentiment Tilt Risk Parity,AEP,0.03390430536583704,Equity,Utilities,risk_parity,True
2022-05-02,Sentiment Tilt Risk Parity,D,0.033154714149982424,Equity,Utilities,risk_parity,True
2022-05-02,Sentiment Tilt Risk Parity,DUK,0.037263563852100876,Equity,Utilities,risk_parity,True
2022-05-02,Sentiment Tilt Risk Parity,NEE,0.029274588780073132,Equity,Utilities,risk_parity,True
2022-05-02,Sentiment Tilt Risk Parity,SO,0.03520531387120545,Equity,Utilities,risk_parity,True
2022-06-01,Sentiment Tilt Risk Parity,CMCSA,0.015170240355269626,Equity,Comm,risk_parity,True
2022-06-01,Sentiment Tilt Risk Parity,EA,0.021985696878999615,Equity,Comm,risk_parity,True
2022-06-01,Sentiment Tilt Risk Parity,T,0.0178329162781843,Equity,Comm,risk_parity,True
2022-06-01,Sentiment Tilt Risk Parity,TMUS,0.01431118613300395,Equity,Comm,risk_parity,True
2022-06-01,Sentiment Tilt Risk Parity,TTWO,0.014476950619099815,Equity,Comm,risk_parity,True
2022-06-01,Sentiment Tilt Risk Parity,DIS,0.012876282885567749,Equity,Consumer,risk_parity,True
2022-06-01,Sentiment Tilt Risk Parity,KO,0.019397647828750413,Equity,Consumer,risk_parity,True
2022-06-01,Sentiment Tilt Risk Parity,NKE,0.011795433505248386,Equity,Consumer,risk_parity,True
2022-06-01,Sentiment Tilt Risk Parity,SBUX,0.011211921407862655,Equity,Consumer,risk_parity,True
2022-06-01,Sentiment Tilt Risk Parity,WMT,0.02649759869809378,Equity,Consumer,risk_parity,True
2022-06-01,Sentiment Tilt Risk Parity,COP,0.015286948263066685,Equity,Energy,risk_parity,True
2022-06-01,Sentiment Tilt Risk Parity,CVX,0.021261476247783958,Equity,Energy,risk_parity,True
2022-06-01,Sentiment Tilt Risk Parity,OXY,0.011737893735073687,Equity,Energy,risk_parity,True
2022-06-01,Sentiment Tilt Risk Parity,SLB,0.013656069722222391,Equity,Energy,risk_parity,True
2022-06-01,Sentiment Tilt Risk Parity,XOM,0.019268065281839705,Equity,Energy,risk_parity,True
2022-06-01,Sentiment Tilt Risk Parity,GS,0.008312159171885958,Equity,Financials,risk_parity,True
2022-06-01,Sentiment Tilt Risk Parity,MS,0.00762724551664519,Equity,Financials,risk_parity,True
2022-06-01,Sentiment Tilt Risk Parity,USB,0.00914413870629129,Equity,Financials,risk_parity,True
2022-06-01,Sentiment Tilt Risk Parity,V,0.008412514265724482,Equity,Financials,risk_parity,True
2022-06-01,Sentiment Tilt Risk Parity,WFC,0.007533620468445446,Equity,Financials,risk_parity,True
2022-06-01,Sentiment Tilt Risk Parity,ABBV,0.046357728569323894,Equity,Healthcare,risk_parity,True
2022-06-01,Sentiment Tilt Risk Parity,ABT,0.030049533119421806,Equity,Healthcare,risk_parity,True
2022-06-01,Sentiment Tilt Risk Parity,AMGN,0.04320300228871741,Equity,Healthcare,risk_parity,True
2022-06-01,Sentiment Tilt Risk Parity,GILD,0.047291222066881876,Equity,Healthcare,risk_parity,True
2022-06-01,Sentiment Tilt Risk Parity,MRK,0.05207848999412132,Equity,Healthcare,risk_parity,True
2022-06-01,Sentiment Tilt Risk Parity,BA,0.016704214119746007,Equity,Industrials,risk_parity,True
2022-06-01,Sentiment Tilt Risk Parity,CAT,0.024573976158104954,Equity,Industrials,risk_parity,True
2022-06-01,Sentiment Tilt Risk Parity,GE,0.018080583471796582,Equity,Industrials,risk_parity,True
2022-06-01,Sentiment Tilt Risk Parity,MMM,0.0295200124957036,Equity,Industrials,risk_parity,True
2022-06-01,Sentiment Tilt Risk Parity,UPS,0.02455357589524156,Equity,Industrials,risk_parity,True
2022-06-01,Sentiment Tilt Risk Parity,DD,0.010120117574291718,Equity,Materials,risk_parity,True
2022-06-01,Sentiment Tilt Risk Parity,DOW,0.01278856197717088,Equity,Materials,risk_parity,True
2022-06-01,Sentiment Tilt Risk Parity,NEM,0.02465910515255801,Equity,Materials,risk_parity,True
2022-06-01,Sentiment Tilt Risk Parity,NUE,0.008785778482756515,Equity,Materials,risk_parity,True
2022-06-01,Sentiment Tilt Risk Parity,SHW,0.017293332022585414,Equity,Materials,risk_parity,True
2022-06-01,Sentiment Tilt Risk Parity,AMT,0.01562803121894908,Equity,RealEstate,risk_parity,True
2022-06-01,Sentiment Tilt Risk Parity,CCI,0.016807229903853298,Equity,RealEstate,risk_parity,True
2022-06-01,Sentiment Tilt Risk Parity,O,0.01670733900137039,Equity,RealEstate,risk_parity,True
2022-06-01,Sentiment Tilt Risk Parity,PLD,0.012604995817042101,Equity,RealEstate,risk_parity,True
2022-06-01,Sentiment Tilt Risk Parity,PSA,0.016356762096461665,Equity,RealEstate,risk_parity,True
2022-06-01,Sentiment Tilt Risk Parity,ADBE,0.019000035316559215,Equity,Tech,risk_parity,True
2022-06-01,Sentiment Tilt Risk Parity,AMD,0.012224664263524315,Equity,Tech,risk_parity,True
2022-06-01,Sentiment Tilt Risk Parity,INTC,0.019745578900387865,Equity,Tech,risk_parity,True
2022-06-01,Sentiment Tilt Risk Parity,NVDA,0.011765301665714729,Equity,Tech,risk_parity,True
2022-06-01,Sentiment Tilt Risk Parity,QCOM,0.01528722335692287,Equity,Tech,risk_parity,True
2022-06-01,Sentiment Tilt Risk Parity,AEP,0.03057759108624554,Equity,Utilities,risk_parity,True
2022-06-01,Sentiment Tilt Risk Parity,D,0.030046642572982965,Equity,Utilities,risk_parity,True
2022-06-01,Sentiment Tilt Risk Parity,DUK,0.03408676675926396,Equity,Utilities,risk_parity,True
2022-06-01,Sentiment Tilt Risk Parity,NEE,0.023262244258529845,Equity,Utilities,risk_parity,True
2022-06-01,Sentiment Tilt Risk Parity,SO,0.03204435442471165,Equity,Utilities,risk_parity,True
2022-07-01,Sentiment Tilt Risk Parity,CMCSA,0.026921878316786278,Equity,Comm,risk_parity,True
2022-07-01,Sentiment Tilt Risk Parity,EA,0.035697632863239175,Equity,Comm,risk_parity,True
2022-07-01,Sentiment Tilt Risk Parity,T,0.02968822127587091,Equity,Comm,risk_parity,True
2022-07-01,Sentiment Tilt Risk Parity,TMUS,0.024311073258171924,Equity,Comm,risk_parity,True
2022-07-01,Sentiment Tilt Risk Parity,TTWO,0.02454517853648005,Equity,Comm,risk_parity,True
2022-07-01,Sentiment Tilt Risk Parity,DIS,0.02129613239598889,Equity,Consumer,risk_parity,True
2022-07-01,Sentiment Tilt Risk Parity,KO,0.03416867869779019,Equity,Consumer,risk_parity,True
2022-07-01,Sentiment Tilt Risk Parity,NKE,0.018888383021492264,Equity,Consumer,risk_parity,True
2022-07-01,Sentiment Tilt Risk Parity,SBUX,0.018380036196755954,Equity,Consumer,risk_parity,True
2022-07-01,Sentiment Tilt Risk Parity,WMT,0.046701451150203875,Equity,Consumer,risk_parity,True
2022-07-01,Sentiment Tilt Risk Parity,COP,0.007268196746603156,Equity,Energy,risk_parity,True
2022-07-01,Sentiment Tilt Risk Parity,CVX,0.009996067200980908,Equity,Energy,risk_parity,True
2022-07-01,Sentiment Tilt Risk Parity,OXY,0.005694472284911715,Equity,Energy,risk_parity,True
2022-07-01,Sentiment Tilt Risk Parity,SLB,0.006760447739769226,Equity,Energy,risk_parity,True
2022-07-01,Sentiment Tilt Risk Parity,XOM,0.008917969183948554,Equity,Energy,risk_parity,True
2022-07-01,Sentiment Tilt Risk Parity,GS,0.016712306329912403,Equity,Financials,risk_parity,True
2022-07-01,Sentiment Tilt Risk Parity,MS,0.015564613070800199,Equity,Financials,risk_parity,True
2022-07-01,Sentiment Tilt Risk Parity,USB,0.018232412942861032,Equity,Financials,risk_parity,True
2022-07-01,Sentiment Tilt Risk Parity,V,0.01625889811642677,Equity,Financials,risk_parity,True
2022-07-01,Sentiment Tilt Risk Parity,WFC,0.015062182568136,Equity,Financials,risk_parity,True
2022-07-01,Sentiment Tilt Risk Parity,ABBV,0.021584719676413247,Equity,Healthcare,risk_parity,True
2022-07-01,Sentiment Tilt Risk Parity,ABT,0.01402110164486965,Equity,Healthcare,risk_parity,True
2022-07-01,Sentiment Tilt Risk Parity,AMGN,0.02231992207841215,Equity,Healthcare,risk_parity,True
2022-07-01,Sentiment Tilt Risk Parity,GILD,0.0231069381991485,Equity,Healthcare,risk_parity,True
2022-07-01,Sentiment Tilt Risk Parity,MRK,0.0240846602666927,Equity,Healthcare,risk_parity,True
2022-07-01,Sentiment Tilt Risk Parity,BA,0.017639617280036445,Equity,Industrials,risk_parity,True
2022-07-01,Sentiment Tilt Risk Parity,CAT,0.02580086072243352,Equity,Industrials,risk_parity,True
2022-07-01,Sentiment Tilt Risk Parity,GE,0.01965863691995805,Equity,Industrials,risk_parity,True
2022-07-01,Sentiment Tilt Risk Parity,MMM,0.03335375728393949,Equity,Industrials,risk_parity,True
2022-07-01,Sentiment Tilt Risk Parity,UPS,0.02839970124556453,Equity,Industrials,risk_parity,True
2022-07-01,Sentiment Tilt Risk Parity,DD,0.011565212402921988,Equity,Materials,risk_parity,True
2022-07-01,Sentiment Tilt Risk Parity,DOW,0.014640643673482785,Equity,Materials,risk_parity,True
2022-07-01,Sentiment Tilt Risk Parity,NEM,0.02970503880507748,Equity,Materials,risk_parity,True
2022-07-01,Sentiment Tilt Risk Parity,NUE,0.010254222807724386,Equity,Materials,risk_parity,True
2022-07-01,Sentiment Tilt Risk Parity,SHW,0.01822481162716166,Equity,Materials,risk_parity,True
2022-07-01,Sentiment Tilt Risk Parity,AMT,0.015005854866734933,Equity,RealEstate,risk_parity,True
2022-07-01,Sentiment Tilt Risk Parity,CCI,0.01579409310994238,Equity,RealEstate,risk_parity,True
2022-07-01,Sentiment Tilt Risk Parity,O,0.01748627647568166,Equity,RealEstate,risk_parity,True
2022-07-01,Sentiment Tilt Risk Parity,PLD,0.011968124667606037,Equity,RealEstate,risk_parity,True
2022-07-01,Sentiment Tilt Risk Parity,PSA,0.016420724744955397,Equity,RealEstate,risk_parity,True
2022-07-01,Sentiment Tilt Risk Parity,ADBE,0.013999455465554197,Equity,Tech,risk_parity,True
2022-07-01,Sentiment Tilt Risk Parity,AMD,0.008989249664210866,Equity,Tech,risk_parity,True
2022-07-01,Sentiment Tilt Risk Parity,INTC,0.015341013592174983,Equity,Tech,risk_parity,True
2022-07-01,Sentiment Tilt Risk Parity,NVDA,0.008735128173750228,Equity,Tech,risk_parity,True
2022-07-01,Sentiment Tilt Risk Parity,QCOM,0.012177483563420164,Equity,Tech,risk_parity,True
2022-07-01,Sentiment Tilt Risk Parity,AEP,0.02994699343543639,Equity,Utilities,risk_parity,True
2022-07-01,Sentiment Tilt Risk Parity,D,0.030841522041791032,Equity,Utilities,risk_parity,True
2022-07-01,Sentiment Tilt Risk Parity,DUK,0.03423280710566142,Equity,Utilities,risk_parity,True
2022-07-01,Sentiment Tilt Risk Parity,NEE,0.022180505486530874,Equity,Utilities,risk_parity,True
2022-07-01,Sentiment Tilt Risk Parity,SO,0.03145469107558343,Equity,Utilities,risk_parity,True
2022-08-01,Sentiment Tilt Risk Parity,CMCSA,0.018868642589308263,Equity,Comm,risk_parity,True
2022-08-01,Sentiment Tilt Risk Parity,EA,0.023789039957020818,Equity,Comm,risk_parity,True
2022-08-01,Sentiment Tilt Risk Parity,T,0.020204396157375445,Equity,Comm,risk_parity,True
2022-08-01,Sentiment Tilt Risk Parity,TMUS,0.016142560922746498,Equity,Comm,risk_parity,True
2022-08-01,Sentiment Tilt Risk Parity,TTWO,0.01641731797956149,Equity,Comm,risk_parity,True
2022-08-01,Sentiment Tilt Risk Parity,DIS,0.015349612602315406,Equity,Consumer,risk_parity,True
2022-08-01,Sentiment Tilt Risk Parity,KO,0.024887351762971032,Equity,Consumer,risk_parity,True
2022-08-01,Sentiment Tilt Risk Parity,NKE,0.013358108628861444,Equity,Consumer,risk_parity,True
2022-08-01,Sentiment Tilt Risk Parity,SBUX,0.013445481732806727,Equity,Consumer,risk_parity,True
2022-08-01,Sentiment Tilt Risk Parity,WMT,0.03243440446805293,Equity,Consumer,risk_parity,True
2022-08-01,Sentiment Tilt Risk Parity,COP,0.020147978854207285,Equity,Energy,risk_parity,True
2022-08-01,Sentiment Tilt Risk Parity,CVX,0.027328946167488856,Equity,Energy,risk_parity,True
2022-08-01,Sentiment Tilt Risk Parity,OXY,0.016066775533617256,Equity,Energy,risk_parity,True
2022-08-01,Sentiment Tilt Risk Parity,SLB,0.019258647530634335,Equity,Energy,risk_parity,True
2022-08-01,Sentiment Tilt Risk Parity,XOM,0.024865707212635764,Equity,Energy,risk_parity,True
2022-08-01,Sentiment Tilt Risk Parity,GS,0.009945552511679908,Equity,Financials,risk_parity,True
2022-08-01,Sentiment Tilt Risk Parity,MS,0.009384659726381453,Equity,Financials,risk_parity,True
2022-08-01,Sentiment Tilt Risk Parity,USB,0.011491500700358124,Equity,Financials,risk_parity,True
2022-08-01,Sentiment Tilt Risk Parity,V,0.009940678463894435,Equity,Financials,risk_parity,True
2022-08-01,Sentiment Tilt Risk Parity,WFC,0.009111892299747551,Equity,Financials,risk_parity,True
2022-08-01,Sentiment Tilt Risk Parity,ABBV,0.025303814060459392,Equity,Healthcare,risk_parity,True
2022-08-01,Sentiment Tilt Risk Parity,ABT,0.014965713963172407,Equity,Healthcare,risk_parity,True
2022-08-01,Sentiment Tilt Risk Parity,AMGN,0.02472099728712176,Equity,Healthcare,risk_parity,True
2022-08-01,Sentiment Tilt Risk Parity,GILD,0.025519642436020923,Equity,Healthcare,risk_parity,True
2022-08-01,Sentiment Tilt Risk Parity,MRK,0.0273202640512667,Equity,Healthcare,risk_parity,True
2022-08-01,Sentiment Tilt Risk Parity,BA,0.010424057204956327,Equity,Industrials,risk_parity,True
2022-08-01,Sentiment Tilt Risk Parity,CAT,0.014485485550893363,Equity,Industrials,risk_parity,True
2022-08-01,Sentiment Tilt Risk Parity,GE,0.011736997867752078,Equity,Industrials,risk_parity,True
2022-08-01,Sentiment Tilt Risk Parity,MMM,0.019887388330319618,Equity,Industrials,risk_parity,True
2022-08-01,Sentiment Tilt Risk Parity,UPS,0.01568443649608526,Equity,Industrials,risk_parity,True
2022-08-01,Sentiment Tilt Risk Parity,DD,0.007651713565956298,Equity,Materials,risk_parity,True
2022-08-01,Sentiment Tilt Risk Parity,DOW,0.009718751917321264,Equity,Materials,risk_parity,True
2022-08-01,Sentiment Tilt Risk Parity,NEM,0.020003105046330735,Equity,Materials,risk_parity,True
2022-08-01,Sentiment Tilt Risk Parity,NUE,0.0067697392157323255,Equity,Materials,risk_parity,True
2022-08-01,Sentiment Tilt Risk Parity,SHW,0.012059624902723052,Equity,Materials,risk_parity,True
2022-08-01,Sentiment Tilt Risk Parity,AMT,0.02624581517030652,Equity,RealEstate,risk_parity,True
2022-08-01,Sentiment Tilt Risk Parity,CCI,0.027687576679448,Equity,RealEstate,risk_parity,True
2022-08-01,Sentiment Tilt Risk Parity,O,0.03145021932777693,Equity,RealEstate,risk_parity,True
2022-08-01,Sentiment Tilt Risk Parity,PLD,0.020805533519180616,Equity,RealEstate,risk_parity,True
2022-08-01,Sentiment Tilt Risk Parity,PSA,0.028910052855470963,Equity,RealEstate,risk_parity,True
2022-08-01,Sentiment Tilt Risk Parity,ADBE,0.016173250372183465,Equity,Tech,risk_parity,True
2022-08-01,Sentiment Tilt Risk Parity,AMD,0.01062039526496268,Equity,Tech,risk_parity,True
2022-08-01,Sentiment Tilt Risk Parity,INTC,0.018640204725626476,Equity,Tech,risk_parity,True
2022-08-01,Sentiment Tilt Risk Parity,NVDA,0.01032703163990967,Equity,Tech,risk_parity,True
2022-08-01,Sentiment Tilt Risk Parity,QCOM,0.015053400373054499,Equity,Tech,risk_parity,True
2022-08-01,Sentiment Tilt Risk Parity,AEP,0.03982719595412474,Equity,Utilities,risk_parity,True
2022-08-01,Sentiment Tilt Risk Parity,D,0.04047148882548828,Equity,Utilities,risk_parity,True
2022-08-01,Sentiment Tilt Risk Parity,DUK,0.045001838927823015,Equity,Utilities,risk_parity,True
2022-08-01,Sentiment Tilt Risk Parity,NEE,0.02872588343071944,Equity,Utilities,risk_parity,True
2022-08-01,Sentiment Tilt Risk Parity,SO,0.041369125236148274,Equity,Utilities,risk_parity,True
2022-09-01,Sentiment Tilt Risk Parity,CMCSA,0.02607972111924086,Equity,Comm,risk_parity,True
2022-09-01,Sentiment Tilt Risk Parity,EA,0.03373643553632539,Equity,Comm,risk_parity,True
2022-09-01,Sentiment Tilt Risk Parity,T,0.02910957527494894,Equity,Comm,risk_parity,True
2022-09-01,Sentiment Tilt Risk Parity,TMUS,0.02303941560786623,Equity,Comm,risk_parity,True
2022-09-01,Sentiment Tilt Risk Parity,TTWO,0.02248089157839441,Equity,Comm,risk_parity,True
2022-09-01,Sentiment Tilt Risk Parity,DIS,0.013827032514634784,Equity,Consumer,risk_parity,True
2022-09-01,Sentiment Tilt Risk Parity,KO,0.02307757036033379,Equity,Consumer,risk_parity,True
2022-09-01,Sentiment Tilt Risk Parity,NKE,0.012324113241168994,Equity,Consumer,risk_parity,True
2022-09-01,Sentiment Tilt Risk Parity,SBUX,0.012474321478428774,Equity,Consumer,risk_parity,True
2022-09-01,Sentiment Tilt Risk Parity,WMT,0.029425269268132256,Equity,Consumer,risk_parity,True
2022-09-01,Sentiment Tilt Risk Parity,COP,0.019422490845218326,Equity,Energy,risk_parity,True
2022-09-01,Sentiment Tilt Risk Parity,CVX,0.026125683939970334,Equity,Energy,risk_parity,True
2022-09-01,Sentiment Tilt Risk Parity,OXY,0.01580173598998484,Equity,Energy,risk_parity,True
2022-09-01,Sentiment Tilt Risk Parity,SLB,0.018395083050312285,Equity,Energy,risk_parity,True
2022-09-01,Sentiment Tilt Risk Parity,XOM,0.023619677110473206,Equity,Energy,risk_parity,True
2022-09-01,Sentiment Tilt Risk Parity,GS,0.014405661295096185,Equity,Financials,risk_parity,True
2022-09-01,Sentiment Tilt Risk Parity,MS,0.013472663516203928,Equity,Financials,risk_parity,True
2022-09-01,Sentiment Tilt Risk Parity,USB,0.016736197024840832,Equity,Financials,risk_parity,True
2022-09-01,Sentiment Tilt Risk Parity,V,0.014208940615125301,Equity,Financials,risk_parity,True
2022-09-01,Sentiment Tilt Risk Parity,WFC,0.0132237735936209,Equity,Financials,risk_parity,True
2022-09-01,Sentiment Tilt Risk Parity,ABBV,0.016201527108769317,Equity,Healthcare,risk_parity,True
2022-09-01,Sentiment Tilt Risk Parity,ABT,0.009413532863545503,Equity,Healthcare,risk_parity,True
2022-09-01,Sentiment Tilt Risk Parity,AMGN,0.016668196812966586,Equity,Healthcare,risk_parity,True
2022-09-01,Sentiment Tilt Risk Parity,GILD,0.016275398352631185,Equity,Healthcare,risk_parity,True
2022-09-01,Sentiment Tilt Risk Parity,MRK,0.01732769962708491,Equity,Healthcare,risk_parity,True
2022-09-01,Sentiment Tilt Risk Parity,BA,0.01345212802392054,Equity,Industrials,risk_parity,True
2022-09-01,Sentiment Tilt Risk Parity,CAT,0.018303149594358532,Equity,Industrials,risk_parity,True
2022-09-01,Sentiment Tilt Risk Parity,GE,0.014845385868516083,Equity,Industrials,risk_parity,True
2022-09-01,Sentiment Tilt Risk Parity,MMM,0.023347897888549983,Equity,Industrials,risk_parity,True
2022-09-01,Sentiment Tilt Risk Parity,UPS,0.02012409406984518,Equity,Industrials,risk_parity,True
2022-09-01,Sentiment Tilt Risk Parity,DD,0.01143936611437112,Equity,Materials,risk_parity,True
2022-09-01,Sentiment Tilt Risk Parity,DOW,0.014788675165646959,Equity,Materials,risk_parity,True
2022-09-01,Sentiment Tilt Risk Parity,NEM,0.029954942526089868,Equity,Materials,risk_parity,True
2022-09-01,Sentiment Tilt Risk Parity,NUE,0.010527181836489893,Equity,Materials,risk_parity,True
2022-09-01,Sentiment Tilt Risk Parity,SHW,0.017765001242171525,Equity,Materials,risk_parity,True
2022-09-01,Sentiment Tilt Risk Parity,AMT,0.026981977333945913,Equity,RealEstate,risk_parity,True
2022-09-01,Sentiment Tilt Risk Parity,CCI,0.02844107576742911,Equity,RealEstate,risk_parity,True
2022-09-01,Sentiment Tilt Risk Parity,O,0.03320412057102509,Equity,RealEstate,risk_parity,True
2022-09-01,Sentiment Tilt Risk Parity,PLD,0.02145181400555535,Equity,RealEstate,risk_parity,True
2022-09-01,Sentiment Tilt Risk Parity,PSA,0.029362776371487435,Equity,RealEstate,risk_parity,True
2022-09-01,Sentiment Tilt Risk Parity,ADBE,0.012951186926536655,Equity,Tech,risk_parity,True
2022-09-01,Sentiment Tilt Risk Parity,AMD,0.00861126345181468,Equity,Tech,risk_parity,True
2022-09-01,Sentiment Tilt Risk Parity,INTC,0.014561802895994898,Equity,Tech,risk_parity,True
2022-09-01,Sentiment Tilt Risk Parity,NVDA,0.008133125663440332,Equity,Tech,risk_parity,True
2022-09-01,Sentiment Tilt Risk Parity,QCOM,0.011965844453705654,Equity,Tech,risk_parity,True
2022-09-01,Sentiment Tilt Risk Parity,AEP,0.03078098950166916,Equity,Utilities,risk_parity,True
2022-09-01,Sentiment Tilt Risk Parity,D,0.03177355385690509,Equity,Utilities,risk_parity,True
2022-09-01,Sentiment Tilt Risk Parity,DUK,0.03494756033217066,Equity,Utilities,risk_parity,True
2022-09-01,Sentiment Tilt Risk Parity,NEE,0.022818914514529887,Equity,Utilities,risk_parity,True
2022-09-01,Sentiment Tilt Risk Parity,SO,0.03259356429851229,Equity,Utilities,risk_parity,True
2022-10-03,Sentiment Tilt Risk Parity,CMCSA,0.016313365378893933,Equity,Comm,risk_parity,True
2022-10-03,Sentiment Tilt Risk Parity,EA,0.02094478712023607,Equity,Comm,risk_parity,True
2022-10-03,Sentiment Tilt Risk Parity,T,0.019623087191503734,Equity,Comm,risk_parity,True
2022-10-03,Sentiment Tilt Risk Parity,TMUS,0.015504984371760852,Equity,Comm,risk_parity,True
2022-10-03,Sentiment Tilt Risk Parity,TTWO,0.014431634848767614,Equity,Comm,risk_parity,True
2022-10-03,Sentiment Tilt Risk Parity,DIS,0.020767321716501034,Equity,Consumer,risk_parity,True
2022-10-03,Sentiment Tilt Risk Parity,KO,0.03617232769449549,Equity,Consumer,risk_parity,True
2022-10-03,Sentiment Tilt Risk Parity,NKE,0.01763737758423395,Equity,Consumer,risk_parity,True
2022-10-03,Sentiment Tilt Risk Parity,SBUX,0.019904691594758165,Equity,Consumer,risk_parity,True
2022-10-03,Sentiment Tilt Risk Parity,WMT,0.044953368429778824,Equity,Consumer,risk_parity,True
2022-10-03,Sentiment Tilt Risk Parity,COP,0.01864907205096676,Equity,Energy,risk_parity,True
2022-10-03,Sentiment Tilt Risk Parity,CVX,0.024951023534297682,Equity,Energy,risk_parity,True
2022-10-03,Sentiment Tilt Risk Parity,OXY,0.016393771760597697,Equity,Energy,risk_parity,True
2022-10-03,Sentiment Tilt Risk Parity,SLB,0.017761329603511965,Equity,Energy,risk_parity,True
2022-10-03,Sentiment Tilt Risk Parity,XOM,0.02295013967540859,Equity,Energy,risk_parity,True
2022-10-03,Sentiment Tilt Risk Parity,GS,0.021686764295426063,Equity,Financials,risk_parity,True
2022-10-03,Sentiment Tilt Risk Parity,MS,0.02056663500982554,Equity,Financials,risk_parity,True
2022-10-03,Sentiment Tilt Risk Parity,USB,0.025120817995531085,Equity,Financials,risk_parity,True
2022-10-03,Sentiment Tilt Risk Parity,V,0.021695335628676583,Equity,Financials,risk_parity,True
2022-10-03,Sentiment Tilt Risk Parity,WFC,0.020061969830475024,Equity,Financials,risk_parity,True
2022-10-03,Sentiment Tilt Risk Parity,ABBV,0.03225400746970921,Equity,Healthcare,risk_parity,True
2022-10-03,Sentiment Tilt Risk Parity,ABT,0.018915032473276222,Equity,Healthcare,risk_parity,True
2022-10-03,Sentiment Tilt Risk Parity,AMGN,0.0328257379386347,Equity,Healthcare,risk_parity,True
2022-10-03,Sentiment Tilt Risk Parity,GILD,0.02921483070066885,Equity,Healthcare,risk_parity,True
2022-10-03,Sentiment Tilt Risk Parity,MRK,0.03547634485196878,Equity,Healthcare,risk_parity,True
2022-10-03,Sentiment Tilt Risk Parity,BA,0.012285872511899512,Equity,Industrials,risk_parity,True
2022-10-03,Sentiment Tilt Risk Parity,CAT,0.017079603846268065,Equity,Industrials,risk_parity,True
2022-10-03,Sentiment Tilt Risk Parity,GE,0.014502722236464155,Equity,Industrials,risk_parity,True
2022-10-03,Sentiment Tilt Risk Parity,MMM,0.022261282929612214,Equity,Industrials,risk_parity,True
2022-10-03,Sentiment Tilt Risk Parity,UPS,0.018410222375816247,Equity,Industrials,risk_parity,True
2022-10-03,Sentiment Tilt Risk Parity,DD,0.011271186487087583,Equity,Materials,risk_parity,True
2022-10-03,Sentiment Tilt Risk Parity,DOW,0.014391583232976714,Equity,Materials,risk_parity,True
2022-10-03,Sentiment Tilt Risk Parity,NEM,0.02682841738648649,Equity,Materials,risk_parity,True
2022-10-03,Sentiment Tilt Risk Parity,NUE,0.010911319757831422,Equity,Materials,risk_parity,True
2022-10-03,Sentiment Tilt Risk Parity,SHW,0.016924017583438946,Equity,Materials,risk_parity,True
2022-10-03,Sentiment Tilt Risk Parity,AMT,0.02310679958023204,Equity,RealEstate,risk_parity,True
2022-10-03,Sentiment Tilt Risk Parity,CCI,0.023863584062376854,Equity,RealEstate,risk_parity,True
2022-10-03,Sentiment Tilt Risk Parity,O,0.0296412774738205,Equity,RealEstate,risk_parity,True
2022-10-03,Sentiment Tilt Risk Parity,PLD,0.018874034739897887,Equity,RealEstate,risk_parity,True
2022-10-03,Sentiment Tilt Risk Parity,PSA,0.025945135802782054,Equity,RealEstate,risk_parity,True
2022-10-03,Sentiment Tilt Risk Parity,ADBE,0.0064249606105717914,Equity,Tech,risk_parity,True
2022-10-03,Sentiment Tilt Risk Parity,AMD,0.004516451364907276,Equity,Tech,risk_parity,True
2022-10-03,Sentiment Tilt Risk Parity,INTC,0.007491095520580068,Equity,Tech,risk_parity,True
2022-10-03,Sentiment Tilt Risk Parity,NVDA,0.0043890294701832006,Equity,Tech,risk_parity,True
2022-10-03,Sentiment Tilt Risk Parity,QCOM,0.006383972260283289,Equity,Tech,risk_parity,True
2022-10-03,Sentiment Tilt Risk Parity,AEP,0.01992895156068608,Equity,Utilities,risk_parity,True
2022-10-03,Sentiment Tilt Risk Parity,D,0.020595145596438606,Equity,Utilities,risk_parity,True
2022-10-03,Sentiment Tilt Risk Parity,DUK,0.022405349040124072,Equity,Utilities,risk_parity,True
2022-10-03,Sentiment Tilt Risk Parity,NEE,0.015768603628698166,Equity,Utilities,risk_parity,True
2022-10-03,Sentiment Tilt Risk Parity,SO,0.021023622190632342,Equity,Utilities,risk_parity,True
2022-11-01,Sentiment Tilt Risk Parity,CMCSA,0.02869892918706086,Equity,Comm,risk_parity,True
2022-11-01,Sentiment Tilt Risk Parity,EA,0.03642999676084288,Equity,Comm,risk_parity,True
2022-11-01,Sentiment Tilt Risk Parity,T,0.033194277258286706,Equity,Comm,risk_parity,True
2022-11-01,Sentiment Tilt Risk Parity,TMUS,0.026737768306577325,Equity,Comm,risk_parity,True
2022-11-01,Sentiment Tilt Risk Parity,TTWO,0.026547377546735015,Equity,Comm,risk_parity,True
2022-11-01,Sentiment Tilt Risk Parity,DIS,0.012574688831246432,Equity,Consumer,risk_parity,True
2022-11-01,Sentiment Tilt Risk Parity,KO,0.02166681750403434,Equity,Consumer,risk_parity,True
2022-11-01,Sentiment Tilt Risk Parity,NKE,0.010889597729258956,Equity,Consumer,risk_parity,True
2022-11-01,Sentiment Tilt Risk Parity,SBUX,0.012495062818022812,Equity,Consumer,risk_parity,True
2022-11-01,Sentiment Tilt Risk Parity,WMT,0.026507415819970154,Equity,Consumer,risk_parity,True
2022-11-01,Sentiment Tilt Risk Parity,COP,0.0143979595874362,Equity,Energy,risk_parity,True
2022-11-01,Sentiment Tilt Risk Parity,CVX,0.018801305806061736,Equity,Energy,risk_parity,True
2022-11-01,Sentiment Tilt Risk Parity,OXY,0.013412396791319843,Equity,Energy,risk_parity,True
2022-11-01,Sentiment Tilt Risk Parity,SLB,0.013823556105416333,Equity,Energy,risk_parity,True
2022-11-01,Sentiment Tilt Risk Parity,XOM,0.017931206235778787,Equity,Energy,risk_parity,True
2022-11-01,Sentiment Tilt Risk Parity,GS,0.017967588738329765,Equity,Financials,risk_parity,True
2022-11-01,Sentiment Tilt Risk Parity,MS,0.016954534014333805,Equity,Financials,risk_parity,True
2022-11-01,Sentiment Tilt Risk Parity,USB,0.021178579140073248,Equity,Financials,risk_parity,True
2022-11-01,Sentiment Tilt Risk Parity,V,0.01912352432627579,Equity,Financials,risk_parity,True
2022-11-01,Sentiment Tilt Risk Parity,WFC,0.017040222243653612,Equity,Financials,risk_parity,True
2022-11-01,Sentiment Tilt Risk Parity,ABBV,0.023985004616203447,Equity,Healthcare,risk_parity,True
2022-11-01,Sentiment Tilt Risk Parity,ABT,0.013908680095872969,Equity,Healthcare,risk_parity,True
2022-11-01,Sentiment Tilt Risk Parity,AMGN,0.02438288288899635,Equity,Healthcare,risk_parity,True
2022-11-01,Sentiment Tilt Risk Parity,GILD,0.018966231938880005,Equity,Healthcare,risk_parity,True
2022-11-01,Sentiment Tilt Risk Parity,MRK,0.02830161161315453,Equity,Healthcare,risk_parity,True
2022-11-01,Sentiment Tilt Risk Parity,BA,0.011818083381960297,Equity,Industrials,risk_parity,True
2022-11-01,Sentiment Tilt Risk Parity,CAT,0.015698307684362235,Equity,Industrials,risk_parity,True
2022-11-01,Sentiment Tilt Risk Parity,GE,0.013443686463276185,Equity,Industrials,risk_parity,True
2022-11-01,Sentiment Tilt Risk Parity,MMM,0.01973153072121536,Equity,Industrials,risk_parity,True
2022-11-01,Sentiment Tilt Risk Parity,UPS,0.017778082638329272,Equity,Industrials,risk_parity,True
2022-11-01,Sentiment Tilt Risk Parity,DD,0.007971258389078709,Equity,Materials,risk_parity,True
2022-11-01,Sentiment Tilt Risk Parity,DOW,0.010148628484836898,Equity,Materials,risk_parity,True
2022-11-01,Sentiment Tilt Risk Parity,NEM,0.01749000453040591,Equity,Materials,risk_parity,True
2022-11-01,Sentiment Tilt Risk Parity,NUE,0.007505689868638377,Equity,Materials,risk_parity,True
2022-11-01,Sentiment Tilt Risk Parity,SHW,0.010952757741809777,Equity,Materials,risk_parity,True
2022-11-01,Sentiment Tilt Risk Parity,AMT,0.02051740824409249,Equity,RealEstate,risk_parity,True
2022-11-01,Sentiment Tilt Risk Parity,CCI,0.021791981891755557,Equity,RealEstate,risk_parity,True
2022-11-01,Sentiment Tilt Risk Parity,O,0.027177232709984688,Equity,RealEstate,risk_parity,True
2022-11-01,Sentiment Tilt Risk Parity,PLD,0.017475766307638835,Equity,RealEstate,risk_parity,True
2022-11-01,Sentiment Tilt Risk Parity,PSA,0.024200830773318235,Equity,RealEstate,risk_parity,True
2022-11-01,Sentiment Tilt Risk Parity,ADBE,0.012201213446086214,Equity,Tech,risk_parity,True
2022-11-01,Sentiment Tilt Risk Parity,AMD,0.008319626183360348,Equity,Tech,risk_parity,True
2022-11-01,Sentiment Tilt Risk Parity,INTC,0.013030525872206836,Equity,Tech,risk_parity,True
2022-11-01,Sentiment Tilt Risk Parity,NVDA,0.008140295614382132,Equity,Tech,risk_parity,True
2022-11-01,Sentiment Tilt Risk Parity,QCOM,0.011830320113304371,Equity,Tech,risk_parity,True
2022-11-01,Sentiment Tilt Risk Parity,AEP,0.03701446338112203,Equity,Utilities,risk_parity,True
2022-11-01,Sentiment Tilt Risk Parity,D,0.038848530884978576,Equity,Utilities,risk_parity,True
2022-11-01,Sentiment Tilt Risk Parity,DUK,0.041023812975088315,Equity,Utilities,risk_parity,True
2022-11-01,Sentiment Tilt Risk Parity,NEE,0.03055081848113295,Equity,Utilities,risk_parity,True
2022-11-01,Sentiment Tilt Risk Parity,SO,0.039421927313813554,Equity,Utilities,risk_parity,True
2022-12-01,Sentiment Tilt Risk Parity,CMCSA,0.014901819034592735,Equity,Comm,risk_parity,True
2022-12-01,Sentiment Tilt Risk Parity,EA,0.019262799978033075,Equity,Comm,risk_parity,True
2022-12-01,Sentiment Tilt Risk Parity,T,0.018309607785527277,Equity,Comm,risk_parity,True
2022-12-01,Sentiment Tilt Risk Parity,TMUS,0.015340753849551468,Equity,Comm,risk_parity,True
2022-12-01,Sentiment Tilt Risk Parity,TTWO,0.014113941411469768,Equity,Comm,risk_parity,True
2022-12-01,Sentiment Tilt Risk Parity,DIS,0.01524963532845782,Equity,Consumer,risk_parity,True
2022-12-01,Sentiment Tilt Risk Parity,KO,0.02854220135670069,Equity,Consumer,risk_parity,True
2022-12-01,Sentiment Tilt Risk Parity,NKE,0.013311067232012492,Equity,Consumer,risk_parity,True
2022-12-01,Sentiment Tilt Risk Parity,SBUX,0.015978513448635635,Equity,Consumer,risk_parity,True
2022-12-01,Sentiment Tilt Risk Parity,WMT,0.03417863807099837,Equity,Consumer,risk_parity,True
2022-12-01,Sentiment Tilt Risk Parity,COP,0.0194941524485369,Equity,Energy,risk_parity,True
2022-12-01,Sentiment Tilt Risk Parity,CVX,0.024572543920678168,Equity,Energy,risk_parity,True
2022-12-01,Sentiment Tilt Risk Parity,OXY,0.017650962830461598,Equity,Energy,risk_parity,True
2022-12-01,Sentiment Tilt Risk Parity,SLB,0.019398587871897473,Equity,Energy,risk_parity,True
2022-12-01,Sentiment Tilt Risk Parity,XOM,0.024267810634775618,Equity,Energy,risk_parity,True
2022-12-01,Sentiment Tilt Risk Parity,GS,0.008181710077875656,Equity,Financials,risk_parity,True
2022-12-01,Sentiment Tilt Risk Parity,MS,0.0076119540504153045,Equity,Financials,risk_parity,True
2022-12-01,Sentiment Tilt Risk Parity,USB,0.009449242018548982,Equity,Financials,risk_parity,True
2022-12-01,Sentiment Tilt Risk Parity,V,0.008279189334164112,Equity,Financials,risk_parity,True
2022-12-01,Sentiment Tilt Risk Parity,WFC,0.007902977889659341,Equity,Financials,risk_parity,True
2022-12-01,Sentiment Tilt Risk Parity,ABBV,0.04207146331085385,Equity,Healthcare,risk_parity,True
2022-12-01,Sentiment Tilt Risk Parity,ABT,0.023385880395861237,Equity,Healthcare,risk_parity,True
2022-12-01,Sentiment Tilt Risk Parity,AMGN,0.04444401820788947,Equity,Healthcare,risk_parity,True
2022-12-01,Sentiment Tilt Risk Parity,GILD,0.034080156520834494,Equity,Healthcare,risk_parity,True
2022-12-01,Sentiment Tilt Risk Parity,MRK,0.05456901590874165,Equity,Healthcare,risk_parity,True
2022-12-01,Sentiment Tilt Risk Parity,BA,0.014014082249047878,Equity,Industrials,risk_parity,True
2022-12-01,Sentiment Tilt Risk Parity,CAT,0.01839124761894291,Equity,Industrials,risk_parity,True
2022-12-01,Sentiment Tilt Risk Parity,GE,0.016066632197400503,Equity,Industrials,risk_parity,True
2022-12-01,Sentiment Tilt Risk Parity,MMM,0.022368513514789152,Equity,Industrials,risk_parity,True
2022-12-01,Sentiment Tilt Risk Parity,UPS,0.019434015442583476,Equity,Industrials,risk_parity,True
2022-12-01,Sentiment Tilt Risk Parity,DD,0.022354614761851594,Equity,Materials,risk_parity,True
2022-12-01,Sentiment Tilt Risk Parity,DOW,0.02652296542363731,Equity,Materials,risk_parity,True
2022-12-01,Sentiment Tilt Risk Parity,NEM,0.037781412810841054,Equity,Materials,risk_parity,True
2022-12-01,Sentiment Tilt Risk Parity,NUE,0.020310117331207588,Equity,Materials,risk_parity,True
2022-12-01,Sentiment Tilt Risk Parity,SHW,0.027467493200375746,Equity,Materials,risk_parity,True
2022-12-01,Sentiment Tilt Risk Parity,AMT,0.015836972301663126,Equity,RealEstate,risk_parity,True
2022-12-01,Sentiment Tilt Risk Parity,CCI,0.016853262372912448,Equity,RealEstate,risk_parity,True
2022-12-01,Sentiment Tilt Risk Parity,O,0.021923764624156353,Equity,RealEstate,risk_parity,True
2022-12-01,Sentiment Tilt Risk Parity,PLD,0.013947830337629698,Equity,RealEstate,risk_parity,True
2022-12-01,Sentiment Tilt Risk Parity,PSA,0.018576108900270172,Equity,RealEstate,risk_parity,True
2022-12-01,Sentiment Tilt Risk Parity,ADBE,0.010805421696546847,Equity,Tech,risk_parity,True
2022-12-01,Sentiment Tilt Risk Parity,AMD,0.007485550400118939,Equity,Tech,risk_parity,True
2022-12-01,Sentiment Tilt Risk Parity,INTC,0.01163767587835164,Equity,Tech,risk_parity,True
2022-12-01,Sentiment Tilt Risk Parity,NVDA,0.007253492807815644,Equity,Tech,risk_parity,True
2022-12-01,Sentiment Tilt Risk Parity,QCOM,0.010465655500444159,Equity,Tech,risk_parity,True
2022-12-01,Sentiment Tilt Risk Parity,AEP,0.02085229640552897,Equity,Utilities,risk_parity,True
2022-12-01,Sentiment Tilt Risk Parity,D,0.02249560882989805,Equity,Utilities,risk_parity,True
2022-12-01,Sentiment Tilt Risk Parity,DUK,0.02354999812454049,Equity,Utilities,risk_parity,True
2022-12-01,Sentiment Tilt Risk Parity,NEE,0.016946475238379246,Equity,Utilities,risk_parity,True
2022-12-01,Sentiment Tilt Risk Parity,SO,0.02211014911389384,Equity,Utilities,risk_parity,True
2023-01-03,Sentiment Tilt Risk Parity,CMCSA,0.014278488295155751,Equity,Comm,risk_parity,True
2023-01-03,Sentiment Tilt Risk Parity,EA,0.018615569187785785,Equity,Comm,risk_parity,True
2023-01-03,Sentiment Tilt Risk Parity,T,0.018208603573423084,Equity,Comm,risk_parity,True
2023-01-03,Sentiment Tilt Risk Parity,TMUS,0.015512083961382346,Equity,Comm,risk_parity,True
2023-01-03,Sentiment Tilt Risk Parity,TTWO,0.013469191733483552,Equity,Comm,risk_parity,True
2023-01-03,Sentiment Tilt Risk Parity,DIS,0.018554539732944825,Equity,Consumer,risk_parity,True
2023-01-03,Sentiment Tilt Risk Parity,KO,0.03529780980315114,Equity,Consumer,risk_parity,True
2023-01-03,Sentiment Tilt Risk Parity,NKE,0.015748040912421647,Equity,Consumer,risk_parity,True
2023-01-03,Sentiment Tilt Risk Parity,SBUX,0.02010965227275099,Equity,Consumer,risk_parity,True
2023-01-03,Sentiment Tilt Risk Parity,WMT,0.040576899191958775,Equity,Consumer,risk_parity,True
2023-01-03,Sentiment Tilt Risk Parity,COP,0.025859664484471554,Equity,Energy,risk_parity,True
2023-01-03,Sentiment Tilt Risk Parity,CVX,0.032035153430871884,Equity,Energy,risk_parity,True
2023-01-03,Sentiment Tilt Risk Parity,OXY,0.02345108939576125,Equity,Energy,risk_parity,True
2023-01-03,Sentiment Tilt Risk Parity,SLB,0.02501181763547053,Equity,Energy,risk_parity,True
2023-01-03,Sentiment Tilt Risk Parity,XOM,0.03139567765612742,Equity,Energy,risk_parity,True
2023-01-03,Sentiment Tilt Risk Parity,GS,0.01571649807579692,Equity,Financials,risk_parity,True
2023-01-03,Sentiment Tilt Risk Parity,MS,0.014460572234740333,Equity,Financials,risk_parity,True
2023-01-03,Sentiment Tilt Risk Parity,USB,0.017953815387847214,Equity,Financials,risk_parity,True
2023-01-03,Sentiment Tilt Risk Parity,V,0.01604571962598415,Equity,Financials,risk_parity,True
2023-01-03,Sentiment Tilt Risk Parity,WFC,0.015550514728642257,Equity,Financials,risk_parity,True
2023-01-03,Sentiment Tilt Risk Parity,ABBV,0.030751412487890404,Equity,Healthcare,risk_parity,True
2023-01-03,Sentiment Tilt Risk Parity,ABT,0.01657822101983525,Equity,Healthcare,risk_parity,True
2023-01-03,Sentiment Tilt Risk Parity,AMGN,0.032783313687126274,Equity,Healthcare,risk_parity,True
2023-01-03,Sentiment Tilt Risk Parity,GILD,0.024136721950066012,Equity,Healthcare,risk_parity,True
2023-01-03,Sentiment Tilt Risk Parity,MRK,0.037213816315047714,Equity,Healthcare,risk_parity,True
2023-01-03,Sentiment Tilt Risk Parity,BA,0.019484723106754347,Equity,Industrials,risk_parity,True
2023-01-03,Sentiment Tilt Risk Parity,CAT,0.02499996418853948,Equity,Industrials,risk_parity,True
2023-01-03,Sentiment Tilt Risk Parity,GE,0.021694747581270893,Equity,Industrials,risk_parity,True
2023-01-03,Sentiment Tilt Risk Parity,MMM,0.029931517694709985,Equity,Industrials,risk_parity,True
2023-01-03,Sentiment Tilt Risk Parity,UPS,0.026022548821559983,Equity,Industrials,risk_parity,True
2023-01-03,Sentiment Tilt Risk Parity,DD,0.008139840359924292,Equity,Materials,risk_parity,True
2023-01-03,Sentiment Tilt Risk Parity,DOW,0.009607753643251359,Equity,Materials,risk_parity,True
2023-01-03,Sentiment Tilt Risk Parity,NEM,0.013533833865998388,Equity,Materials,risk_parity,True
2023-01-03,Sentiment Tilt Risk Parity,NUE,0.0070955645137309445,Equity,Materials,risk_parity,True
2023-01-03,Sentiment Tilt Risk Parity,SHW,0.009884229447745176,Equity,Materials,risk_parity,True
2023-01-03,Sentiment Tilt Risk Parity,AMT,0.016080259033177037,Equity,RealEstate,risk_parity,True
2023-01-03,Sentiment Tilt Risk Parity,CCI,0.017106176362056587,Equity,RealEstate,risk_parity,True
2023-01-03,Sentiment Tilt Risk Parity,O,0.022725525933596096,Equity,RealEstate,risk_parity,True
2023-01-03,Sentiment Tilt Risk Parity,PLD,0.013797191249913307,Equity,RealEstate,risk_parity,True
2023-01-03,Sentiment Tilt Risk Parity,PSA,0.01844719422189861,Equity,RealEstate,risk_parity,True
2023-01-03,Sentiment Tilt Risk Parity,ADBE,0.010729074084220762,Equity,Tech,risk_parity,True
2023-01-03,Sentiment Tilt Risk Parity,AMD,0.007403466367941047,Equity,Tech,risk_parity,True
2023-01-03,Sentiment Tilt Risk Parity,INTC,0.011694950451481403,Equity,Tech,risk_parity,True
2023-01-03,Sentiment Tilt Risk Parity,NVDA,0.0072067701642993375,Equity,Tech,risk_parity,True
2023-01-03,Sentiment Tilt Risk Parity,QCOM,0.010142221858352818,Equity,Tech,risk_parity,True
2023-01-03,Sentiment Tilt Risk Parity,AEP,0.02442098094738028,Equity,Utilities,risk_parity,True
2023-01-03,Sentiment Tilt Risk Parity,D,0.026826057185982192,Equity,Utilities,risk_parity,True
2023-01-03,Sentiment Tilt Risk Parity,DUK,0.027816923144794843,Equity,Utilities,risk_parity,True
2023-01-03,Sentiment Tilt Risk Parity,NEE,0.019871764368360106,Equity,Utilities,risk_parity,True
2023-01-03,Sentiment Tilt Risk Parity,SO,0.0260218346229237,Equity,Utilities,risk_parity,True
2023-02-01,Sentiment Tilt Risk Parity,CMCSA,0.010090732316120204,Equity,Comm,risk_parity,True
2023-02-01,Sentiment Tilt Risk Parity,EA,0.01339282735097818,Equity,Comm,risk_parity,True
2023-02-01,Sentiment Tilt Risk Parity,T,0.013518862502697066,Equity,Comm,risk_parity,True
2023-02-01,Sentiment Tilt Risk Parity,TMUS,0.011477366773085645,Equity,Comm,risk_parity,True
2023-02-01,Sentiment Tilt Risk Parity,TTWO,0.009730450200487836,Equity,Comm,risk_parity,True
2023-02-01,Sentiment Tilt Risk Parity,DIS,0.01414709134043724,Equity,Consumer,risk_parity,True
2023-02-01,Sentiment Tilt Risk Parity,KO,0.0269282150554733,Equity,Consumer,risk_parity,True
2023-02-01,Sentiment Tilt Risk Parity,NKE,0.011952704994070067,Equity,Consumer,risk_parity,True
2023-02-01,Sentiment Tilt Risk Parity,SBUX,0.015170224656860777,Equity,Consumer,risk_parity,True
2023-02-01,Sentiment Tilt Risk Parity,WMT,0.03001786446636658,Equity,Consumer,risk_parity,True
2023-02-01,Sentiment Tilt Risk Parity,COP,0.02163414432972519,Equity,Energy,risk_parity,True
2023-02-01,Sentiment Tilt Risk Parity,CVX,0.02613642308738824,Equity,Energy,risk_parity,True
2023-02-01,Sentiment Tilt Risk Parity,OXY,0.02005828335783749,Equity,Energy,risk_parity,True
2023-02-01,Sentiment Tilt Risk Parity,SLB,0.0209551665267945,Equity,Energy,risk_parity,True
2023-02-01,Sentiment Tilt Risk Parity,XOM,0.02576395952888927,Equity,Energy,risk_parity,True
2023-02-01,Sentiment Tilt Risk Parity,GS,0.01702431830310997,Equity,Financials,risk_parity,True
2023-02-01,Sentiment Tilt Risk Parity,MS,0.015271145824524518,Equity,Financials,risk_parity,True
2023-02-01,Sentiment Tilt Risk Parity,USB,0.018836809184942436,Equity,Financials,risk_parity,True
2023-02-01,Sentiment Tilt Risk Parity,V,0.01742077099481694,Equity,Financials,risk_parity,True
2023-02-01,Sentiment Tilt Risk Parity,WFC,0.01655293035879688,Equity,Financials,risk_parity,True
2023-02-01,Sentiment Tilt Risk Parity,ABBV,0.028448027818509445,Equity,Healthcare,risk_parity,True
2023-02-01,Sentiment Tilt Risk Parity,ABT,0.015649932346840888,Equity,Healthcare,risk_parity,True
2023-02-01,Sentiment Tilt Risk Parity,AMGN,0.030739356169642438,Equity,Healthcare,risk_parity,True
2023-02-01,Sentiment Tilt Risk Parity,GILD,0.022801565260081397,Equity,Healthcare,risk_parity,True
2023-02-01,Sentiment Tilt Risk Parity,MRK,0.033992243415205264,Equity,Healthcare,risk_parity,True
2023-02-01,Sentiment Tilt Risk Parity,BA,0.017680653828427265,Equity,Industrials,risk_parity,True
2023-02-01,Sentiment Tilt Risk Parity,CAT,0.021952054106407905,Equity,Industrials,risk_parity,True
2023-02-01,Sentiment Tilt Risk Parity,GE,0.019555721867787767,Equity,Industrials,risk_parity,True
2023-02-01,Sentiment Tilt Risk Parity,MMM,0.02520051967986693,Equity,Industrials,risk_parity,True
2023-02-01,Sentiment Tilt Risk Parity,UPS,0.022960126447291875,Equity,Industrials,risk_parity,True
2023-02-01,Sentiment Tilt Risk Parity,DD,0.014811908635967139,Equity,Materials,risk_parity,True
2023-02-01,Sentiment Tilt Risk Parity,DOW,0.0171066528561181,Equity,Materials,risk_parity,True
2023-02-01,Sentiment Tilt Risk Parity,NEM,0.02322107440839011,Equity,Materials,risk_parity,True
2023-02-01,Sentiment Tilt Risk Parity,NUE,0.012758032778421855,Equity,Materials,risk_parity,True
2023-02-01,Sentiment Tilt Risk Parity,SHW,0.017425181528181767,Equity,Materials,risk_parity,True
2023-02-01,Sentiment Tilt Risk Parity,AMT,0.020573459297075533,Equity,RealEstate,risk_parity,True
2023-02-01,Sentiment Tilt Risk Parity,CCI,0.021526573397135356,Equity,RealEstate,risk_parity,True
2023-02-01,Sentiment Tilt Risk Parity,O,0.029393790451033495,Equity,RealEstate,risk_parity,True
2023-02-01,Sentiment Tilt Risk Parity,PLD,0.017265082710312313,Equity,RealEstate,risk_parity,True
2023-02-01,Sentiment Tilt Risk Parity,PSA,0.02352832105759818,Equity,RealEstate,risk_parity,True
2023-02-01,Sentiment Tilt Risk Parity,ADBE,0.006595378567927638,Equity,Tech,risk_parity,True
2023-02-01,Sentiment Tilt Risk Parity,AMD,0.004525564506516392,Equity,Tech,risk_parity,True
2023-02-01,Sentiment Tilt Risk Parity,INTC,0.006841248398873368,Equity,Tech,risk_parity,True
2023-02-01,Sentiment Tilt Risk Parity,NVDA,0.004359249743826163,Equity,Tech,risk_parity,True
2023-02-01,Sentiment Tilt Risk Parity,QCOM,0.006111710537015571,Equity,Tech,risk_parity,True
2023-02-01,Sentiment Tilt Risk Parity,AEP,0.03465650193521319,Equity,Utilities,risk_parity,True
2023-02-01,Sentiment Tilt Risk Parity,D,0.038274748353751685,Equity,Utilities,risk_parity,True
2023-02-01,Sentiment Tilt Risk Parity,DUK,0.03985221924816524,Equity,Utilities,risk_parity,True
2023-02-01,Sentiment Tilt Risk Parity,NEE,0.029350487623421486,Equity,Utilities,risk_parity,True
2023-02-01,Sentiment Tilt Risk Parity,SO,0.03676232187159186,Equity,Utilities,risk_parity,True
2023-03-01,Sentiment Tilt Risk Parity,CMCSA,0.018517860780214494,Equity,Comm,risk_parity,True
2023-03-01,Sentiment Tilt Risk Parity,EA,0.024615548092955533,Equity,Comm,risk_parity,True
2023-03-01,Sentiment Tilt Risk Parity,T,0.025019269504525748,Equity,Comm,risk_parity,True
2023-03-01,Sentiment Tilt Risk Parity,TMUS,0.020688504646988674,Equity,Comm,risk_parity,True
2023-03-01,Sentiment Tilt Risk Parity,TTWO,0.017281613322183337,Equity,Comm,risk_parity,True
2023-03-01,Sentiment Tilt Risk Parity,DIS,0.01596599087469253,Equity,Consumer,risk_parity,True
2023-03-01,Sentiment Tilt Risk Parity,KO,0.030691400077773545,Equity,Consumer,risk_parity,True
2023-03-01,Sentiment Tilt Risk Parity,NKE,0.013603977833952154,Equity,Consumer,risk_parity,True
2023-03-01,Sentiment Tilt Risk Parity,SBUX,0.017285775516772066,Equity,Consumer,risk_parity,True
2023-03-01,Sentiment Tilt Risk Parity,WMT,0.03406052275608718,Equity,Consumer,risk_parity,True
2023-03-01,Sentiment Tilt Risk Parity,COP,0.01588157434074513,Equity,Energy,risk_parity,True
2023-03-01,Sentiment Tilt Risk Parity,CVX,0.019439491773708465,Equity,Energy,risk_parity,True
2023-03-01,Sentiment Tilt Risk Parity,OXY,0.014228499898162996,Equity,Energy,risk_parity,True
2023-03-01,Sentiment Tilt Risk Parity,SLB,0.015526714015941594,Equity,Energy,risk_parity,True
2023-03-01,Sentiment Tilt Risk Parity,XOM,0.019179111535916307,Equity,Energy,risk_parity,True
2023-03-01,Sentiment Tilt Risk Parity,GS,0.018091343726722085,Equity,Financials,risk_parity,True
2023-03-01,Sentiment Tilt Risk Parity,MS,0.01640080408951077,Equity,Financials,risk_parity,True
2023-03-01,Sentiment Tilt Risk Parity,USB,0.020086102998034486,Equity,Financials,risk_parity,True
2023-03-01,Sentiment Tilt Risk Parity,V,0.018491815671488162,Equity,Financials,risk_parity,True
2023-03-01,Sentiment Tilt Risk Parity,WFC,0.017573446052009955,Equity,Financials,risk_parity,True
2023-03-01,Sentiment Tilt Risk Parity,ABBV,0.01822153851973121,Equity,Healthcare,risk_parity,True
2023-03-01,Sentiment Tilt Risk Parity,ABT,0.010101011719602144,Equity,Healthcare,risk_parity,True
2023-03-01,Sentiment Tilt Risk Parity,AMGN,0.020045522593998756,Equity,Healthcare,risk_parity,True
2023-03-01,Sentiment Tilt Risk Parity,GILD,0.014258065853508244,Equity,Healthcare,risk_parity,True
2023-03-01,Sentiment Tilt Risk Parity,MRK,0.021993077008379002,Equity,Healthcare,risk_parity,True
2023-03-01,Sentiment Tilt Risk Parity,BA,0.015840997792292224,Equity,Industrials,risk_parity,True
2023-03-01,Sentiment Tilt Risk Parity,CAT,0.020009766989206434,Equity,Industrials,risk_parity,True
2023-03-01,Sentiment Tilt Risk Parity,GE,0.01820722813921843,Equity,Industrials,risk_parity,True
2023-03-01,Sentiment Tilt Risk Parity,MMM,0.023124746500922094,Equity,Industrials,risk_parity,True
2023-03-01,Sentiment Tilt Risk Parity,UPS,0.021508587158241693,Equity,Industrials,risk_parity,True
2023-03-01,Sentiment Tilt Risk Parity,DD,0.01854216342711998,Equity,Materials,risk_parity,True
2023-03-01,Sentiment Tilt Risk Parity,DOW,0.021245079929991674,Equity,Materials,risk_parity,True
2023-03-01,Sentiment Tilt Risk Parity,NEM,0.026995266729568024,Equity,Materials,risk_parity,True
2023-03-01,Sentiment Tilt Risk Parity,NUE,0.016434482843752412,Equity,Materials,risk_parity,True
2023-03-01,Sentiment Tilt Risk Parity,SHW,0.02193476111475439,Equity,Materials,risk_parity,True
2023-03-01,Sentiment Tilt Risk Parity,AMT,0.013415380900314567,Equity,RealEstate,risk_parity,True
2023-03-01,Sentiment Tilt Risk Parity,CCI,0.014126674665903135,Equity,RealEstate,risk_parity,True
2023-03-01,Sentiment Tilt Risk Parity,O,0.019723786542986326,Equity,RealEstate,risk_parity,True
2023-03-01,Sentiment Tilt Risk Parity,PLD,0.01160011587095921,Equity,RealEstate,risk_parity,True
2023-03-01,Sentiment Tilt Risk Parity,PSA,0.015913410728792505,Equity,RealEstate,risk_parity,True
2023-03-01,Sentiment Tilt Risk Parity,ADBE,0.020495033100884883,Equity,Tech,risk_parity,True
2023-03-01,Sentiment Tilt Risk Parity,AMD,0.014412839683734456,Equity,Tech,risk_parity,True
2023-03-01,Sentiment Tilt Risk Parity,INTC,0.021043790552863706,Equity,Tech,risk_parity,True
2023-03-01,Sentiment Tilt Risk Parity,NVDA,0.013898365643449836,Equity,Tech,risk_parity,True
2023-03-01,Sentiment Tilt Risk Parity,QCOM,0.019496044263097874,Equity,Tech,risk_parity,True
2023-03-01,Sentiment Tilt Risk Parity,AEP,0.02960696705396439,Equity,Utilities,risk_parity,True
2023-03-01,Sentiment Tilt Risk Parity,D,0.03293409978906578,Equity,Utilities,risk_parity,True
2023-03-01,Sentiment Tilt Risk Parity,DUK,0.034945581233702006,Equity,Utilities,risk_parity,True
2023-03-01,Sentiment Tilt Risk Parity,NEE,0.025681616613829086,Equity,Utilities,risk_parity,True
2023-03-01,Sentiment Tilt Risk Parity,SO,0.03161462952778035,Equity,Utilities,risk_parity,True
2023-04-03,Sentiment Tilt Risk Parity,CMCSA,0.02894377176035374,Equity,Comm,risk_parity,True
2023-04-03,Sentiment Tilt Risk Parity,EA,0.03918567504438664,Equity,Comm,risk_parity,True
2023-04-03,Sentiment Tilt Risk Parity,T,0.03946167870088208,Equity,Comm,risk_parity,True
2023-04-03,Sentiment Tilt Risk Parity,TMUS,0.03331597790291716,Equity,Comm,risk_parity,True
2023-04-03,Sentiment Tilt Risk Parity,TTWO,0.027148545947211642,Equity,Comm,risk_parity,True
2023-04-03,Sentiment Tilt Risk Parity,DIS,0.011917778978743916,Equity,Consumer,risk_parity,True
2023-04-03,Sentiment Tilt Risk Parity,KO,0.0232673631244293,Equity,Consumer,risk_parity,True
2023-04-03,Sentiment Tilt Risk Parity,NKE,0.010397825554254213,Equity,Consumer,risk_parity,True
2023-04-03,Sentiment Tilt Risk Parity,SBUX,0.013421126270301557,Equity,Consumer,risk_parity,True
2023-04-03,Sentiment Tilt Risk Parity,WMT,0.025398353313829638,Equity,Consumer,risk_parity,True
2023-04-03,Sentiment Tilt Risk Parity,COP,0.018314507612935474,Equity,Energy,risk_parity,True
2023-04-03,Sentiment Tilt Risk Parity,CVX,0.021677339774786954,Equity,Energy,risk_parity,True
2023-04-03,Sentiment Tilt Risk Parity,OXY,0.01701843634849407,Equity,Energy,risk_parity,True
2023-04-03,Sentiment Tilt Risk Parity,SLB,0.01717338387173025,Equity,Energy,risk_parity,True
2023-04-03,Sentiment Tilt Risk Parity,XOM,0.021451534786771274,Equity,Energy,risk_parity,True
2023-04-03,Sentiment Tilt Risk Parity,GS,0.020547355553487343,Equity,Financials,risk_parity,True
2023-04-03,Sentiment Tilt Risk Parity,MS,0.01885402285371706,Equity,Financials,risk_parity,True
2023-04-03,Sentiment Tilt Risk Parity,USB,0.021028153033777485,Equity,Financials,risk_parity,True
2023-04-03,Sentiment Tilt Risk Parity,V,0.021895594830721826,Equity,Financials,risk_parity,True
2023-04-03,Sentiment Tilt Risk Parity,WFC,0.020110385251197332,Equity,Financials,risk_parity,True
2023-04-03,Sentiment Tilt Risk Parity,ABBV,0.032569876957881126,Equity,Healthcare,risk_parity,True
2023-04-03,Sentiment Tilt Risk Parity,ABT,0.018087069505245204,Equity,Healthcare,risk_parity,True
2023-04-03,Sentiment Tilt Risk Parity,AMGN,0.03574227392175803,Equity,Healthcare,risk_parity,True
2023-04-03,Sentiment Tilt Risk Parity,GILD,0.024864203678843056,Equity,Healthcare,risk_parity,True
2023-04-03,Sentiment Tilt Risk Parity,MRK,0.03872762244924094,Equity,Healthcare,risk_parity,True
2023-04-03,Sentiment Tilt Risk Parity,BA,0.0068449186425852265,Equity,Industrials,risk_parity,True
2023-04-03,Sentiment Tilt Risk Parity,CAT,0.008237847401636501,Equity,Industrials,risk_parity,True
2023-04-03,Sentiment Tilt Risk Parity,GE,0.008006675684033009,Equity,Industrials,risk_parity,True
2023-04-03,Sentiment Tilt Risk Parity,MMM,0.009973628683991133,Equity,Industrials,risk_parity,True
2023-04-03,Sentiment Tilt Risk Parity,UPS,0.009641164270023464,Equity,Industrials,risk_parity,True
2023-04-03,Sentiment Tilt Risk Parity,DD,0.01190777406441863,Equity,Materials,risk_parity,True
2023-04-03,Sentiment Tilt Risk Parity,DOW,0.01355881419782518,Equity,Materials,risk_parity,True
2023-04-03,Sentiment Tilt Risk Parity,NEM,0.017105845382473405,Equity,Materials,risk_parity,True
2023-04-03,Sentiment Tilt Risk Parity,NUE,0.010232030710420678,Equity,Materials,risk_parity,True
2023-04-03,Sentiment Tilt Risk Parity,SHW,0.013657264293989734,Equity,Materials,risk_parity,True
2023-04-03,Sentiment Tilt Risk Parity,AMT,0.02153810418120675,Equity,RealEstate,risk_parity,True
2023-04-03,Sentiment Tilt Risk Parity,CCI,0.022642795514046656,Equity,RealEstate,risk_parity,True
2023-04-03,Sentiment Tilt Risk Parity,O,0.03155505003726332,Equity,RealEstate,risk_parity,True
2023-04-03,Sentiment Tilt Risk Parity,PLD,0.018205792263718882,Equity,RealEstate,risk_parity,True
2023-04-03,Sentiment Tilt Risk Parity,PSA,0.025476352020553858,Equity,RealEstate,risk_parity,True
2023-04-03,Sentiment Tilt Risk Parity,ADBE,0.015891666043588683,Equity,Tech,risk_parity,True
2023-04-03,Sentiment Tilt Risk Parity,AMD,0.011506068479195764,Equity,Tech,risk_parity,True
2023-04-03,Sentiment Tilt Risk Parity,INTC,0.01641068237155829,Equity,Tech,risk_parity,True
2023-04-03,Sentiment Tilt Risk Parity,NVDA,0.01110773600140341,Equity,Tech,risk_parity,True
2023-04-03,Sentiment Tilt Risk Parity,QCOM,0.015585346848249814,Equity,Tech,risk_parity,True
2023-04-03,Sentiment Tilt Risk Parity,AEP,0.019297732979953984,Equity,Utilities,risk_parity,True
2023-04-03,Sentiment Tilt Risk Parity,D,0.021581502955726344,Equity,Utilities,risk_parity,True
2023-04-03,Sentiment Tilt Risk Parity,DUK,0.02236071853381858,Equity,Utilities,risk_parity,True
2023-04-03,Sentiment Tilt Risk Parity,NEE,0.01650167875556371,Equity,Utilities,risk_parity,True
2023-04-03,Sentiment Tilt Risk Parity,SO,0.020652952654857636,Equity,Utilities,risk_parity,True
2023-05-01,Sentiment Tilt Risk Parity,CMCSA,0.01435825560956499,Equity,Comm,risk_parity,True
2023-05-01,Sentiment Tilt Risk Parity,EA,0.019014628505430675,Equity,Comm,risk_parity,True
2023-05-01,Sentiment Tilt Risk Parity,T,0.01892853910927307,Equity,Comm,risk_parity,True
2023-05-01,Sentiment Tilt Risk Parity,TMUS,0.017550410458815495,Equity,Comm,risk_parity,True
2023-05-01,Sentiment Tilt Risk Parity,TTWO,0.013588983363505386,Equity,Comm,risk_parity,True
2023-05-01,Sentiment Tilt Risk Parity,DIS,0.02016567224133314,Equity,Consumer,risk_parity,True
2023-05-01,Sentiment Tilt Risk Parity,KO,0.03961361141176186,Equity,Consumer,risk_parity,True
2023-05-01,Sentiment Tilt Risk Parity,NKE,0.01811429631727515,Equity,Consumer,risk_parity,True
2023-05-01,Sentiment Tilt Risk Parity,SBUX,0.023062036449885658,Equity,Consumer,risk_parity,True
2023-05-01,Sentiment Tilt Risk Parity,WMT,0.04411864089487572,Equity,Consumer,risk_parity,True
2023-05-01,Sentiment Tilt Risk Parity,COP,0.021943980491455586,Equity,Energy,risk_parity,True
2023-05-01,Sentiment Tilt Risk Parity,CVX,0.02621916668954487,Equity,Energy,risk_parity,True
2023-05-01,Sentiment Tilt Risk Parity,OXY,0.02105371464675576,Equity,Energy,risk_parity,True
2023-05-01,Sentiment Tilt Risk Parity,SLB,0.020071223236835897,Equity,Energy,risk_parity,True
2023-05-01,Sentiment Tilt Risk Parity,XOM,0.02566620540002714,Equity,Energy,risk_parity,True
2023-05-01,Sentiment Tilt Risk Parity,GS,0.012369233536703605,Equity,Financials,risk_parity,True
2023-05-01,Sentiment Tilt Risk Parity,MS,0.01141305579891358,Equity,Financials,risk_parity,True
2023-05-01,Sentiment Tilt Risk Parity,USB,0.012122979831348617,Equity,Financials,risk_parity,True
2023-05-01,Sentiment Tilt Risk Parity,V,0.013197074119615172,Equity,Financials,risk_parity,True
2023-05-01,Sentiment Tilt Risk Parity,WFC,0.011803400750163992,Equity,Financials,risk_parity,True
2023-05-01,Sentiment Tilt Risk Parity,ABBV,0.02363818968773583,Equity,Healthcare,risk_parity,True
2023-05-01,Sentiment Tilt Risk Parity,ABT,0.012987227390478633,Equity,Healthcare,risk_parity,True
2023-05-01,Sentiment Tilt Risk Parity,AMGN,0.025175229872068564,Equity,Healthcare,risk_parity,True
2023-05-01,Sentiment Tilt Risk Parity,GILD,0.01784197781118847,Equity,Healthcare,risk_parity,True
2023-05-01,Sentiment Tilt Risk Parity,MRK,0.027187603575710335,Equity,Healthcare,risk_parity,True
2023-05-01,Sentiment Tilt Risk Parity,BA,0.01196941850547979,Equity,Industrials,risk_parity,True
2023-05-01,Sentiment Tilt Risk Parity,CAT,0.014494709271927853,Equity,Industrials,risk_parity,True
2023-05-01,Sentiment Tilt Risk Parity,GE,0.01434721755971084,Equity,Industrials,risk_parity,True
2023-05-01,Sentiment Tilt Risk Parity,MMM,0.01708557416458188,Equity,Industrials,risk_parity,True
2023-05-01,Sentiment Tilt Risk Parity,UPS,0.016057528121594444,Equity,Industrials,risk_parity,True
2023-05-01,Sentiment Tilt Risk Parity,DD,0.01898319810671522,Equity,Materials,risk_parity,True
2023-05-01,Sentiment Tilt Risk Parity,DOW,0.020844304001302837,Equity,Materials,risk_parity,True
2023-05-01,Sentiment Tilt Risk Parity,NEM,0.027829209880616747,Equity,Materials,risk_parity,True
2023-05-01,Sentiment Tilt Risk Parity,NUE,0.016256145677496357,Equity,Materials,risk_parity,True
2023-05-01,Sentiment Tilt Risk Parity,SHW,0.020704587734121205,Equity,Materials,risk_parity,True
2023-05-01,Sentiment Tilt Risk Parity,AMT,0.026055752681108494,Equity,RealEstate,risk_parity,True
2023-05-01,Sentiment Tilt Risk Parity,CCI,0.02692659624306106,Equity,RealEstate,risk_parity,True
2023-05-01,Sentiment Tilt Risk Parity,O,0.03868664397363624,Equity,RealEstate,risk_parity,True
2023-05-01,Sentiment Tilt Risk Parity,PLD,0.02192979088784004,Equity,RealEstate,risk_parity,True
2023-05-01,Sentiment Tilt Risk Parity,PSA,0.03128490241096784,Equity,RealEstate,risk_parity,True
2023-05-01,Sentiment Tilt Risk Parity,ADBE,0.011410310215974115,Equity,Tech,risk_parity,True
2023-05-01,Sentiment Tilt Risk Parity,AMD,0.008465252694523365,Equity,Tech,risk_parity,True
2023-05-01,Sentiment Tilt Risk Parity,INTC,0.011711375080744654,Equity,Tech,risk_parity,True
2023-05-01,Sentiment Tilt Risk Parity,NVDA,0.008073913876413114,Equity,Tech,risk_parity,True
2023-05-01,Sentiment Tilt Risk Parity,QCOM,0.011122203975105674,Equity,Tech,risk_parity,True
2023-05-01,Sentiment Tilt Risk Parity,AEP,0.02207724850748406,Equity,Utilities,risk_parity,True
2023-05-01,Sentiment Tilt Risk Parity,D,0.024562820020333834,Equity,Utilities,risk_parity,True
2023-05-01,Sentiment Tilt Risk Parity,DUK,0.02541042232501338,Equity,Utilities,risk_parity,True
2023-05-01,Sentiment Tilt Risk Parity,NEE,0.018827878012067152,Equity,Utilities,risk_parity,True
2023-05-01,Sentiment Tilt Risk Parity,SO,0.0236776588719127,Equity,Utilities,risk_parity,True
2023-06-01,Sentiment Tilt Risk Parity,CMCSA,0.01749676400446631,Equity,Comm,risk_parity,True
2023-06-01,Sentiment Tilt Risk Parity,EA,0.02551161977462355,Equity,Comm,risk_parity,True
2023-06-01,Sentiment Tilt Risk Parity,T,0.023554154830187416,Equity,Comm,risk_parity,True
2023-06-01,Sentiment Tilt Risk Parity,TMUS,0.025655378454147386,Equity,Comm,risk_parity,True
2023-06-01,Sentiment Tilt Risk Parity,TTWO,0.018571657003556254,Equity,Comm,risk_parity,True
2023-06-01,Sentiment Tilt Risk Parity,DIS,0.011964686644901978,Equity,Consumer,risk_parity,True
2023-06-01,Sentiment Tilt Risk Parity,KO,0.026303742372203568,Equity,Consumer,risk_parity,True
2023-06-01,Sentiment Tilt Risk Parity,NKE,0.011149160238065762,Equity,Consumer,risk_parity,True
2023-06-01,Sentiment Tilt Risk Parity,SBUX,0.015094313737641649,Equity,Consumer,risk_parity,True
2023-06-01,Sentiment Tilt Risk Parity,WMT,0.026440909566691383,Equity,Consumer,risk_parity,True
2023-06-01,Sentiment Tilt Risk Parity,COP,0.022348603213516196,Equity,Energy,risk_parity,True
2023-06-01,Sentiment Tilt Risk Parity,CVX,0.026271200183373682,Equity,Energy,risk_parity,True
2023-06-01,Sentiment Tilt Risk Parity,OXY,0.022678755384606303,Equity,Energy,risk_parity,True
2023-06-01,Sentiment Tilt Risk Parity,SLB,0.021207740229784132,Equity,Energy,risk_parity,True
2023-06-01,Sentiment Tilt Risk Parity,XOM,0.025598562741909622,Equity,Energy,risk_parity,True
2023-06-01,Sentiment Tilt Risk Parity,GS,0.013934249173438225,Equity,Financials,risk_parity,True
2023-06-01,Sentiment Tilt Risk Parity,MS,0.013056566423662607,Equity,Financials,risk_parity,True
2023-06-01,Sentiment Tilt Risk Parity,USB,0.012152361880124208,Equity,Financials,risk_parity,True
2023-06-01,Sentiment Tilt Risk Parity,V,0.015572953687744124,Equity,Financials,risk_parity,True
2023-06-01,Sentiment Tilt Risk Parity,WFC,0.013234812587544303,Equity,Financials,risk_parity,True
2023-06-01,Sentiment Tilt Risk Parity,ABBV,0.03927047958285333,Equity,Healthcare,risk_parity,True
2023-06-01,Sentiment Tilt Risk Parity,ABT,0.02338478679965461,Equity,Healthcare,risk_parity,True
2023-06-01,Sentiment Tilt Risk Parity,AMGN,0.03795795787672677,Equity,Healthcare,risk_parity,True
2023-06-01,Sentiment Tilt Risk Parity,GILD,0.02917184343290366,Equity,Healthcare,risk_parity,True
2023-06-01,Sentiment Tilt Risk Parity,MRK,0.047003283497771796,Equity,Healthcare,risk_parity,True
2023-06-01,Sentiment Tilt Risk Parity,BA,0.01202125129606951,Equity,Industrials,risk_parity,True
2023-06-01,Sentiment Tilt Risk Parity,CAT,0.01336273797238178,Equity,Industrials,risk_parity,True
2023-06-01,Sentiment Tilt Risk Parity,GE,0.013873322794892465,Equity,Industrials,risk_parity,True
2023-06-01,Sentiment Tilt Risk Parity,MMM,0.01521604364833585,Equity,Industrials,risk_parity,True
2023-06-01,Sentiment Tilt Risk Parity,UPS,0.015356940273057318,Equity,Industrials,risk_parity,True
2023-06-01,Sentiment Tilt Risk Parity,DD,0.018563865261631816,Equity,Materials,risk_parity,True
2023-06-01,Sentiment Tilt Risk Parity,DOW,0.020019806068087277,Equity,Materials,risk_parity,True
2023-06-01,Sentiment Tilt Risk Parity,NEM,0.027179081165807337,Equity,Materials,risk_parity,True
2023-06-01,Sentiment Tilt Risk Parity,NUE,0.01657797364256321,Equity,Materials,risk_parity,True
2023-06-01,Sentiment Tilt Risk Parity,SHW,0.019897989401728784,Equity,Materials,risk_parity,True
2023-06-01,Sentiment Tilt Risk Parity,AMT,0.025493947324540536,Equity,RealEstate,risk_parity,True
2023-06-01,Sentiment Tilt Risk Parity,CCI,0.025779798097344476,Equity,RealEstate,risk_parity,True
2023-06-01,Sentiment Tilt Risk Parity,O,0.03838460654366606,Equity,RealEstate,risk_parity,True
2023-06-01,Sentiment Tilt Risk Parity,PLD,0.022573855125151334,Equity,RealEstate,risk_parity,True
2023-06-01,Sentiment Tilt Risk Parity,PSA,0.032596065213296076,Equity,RealEstate,risk_parity,True
2023-06-01,Sentiment Tilt Risk Parity,ADBE,0.011096741318452938,Equity,Tech,risk_parity,True
2023-06-01,Sentiment Tilt Risk Parity,AMD,0.00903079122158584,Equity,Tech,risk_parity,True
2023-06-01,Sentiment Tilt Risk Parity,INTC,0.011710137218465994,Equity,Tech,risk_parity,True
2023-06-01,Sentiment Tilt Risk Parity,NVDA,0.008461467629678615,Equity,Tech,risk_parity,True
2023-06-01,Sentiment Tilt Risk Parity,QCOM,0.011309791211186708,Equity,Tech,risk_parity,True
2023-06-01,Sentiment Tilt Risk Parity,AEP,0.012822503248318332,Equity,Utilities,risk_parity,True
2023-06-01,Sentiment Tilt Risk Parity,D,0.014013406938457094,Equity,Utilities,risk_parity,True
2023-06-01,Sentiment Tilt Risk Parity,DUK,0.014639337965920162,Equity,Utilities,risk_parity,True
2023-06-01,Sentiment Tilt Risk Parity,NEE,0.01157956203097399,Equity,Utilities,risk_parity,True
2023-06-01,Sentiment Tilt Risk Parity,SO,0.013852434066307751,Equity,Utilities,risk_parity,True
2023-07-03,Sentiment Tilt Risk Parity,CMCSA,0.012829534882214642,Equity,Comm,risk_parity,True
2023-07-03,Sentiment Tilt Risk Parity,EA,0.019767341372793647,Equity,Comm,risk_parity,True
2023-07-03,Sentiment Tilt Risk Parity,T,0.018551496991939188,Equity,Comm,risk_parity,True
2023-07-03,Sentiment Tilt Risk Parity,TMUS,0.02159111361248351,Equity,Comm,risk_parity,True
2023-07-03,Sentiment Tilt Risk Parity,TTWO,0.014708170945921238,Equity,Comm,risk_parity,True
2023-07-03,Sentiment Tilt Risk Parity,DIS,0.01720994766608389,Equity,Consumer,risk_parity,True
2023-07-03,Sentiment Tilt Risk Parity,KO,0.03836042333635207,Equity,Consumer,risk_parity,True
2023-07-03,Sentiment Tilt Risk Parity,NKE,0.01666357037534367,Equity,Consumer,risk_parity,True
2023-07-03,Sentiment Tilt Risk Parity,SBUX,0.0232487299888262,Equity,Consumer,risk_parity,True
2023-07-03,Sentiment Tilt Risk Parity,WMT,0.038037778550556095,Equity,Consumer,risk_parity,True
2023-07-03,Sentiment Tilt Risk Parity,COP,0.015416107859051903,Equity,Energy,risk_parity,True
2023-07-03,Sentiment Tilt Risk Parity,CVX,0.017812571070546596,Equity,Energy,risk_parity,True
2023-07-03,Sentiment Tilt Risk Parity,OXY,0.015914023281631183,Equity,Energy,risk_parity,True
2023-07-03,Sentiment Tilt Risk Parity,SLB,0.014399740694656719,Equity,Energy,risk_parity,True
2023-07-03,Sentiment Tilt Risk Parity,XOM,0.017668592600013775,Equity,Energy,risk_parity,True
2023-07-03,Sentiment Tilt Risk Parity,GS,0.015298940086057077,Equity,Financials,risk_parity,True
2023-07-03,Sentiment Tilt Risk Parity,MS,0.014248808864109768,Equity,Financials,risk_parity,True
2023-07-03,Sentiment Tilt Risk Parity,USB,0.012689718078334938,Equity,Financials,risk_parity,True
2023-07-03,Sentiment Tilt Risk Parity,V,0.01829074124103071,Equity,Financials,risk_parity,True
2023-07-03,Sentiment Tilt Risk Parity,WFC,0.014757648769102887,Equity,Financials,risk_parity,True
2023-07-03,Sentiment Tilt Risk Parity,ABBV,0.03091985211738666,Equity,Healthcare,risk_parity,True
2023-07-03,Sentiment Tilt Risk Parity,ABT,0.018322588392724843,Equity,Healthcare,risk_parity,True
2023-07-03,Sentiment Tilt Risk Parity,AMGN,0.027153684368360246,Equity,Healthcare,risk_parity,True
2023-07-03,Sentiment Tilt Risk Parity,GILD,0.021237867915122402,Equity,Healthcare,risk_parity,True
2023-07-03,Sentiment Tilt Risk Parity,MRK,0.03892532196585429,Equity,Healthcare,risk_parity,True
2023-07-03,Sentiment Tilt Risk Parity,BA,0.021025956024306677,Equity,Industrials,risk_parity,True
2023-07-03,Sentiment Tilt Risk Parity,CAT,0.021204278107612554,Equity,Industrials,risk_parity,True
2023-07-03,Sentiment Tilt Risk Parity,GE,0.024421222517909673,Equity,Industrials,risk_parity,True
2023-07-03,Sentiment Tilt Risk Parity,MMM,0.02322202624293727,Equity,Industrials,risk_parity,True
2023-07-03,Sentiment Tilt Risk Parity,UPS,0.024005956374870328,Equity,Industrials,risk_parity,True
2023-07-03,Sentiment Tilt Risk Parity,DD,0.008022999702011027,Equity,Materials,risk_parity,True
2023-07-03,Sentiment Tilt Risk Parity,DOW,0.008437721627230612,Equity,Materials,risk_parity,True
2023-07-03,Sentiment Tilt Risk Parity,NEM,0.010827529364873486,Equity,Materials,risk_parity,True
2023-07-03,Sentiment Tilt Risk Parity,NUE,0.007102198411432021,Equity,Materials,risk_parity,True
2023-07-03,Sentiment Tilt Risk Parity,SHW,0.008582657994095052,Equity,Materials,risk_parity,True
2023-07-03,Sentiment Tilt Risk Parity,AMT,0.015385136202596685,Equity,RealEstate,risk_parity,True
2023-07-03,Sentiment Tilt Risk Parity,CCI,0.015659488906407167,Equity,RealEstate,risk_parity,True
2023-07-03,Sentiment Tilt Risk Parity,O,0.023146821403285285,Equity,RealEstate,risk_parity,True
2023-07-03,Sentiment Tilt Risk Parity,PLD,0.014120222611210832,Equity,RealEstate,risk_parity,True
2023-07-03,Sentiment Tilt Risk Parity,PSA,0.01916073412114097,Equity,RealEstate,risk_parity,True
2023-07-03,Sentiment Tilt Risk Parity,ADBE,0.014740035883154935,Equity,Tech,risk_parity,True
2023-07-03,Sentiment Tilt Risk Parity,AMD,0.012838560885697715,Equity,Tech,risk_parity,True
2023-07-03,Sentiment Tilt Risk Parity,INTC,0.014941352457879383,Equity,Tech,risk_parity,True
2023-07-03,Sentiment Tilt Risk Parity,NVDA,0.011824313777018805,Equity,Tech,risk_parity,True
2023-07-03,Sentiment Tilt Risk Parity,QCOM,0.014548257041037021,Equity,Tech,risk_parity,True
2023-07-03,Sentiment Tilt Risk Parity,AEP,0.03300042322150876,Equity,Utilities,risk_parity,True
2023-07-03,Sentiment Tilt Risk Parity,D,0.035429930721418236,Equity,Utilities,risk_parity,True
2023-07-03,Sentiment Tilt Risk Parity,DUK,0.03713319795249523,Equity,Utilities,risk_parity,True
2023-07-03,Sentiment Tilt Risk Parity,NEE,0.031029133336060003,Equity,Utilities,risk_parity,True
2023-07-03,Sentiment Tilt Risk Parity,SO,0.03616553008531209,Equity,Utilities,risk_parity,True
2023-08-01,Sentiment Tilt Risk Parity,CMCSA,0.016783687086928973,Equity,Comm,risk_parity,True
2023-08-01,Sentiment Tilt Risk Parity,EA,0.02606847095797631,Equity,Comm,risk_parity,True
2023-08-01,Sentiment Tilt Risk Parity,T,0.02350918035632063,Equity,Comm,risk_parity,True
2023-08-01,Sentiment Tilt Risk Parity,TMUS,0.029416514423610086,Equity,Comm,risk_parity,True
2023-08-01,Sentiment Tilt Risk Parity,TTWO,0.019295860463797585,Equity,Comm,risk_parity,True
2023-08-01,Sentiment Tilt Risk Parity,DIS,0.011802986575712363,Equity,Consumer,risk_parity,True
2023-08-01,Sentiment Tilt Risk Parity,KO,0.026039686305353534,Equity,Consumer,risk_parity,True
2023-08-01,Sentiment Tilt Risk Parity,NKE,0.011463780524766478,Equity,Consumer,risk_parity,True
2023-08-01,Sentiment Tilt Risk Parity,SBUX,0.015824155798058598,Equity,Consumer,risk_parity,True
2023-08-01,Sentiment Tilt Risk Parity,WMT,0.026177988709230715,Equity,Consumer,risk_parity,True
2023-08-01,Sentiment Tilt Risk Parity,COP,0.02529349394864751,Equity,Energy,risk_parity,True
2023-08-01,Sentiment Tilt Risk Parity,CVX,0.029294386848576583,Equity,Energy,risk_parity,True
2023-08-01,Sentiment Tilt Risk Parity,OXY,0.026482343026277496,Equity,Energy,risk_parity,True
2023-08-01,Sentiment Tilt Risk Parity,SLB,0.02388706168701372,Equity,Energy,risk_parity,True
2023-08-01,Sentiment Tilt Risk Parity,XOM,0.02923847409108092,Equity,Energy,risk_parity,True
2023-08-01,Sentiment Tilt Risk Parity,GS,0.010852535617410078,Equity,Financials,risk_parity,True
2023-08-01,Sentiment Tilt Risk Parity,MS,0.009972207636683309,Equity,Financials,risk_parity,True
2023-08-01,Sentiment Tilt Risk Parity,USB,0.008511907318150998,Equity,Financials,risk_parity,True
2023-08-01,Sentiment Tilt Risk Parity,V,0.012807024938953932,Equity,Financials,risk_parity,True
2023-08-01,Sentiment Tilt Risk Parity,WFC,0.010588499297612684,Equity,Financials,risk_parity,True
2023-08-01,Sentiment Tilt Risk Parity,ABBV,0.038967051918514295,Equity,Healthcare,risk_parity,True
2023-08-01,Sentiment Tilt Risk Parity,ABT,0.02357858778664793,Equity,Healthcare,risk_parity,True
2023-08-01,Sentiment Tilt Risk Parity,AMGN,0.03383227986140558,Equity,Healthcare,risk_parity,True
2023-08-01,Sentiment Tilt Risk Parity,GILD,0.0266310810100735,Equity,Healthcare,risk_parity,True
2023-08-01,Sentiment Tilt Risk Parity,MRK,0.04797023434242036,Equity,Healthcare,risk_parity,True
2023-08-01,Sentiment Tilt Risk Parity,BA,0.012353775716984445,Equity,Industrials,risk_parity,True
2023-08-01,Sentiment Tilt Risk Parity,CAT,0.01271625901005951,Equity,Industrials,risk_parity,True
2023-08-01,Sentiment Tilt Risk Parity,GE,0.01462736042564216,Equity,Industrials,risk_parity,True
2023-08-01,Sentiment Tilt Risk Parity,MMM,0.012798247668422547,Equity,Industrials,risk_parity,True
2023-08-01,Sentiment Tilt Risk Parity,UPS,0.01411256423498129,Equity,Industrials,risk_parity,True
2023-08-01,Sentiment Tilt Risk Parity,DD,0.008635811333491313,Equity,Materials,risk_parity,True
2023-08-01,Sentiment Tilt Risk Parity,DOW,0.009051956946311753,Equity,Materials,risk_parity,True
2023-08-01,Sentiment Tilt Risk Parity,NEM,0.01094981672100034,Equity,Materials,risk_parity,True
2023-08-01,Sentiment Tilt Risk Parity,NUE,0.007628568736179532,Equity,Materials,risk_parity,True
2023-08-01,Sentiment Tilt Risk Parity,SHW,0.008792761963598841,Equity,Materials,risk_parity,True
2023-08-01,Sentiment Tilt Risk Parity,AMT,0.015857558636488394,Equity,RealEstate,risk_parity,True
2023-08-01,Sentiment Tilt Risk Parity,CCI,0.01608934608384642,Equity,RealEstate,risk_parity,True
2023-08-01,Sentiment Tilt Risk Parity,O,0.023810884554592317,Equity,RealEstate,risk_parity,True
2023-08-01,Sentiment Tilt Risk Parity,PLD,0.01490030533805836,Equity,RealEstate,risk_parity,True
2023-08-01,Sentiment Tilt Risk Parity,PSA,0.020167905040829243,Equity,RealEstate,risk_parity,True
2023-08-01,Sentiment Tilt Risk Parity,ADBE,0.016056958443664778,Equity,Tech,risk_parity,True
2023-08-01,Sentiment Tilt Risk Parity,AMD,0.014312108049549983,Equity,Tech,risk_parity,True
2023-08-01,Sentiment Tilt Risk Parity,INTC,0.015971015113169174,Equity,Tech,risk_parity,True
2023-08-01,Sentiment Tilt Risk Parity,NVDA,0.012936506167846345,Equity,Tech,risk_parity,True
2023-08-01,Sentiment Tilt Risk Parity,QCOM,0.015452301061086002,Equity,Tech,risk_parity,True
2023-08-01,Sentiment Tilt Risk Parity,AEP,0.030298030570124004,Equity,Utilities,risk_parity,True
2023-08-01,Sentiment Tilt Risk Parity,D,0.032098095182475576,Equity,Utilities,risk_parity,True
2023-08-01,Sentiment Tilt Risk Parity,DUK,0.03373628673192242,Equity,Utilities,risk_parity,True
2023-08-01,Sentiment Tilt Risk Parity,NEE,0.028919364973148502,Equity,Utilities,risk_parity,True
2023-08-01,Sentiment Tilt Risk Parity,SO,0.03343673076530255,Equity,Utilities,risk_parity,True
2023-09-01,Sentiment Tilt Risk Parity,CMCSA,0.015048322884315405,Equity,Comm,risk_parity,True
2023-09-01,Sentiment Tilt Risk Parity,EA,0.021605309259376183,Equity,Comm,risk_parity,True
2023-09-01,Sentiment Tilt Risk Parity,T,0.020788625189727343,Equity,Comm,risk_parity,True
2023-09-01,Sentiment Tilt Risk Parity,TMUS,0.025992169081135184,Equity,Comm,risk_parity,True
2023-09-01,Sentiment Tilt Risk Parity,TTWO,0.017012886274675298,Equity,Comm,risk_parity,True
2023-09-01,Sentiment Tilt Risk Parity,DIS,0.019338867614205633,Equity,Consumer,risk_parity,True
2023-09-01,Sentiment Tilt Risk Parity,KO,0.04294056764171072,Equity,Consumer,risk_parity,True
2023-09-01,Sentiment Tilt Risk Parity,NKE,0.018692231350613965,Equity,Consumer,risk_parity,True
2023-09-01,Sentiment Tilt Risk Parity,SBUX,0.02608428148179383,Equity,Consumer,risk_parity,True
2023-09-01,Sentiment Tilt Risk Parity,WMT,0.0436169656307042,Equity,Consumer,risk_parity,True
2023-09-01,Sentiment Tilt Risk Parity,COP,0.010279985303949427,Equity,Energy,risk_parity,True
2023-09-01,Sentiment Tilt Risk Parity,CVX,0.012043542761801364,Equity,Energy,risk_parity,True
2023-09-01,Sentiment Tilt Risk Parity,OXY,0.010757078093355733,Equity,Energy,risk_parity,True
2023-09-01,Sentiment Tilt Risk Parity,SLB,0.009695549421368544,Equity,Energy,risk_parity,True
2023-09-01,Sentiment Tilt Risk Parity,XOM,0.012057804084953562,Equity,Energy,risk_parity,True
2023-09-01,Sentiment Tilt Risk Parity,GS,0.014200317456292083,Equity,Financials,risk_parity,True
2023-09-01,Sentiment Tilt Risk Parity,MS,0.013251954891063952,Equity,Financials,risk_parity,True
2023-09-01,Sentiment Tilt Risk Parity,USB,0.011027809976467753,Equity,Financials,risk_parity,True
2023-09-01,Sentiment Tilt Risk Parity,V,0.017004695143066947,Equity,Financials,risk_parity,True
2023-09-01,Sentiment Tilt Risk Parity,WFC,0.013989728304661657,Equity,Financials,risk_parity,True
2023-09-01,Sentiment Tilt Risk Parity,ABBV,0.029279745267843493,Equity,Healthcare,risk_parity,True
2023-09-01,Sentiment Tilt Risk Parity,ABT,0.017939544970344827,Equity,Healthcare,risk_parity,True
2023-09-01,Sentiment Tilt Risk Parity,AMGN,0.026032679507832425,Equity,Healthcare,risk_parity,True
2023-09-01,Sentiment Tilt Risk Parity,GILD,0.019929963534929835,Equity,Healthcare,risk_parity,True
2023-09-01,Sentiment Tilt Risk Parity,MRK,0.03536540345077459,Equity,Healthcare,risk_parity,True
2023-09-01,Sentiment Tilt Risk Parity,BA,0.010169502808001487,Equity,Industrials,risk_parity,True
2023-09-01,Sentiment Tilt Risk Parity,CAT,0.010924579017016853,Equity,Industrials,risk_parity,True
2023-09-01,Sentiment Tilt Risk Parity,GE,0.012343857643734425,Equity,Industrials,risk_parity,True
2023-09-01,Sentiment Tilt Risk Parity,MMM,0.01096969541224086,Equity,Industrials,risk_parity,True
2023-09-01,Sentiment Tilt Risk Parity,UPS,0.01157275423429747,Equity,Industrials,risk_parity,True
2023-09-01,Sentiment Tilt Risk Parity,DD,0.021362318208988325,Equity,Materials,risk_parity,True
2023-09-01,Sentiment Tilt Risk Parity,DOW,0.021919102936648206,Equity,Materials,risk_parity,True
2023-09-01,Sentiment Tilt Risk Parity,NEM,0.025944301023006253,Equity,Materials,risk_parity,True
2023-09-01,Sentiment Tilt Risk Parity,NUE,0.018507293371016018,Equity,Materials,risk_parity,True
2023-09-01,Sentiment Tilt Risk Parity,SHW,0.021291883518175653,Equity,Materials,risk_parity,True
2023-09-01,Sentiment Tilt Risk Parity,AMT,0.022831803366411864,Equity,RealEstate,risk_parity,True
2023-09-01,Sentiment Tilt Risk Parity,CCI,0.0232682554020984,Equity,RealEstate,risk_parity,True
2023-09-01,Sentiment Tilt Risk Parity,O,0.033841715402495795,Equity,RealEstate,risk_parity,True
2023-09-01,Sentiment Tilt Risk Parity,PLD,0.021685341280020382,Equity,RealEstate,risk_parity,True
2023-09-01,Sentiment Tilt Risk Parity,PSA,0.029352892852935745,Equity,RealEstate,risk_parity,True
2023-09-01,Sentiment Tilt Risk Parity,ADBE,0.011279635461457445,Equity,Tech,risk_parity,True
2023-09-01,Sentiment Tilt Risk Parity,AMD,0.009843308815225894,Equity,Tech,risk_parity,True
2023-09-01,Sentiment Tilt Risk Parity,INTC,0.010935648146322922,Equity,Tech,risk_parity,True
2023-09-01,Sentiment Tilt Risk Parity,NVDA,0.009480815889922884,Equity,Tech,risk_parity,True
2023-09-01,Sentiment Tilt Risk Parity,QCOM,0.01088023709539966,Equity,Tech,risk_parity,True
2023-09-01,Sentiment Tilt Risk Parity,AEP,0.028549470781297912,Equity,Utilities,risk_parity,True
2023-09-01,Sentiment Tilt Risk Parity,D,0.02961117226120695,Equity,Utilities,risk_parity,True
2023-09-01,Sentiment Tilt Risk Parity,DUK,0.03162241900281926,Equity,Utilities,risk_parity,True
2023-09-01,Sentiment Tilt Risk Parity,NEE,0.0268016554434361,Equity,Utilities,risk_parity,True
2023-09-01,Sentiment Tilt Risk Parity,SO,0.031034312048859227,Equity,Utilities,risk_parity,True
2023-10-02,Sentiment Tilt Risk Parity,CMCSA,0.02698245505879244,Equity,Comm,risk_parity,True
2023-10-02,Sentiment Tilt Risk Parity,EA,0.03728573008012926,Equity,Comm,risk_parity,True
2023-10-02,Sentiment Tilt Risk Parity,T,0.03504647580147622,Equity,Comm,risk_parity,True
2023-10-02,Sentiment Tilt Risk Parity,TMUS,0.04783579960358388,Equity,Comm,risk_parity,True
2023-10-02,Sentiment Tilt Risk Parity,TTWO,0.029569363498053922,Equity,Comm,risk_parity,True
2023-10-02,Sentiment Tilt Risk Parity,DIS,0.01369268374309611,Equity,Consumer,risk_parity,True
2023-10-02,Sentiment Tilt Risk Parity,KO,0.030757171113423593,Equity,Consumer,risk_parity,True
2023-10-02,Sentiment Tilt Risk Parity,NKE,0.013217855355926166,Equity,Consumer,risk_parity,True
2023-10-02,Sentiment Tilt Risk Parity,SBUX,0.017718112564991253,Equity,Consumer,risk_parity,True
2023-10-02,Sentiment Tilt Risk Parity,WMT,0.03043882945494613,Equity,Consumer,risk_parity,True
2023-10-02,Sentiment Tilt Risk Parity,COP,0.017635198721300073,Equity,Energy,risk_parity,True
2023-10-02,Sentiment Tilt Risk Parity,CVX,0.02094158252740196,Equity,Energy,risk_parity,True
2023-10-02,Sentiment Tilt Risk Parity,OXY,0.01814491242329015,Equity,Energy,risk_parity,True
2023-10-02,Sentiment Tilt Risk Parity,SLB,0.017156825692674616,Equity,Energy,risk_parity,True
2023-10-02,Sentiment Tilt Risk Parity,XOM,0.02054019788544209,Equity,Energy,risk_parity,True
2023-10-02,Sentiment Tilt Risk Parity,GS,0.01900491635620196,Equity,Financials,risk_parity,True
2023-10-02,Sentiment Tilt Risk Parity,MS,0.017364302327026244,Equity,Financials,risk_parity,True
2023-10-02,Sentiment Tilt Risk Parity,USB,0.014205263609457494,Equity,Financials,risk_parity,True
2023-10-02,Sentiment Tilt Risk Parity,V,0.023262745077530997,Equity,Financials,risk_parity,True
2023-10-02,Sentiment Tilt Risk Parity,WFC,0.018822018465788678,Equity,Financials,risk_parity,True
2023-10-02,Sentiment Tilt Risk Parity,ABBV,0.02872609166284758,Equity,Healthcare,risk_parity,True
2023-10-02,Sentiment Tilt Risk Parity,ABT,0.017782408936919205,Equity,Healthcare,risk_parity,True
2023-10-02,Sentiment Tilt Risk Parity,AMGN,0.02673634209261716,Equity,Healthcare,risk_parity,True
2023-10-02,Sentiment Tilt Risk Parity,GILD,0.020916938158954294,Equity,Healthcare,risk_parity,True
2023-10-02,Sentiment Tilt Risk Parity,MRK,0.03508986741426814,Equity,Healthcare,risk_parity,True
2023-10-02,Sentiment Tilt Risk Parity,BA,0.014223018540837696,Equity,Industrials,risk_parity,True
2023-10-02,Sentiment Tilt Risk Parity,CAT,0.01450809369833418,Equity,Industrials,risk_parity,True
2023-10-02,Sentiment Tilt Risk Parity,GE,0.01614120834107396,Equity,Industrials,risk_parity,True
2023-10-02,Sentiment Tilt Risk Parity,MMM,0.01389020993546062,Equity,Industrials,risk_parity,True
2023-10-02,Sentiment Tilt Risk Parity,UPS,0.015012720649060672,Equity,Industrials,risk_parity,True
2023-10-02,Sentiment Tilt Risk Parity,DD,0.009037659136453557,Equity,Materials,risk_parity,True
2023-10-02,Sentiment Tilt Risk Parity,DOW,0.008985685451020641,Equity,Materials,risk_parity,True
2023-10-02,Sentiment Tilt Risk Parity,NEM,0.010781622119901932,Equity,Materials,risk_parity,True
2023-10-02,Sentiment Tilt Risk Parity,NUE,0.007246282647925398,Equity,Materials,risk_parity,True
2023-10-02,Sentiment Tilt Risk Parity,SHW,0.008537076669692669,Equity,Materials,risk_parity,True
2023-10-02,Sentiment Tilt Risk Parity,AMT,0.014145068527408716,Equity,RealEstate,risk_parity,True
2023-10-02,Sentiment Tilt Risk Parity,CCI,0.014561510123893149,Equity,RealEstate,risk_parity,True
2023-10-02,Sentiment Tilt Risk Parity,O,0.020685619382482433,Equity,RealEstate,risk_parity,True
2023-10-02,Sentiment Tilt Risk Parity,PLD,0.013397647007862553,Equity,RealEstate,risk_parity,True
2023-10-02,Sentiment Tilt Risk Parity,PSA,0.018377907302935714,Equity,RealEstate,risk_parity,True
2023-10-02,Sentiment Tilt Risk Parity,ADBE,0.009729428896697307,Equity,Tech,risk_parity,True
2023-10-02,Sentiment Tilt Risk Parity,AMD,0.008039454978204739,Equity,Tech,risk_parity,True
2023-10-02,Sentiment Tilt Risk Parity,INTC,0.008788575900318667,Equity,Tech,risk_parity,True
2023-10-02,Sentiment Tilt Risk Parity,NVDA,0.007682999276390236,Equity,Tech,risk_parity,True
2023-10-02,Sentiment Tilt Risk Parity,QCOM,0.008532639061166395,Equity,Tech,risk_parity,True
2023-10-02,Sentiment Tilt Risk Parity,AEP,0.031015329508118757,Equity,Utilities,risk_parity,True
2023-10-02,Sentiment Tilt Risk Parity,D,0.031170725082146748,Equity,Utilities,risk_parity,True
2023-10-02,Sentiment Tilt Risk Parity,DUK,0.034666285591165254,Equity,Utilities,risk_parity,True
2023-10-02,Sentiment Tilt Risk Parity,NEE,0.02850686793407023,Equity,Utilities,risk_parity,True
2023-10-02,Sentiment Tilt Risk Parity,SO,0.0334622766112382,Equity,Utilities,risk_parity,True
2023-11-01,Sentiment Tilt Risk Parity,CMCSA,0.025438320909103602,Equity,Comm,risk_parity,True
2023-11-01,Sentiment Tilt Risk Parity,EA,0.033907931681357056,Equity,Comm,risk_parity,True
2023-11-01,Sentiment Tilt Risk Parity,T,0.034275765414199896,Equity,Comm,risk_parity,True
2023-11-01,Sentiment Tilt Risk Parity,TMUS,0.04843234679778443,Equity,Comm,risk_parity,True
2023-11-01,Sentiment Tilt Risk Parity,TTWO,0.02555999285633521,Equity,Comm,risk_parity,True
2023-11-01,Sentiment Tilt Risk Parity,DIS,0.017118509882938532,Equity,Consumer,risk_parity,True
2023-11-01,Sentiment Tilt Risk Parity,KO,0.03755058840774894,Equity,Consumer,risk_parity,True
2023-11-01,Sentiment Tilt Risk Parity,NKE,0.016964632588022655,Equity,Consumer,risk_parity,True
2023-11-01,Sentiment Tilt Risk Parity,SBUX,0.022033570221043595,Equity,Consumer,risk_parity,True
2023-11-01,Sentiment Tilt Risk Parity,WMT,0.04064243906072871,Equity,Consumer,risk_parity,True
2023-11-01,Sentiment Tilt Risk Parity,COP,0.02426543877911686,Equity,Energy,risk_parity,True
2023-11-01,Sentiment Tilt Risk Parity,CVX,0.029372889406175308,Equity,Energy,risk_parity,True
2023-11-01,Sentiment Tilt Risk Parity,OXY,0.023000283972426955,Equity,Energy,risk_parity,True
2023-11-01,Sentiment Tilt Risk Parity,SLB,0.02395731321636181,Equity,Energy,risk_parity,True
2023-11-01,Sentiment Tilt Risk Parity,XOM,0.02867846235706122,Equity,Energy,risk_parity,True
2023-11-01,Sentiment Tilt Risk Parity,GS,0.016416767482423884,Equity,Financials,risk_parity,True
2023-11-01,Sentiment Tilt Risk Parity,MS,0.014989841675574704,Equity,Financials,risk_parity,True
2023-11-01,Sentiment Tilt Risk Parity,USB,0.010741142981731273,Equity,Financials,risk_parity,True
2023-11-01,Sentiment Tilt Risk Parity,V,0.019849347781386754,Equity,Financials,risk_parity,True
2023-11-01,Sentiment Tilt Risk Parity,WFC,0.015564395300210549,Equity,Financials,risk_parity,True
2023-11-01,Sentiment Tilt Risk Parity,ABBV,0.03426815145223542,Equity,Healthcare,risk_parity,True
2023-11-01,Sentiment Tilt Risk Parity,ABT,0.02217172176674489,Equity,Healthcare,risk_parity,True
2023-11-01,Sentiment Tilt Risk Parity,AMGN,0.029002429849170973,Equity,Healthcare,risk_parity,True
2023-11-01,Sentiment Tilt Risk Parity,GILD,0.027370741719375147,Equity,Healthcare,risk_parity,True
2023-11-01,Sentiment Tilt Risk Parity,MRK,0.04246907812148471,Equity,Healthcare,risk_parity,True
2023-11-01,Sentiment Tilt Risk Parity,BA,0.017566083162831484,Equity,Industrials,risk_parity,True
2023-11-01,Sentiment Tilt Risk Parity,CAT,0.018002963900023494,Equity,Industrials,risk_parity,True
2023-11-01,Sentiment Tilt Risk Parity,GE,0.02047804770946135,Equity,Industrials,risk_parity,True
2023-11-01,Sentiment Tilt Risk Parity,MMM,0.01629136083533496,Equity,Industrials,risk_parity,True
2023-11-01,Sentiment Tilt Risk Parity,UPS,0.017450499086799187,Equity,Industrials,risk_parity,True
2023-11-01,Sentiment Tilt Risk Parity,DD,0.008276271388547703,Equity,Materials,risk_parity,True
2023-11-01,Sentiment Tilt Risk Parity,DOW,0.007861517258659526,Equity,Materials,risk_parity,True
2023-11-01,Sentiment Tilt Risk Parity,NEM,0.008906779972960832,Equity,Materials,risk_parity,True
2023-11-01,Sentiment Tilt Risk Parity,NUE,0.006398416808560851,Equity,Materials,risk_parity,True
2023-11-01,Sentiment Tilt Risk Parity,SHW,0.008039428795844667,Equity,Materials,risk_parity,True
2023-11-01,Sentiment Tilt Risk Parity,AMT,0.014113466997701855,Equity,RealEstate,risk_parity,True
2023-11-01,Sentiment Tilt Risk Parity,CCI,0.01402348553078731,Equity,RealEstate,risk_parity,True
2023-11-01,Sentiment Tilt Risk Parity,O,0.021289317899580554,Equity,RealEstate,risk_parity,True
2023-11-01,Sentiment Tilt Risk Parity,PLD,0.012565579046093374,Equity,RealEstate,risk_parity,True
2023-11-01,Sentiment Tilt Risk Parity,PSA,0.01690575123505212,Equity,RealEstate,risk_parity,True
2023-11-01,Sentiment Tilt Risk Parity,ADBE,0.012367755958092147,Equity,Tech,risk_parity,True
2023-11-01,Sentiment Tilt Risk Parity,AMD,0.011448169017684647,Equity,Tech,risk_parity,True
2023-11-01,Sentiment Tilt Risk Parity,INTC,0.012838958478335228,Equity,Tech,risk_parity,True
2023-11-01,Sentiment Tilt Risk Parity,NVDA,0.010956594645777555,Equity,Tech,risk_parity,True
2023-11-01,Sentiment Tilt Risk Parity,QCOM,0.011516082510591658,Equity,Tech,risk_parity,True
2023-11-01,Sentiment Tilt Risk Parity,AEP,0.01348188634456455,Equity,Utilities,risk_parity,True
2023-11-01,Sentiment Tilt Risk Parity,D,0.013284803123801953,Equity,Utilities,risk_parity,True
2023-11-01,Sentiment Tilt Risk Parity,DUK,0.015496863214169088,Equity,Utilities,risk_parity,True
2023-11-01,Sentiment Tilt Risk Parity,NEE,0.011544647958188072,Equity,Utilities,risk_parity,True
2023-11-01,Sentiment Tilt Risk Parity,SO,0.014853165439812554,Equity,Utilities,risk_parity,True
2023-12-01,Sentiment Tilt Risk Parity,CMCSA,0.028090298525105587,Equity,Comm,risk_parity,True
2023-12-01,Sentiment Tilt Risk Parity,EA,0.03573319944197821,Equity,Comm,risk_parity,True
2023-12-01,Sentiment Tilt Risk Parity,T,0.03733604641040155,Equity,Comm,risk_parity,True
2023-12-01,Sentiment Tilt Risk Parity,TMUS,0.05151684870964878,Equity,Comm,risk_parity,True
2023-12-01,Sentiment Tilt Risk Parity,TTWO,0.026455816103626822,Equity,Comm,risk_parity,True
2023-12-01,Sentiment Tilt Risk Parity,DIS,0.008065708271711684,Equity,Consumer,risk_parity,True
2023-12-01,Sentiment Tilt Risk Parity,KO,0.017095826104015638,Equity,Consumer,risk_parity,True
2023-12-01,Sentiment Tilt Risk Parity,NKE,0.007717574274217365,Equity,Consumer,risk_parity,True
2023-12-01,Sentiment Tilt Risk Parity,SBUX,0.008918286999507506,Equity,Consumer,risk_parity,True
2023-12-01,Sentiment Tilt Risk Parity,WMT,0.01882787039416637,Equity,Consumer,risk_parity,True
2023-12-01,Sentiment Tilt Risk Parity,COP,0.017508522126586743,Equity,Energy,risk_parity,True
2023-12-01,Sentiment Tilt Risk Parity,CVX,0.021179969323266688,Equity,Energy,risk_parity,True
2023-12-01,Sentiment Tilt Risk Parity,OXY,0.018645762204966262,Equity,Energy,risk_parity,True
2023-12-01,Sentiment Tilt Risk Parity,SLB,0.016093806770824864,Equity,Energy,risk_parity,True
2023-12-01,Sentiment Tilt Risk Parity,XOM,0.020678584189489067,Equity,Energy,risk_parity,True
2023-12-01,Sentiment Tilt Risk Parity,GS,0.018794230660572,Equity,Financials,risk_parity,True
2023-12-01,Sentiment Tilt Risk Parity,MS,0.01731049817666095,Equity,Financials,risk_parity,True
2023-12-01,Sentiment Tilt Risk Parity,USB,0.01176398722370901,Equity,Financials,risk_parity,True
2023-12-01,Sentiment Tilt Risk Parity,V,0.027113075201055464,Equity,Financials,risk_parity,True
2023-12-01,Sentiment Tilt Risk Parity,WFC,0.018024941941421065,Equity,Financials,risk_parity,True
2023-12-01,Sentiment Tilt Risk Parity,ABBV,0.030910471674086157,Equity,Healthcare,risk_parity,True
2023-12-01,Sentiment Tilt Risk Parity,ABT,0.020172435095537636,Equity,Healthcare,risk_parity,True
2023-12-01,Sentiment Tilt Risk Parity,AMGN,0.021853550854916776,Equity,Healthcare,risk_parity,True
2023-12-01,Sentiment Tilt Risk Parity,GILD,0.020927859475645547,Equity,Healthcare,risk_parity,True
2023-12-01,Sentiment Tilt Risk Parity,MRK,0.03285851948298312,Equity,Healthcare,risk_parity,True
2023-12-01,Sentiment Tilt Risk Parity,BA,0.014845964755572708,Equity,Industrials,risk_parity,True
2023-12-01,Sentiment Tilt Risk Parity,CAT,0.014805772128970362,Equity,Industrials,risk_parity,True
2023-12-01,Sentiment Tilt Risk Parity,GE,0.01824473233794973,Equity,Industrials,risk_parity,True
2023-12-01,Sentiment Tilt Risk Parity,MMM,0.013798355015897611,Equity,Industrials,risk_parity,True
2023-12-01,Sentiment Tilt Risk Parity,UPS,0.015521632105073896,Equity,Industrials,risk_parity,True
2023-12-01,Sentiment Tilt Risk Parity,DD,0.017359611387709348,Equity,Materials,risk_parity,True
2023-12-01,Sentiment Tilt Risk Parity,DOW,0.017850199537462304,Equity,Materials,risk_parity,True
2023-12-01,Sentiment Tilt Risk Parity,NEM,0.021571095443934367,Equity,Materials,risk_parity,True
2023-12-01,Sentiment Tilt Risk Parity,NUE,0.013937557137753102,Equity,Materials,risk_parity,True
2023-12-01,Sentiment Tilt Risk Parity,SHW,0.017694953029199507,Equity,Materials,risk_parity,True
2023-12-01,Sentiment Tilt Risk Parity,AMT,0.014319989624184177,Equity,RealEstate,risk_parity,True
2023-12-01,Sentiment Tilt Risk Parity,CCI,0.013884017420949111,Equity,RealEstate,risk_parity,True
2023-12-01,Sentiment Tilt Risk Parity,O,0.020067198051354113,Equity,RealEstate,risk_parity,True
2023-12-01,Sentiment Tilt Risk Parity,PLD,0.012323244803705266,Equity,RealEstate,risk_parity,True
2023-12-01,Sentiment Tilt Risk Parity,PSA,0.017620542624813364,Equity,RealEstate,risk_parity,True
2023-12-01,Sentiment Tilt Risk Parity,ADBE,0.010652506791168342,Equity,Tech,risk_parity,True
2023-12-01,Sentiment Tilt Risk Parity,AMD,0.010699667496883121,Equity,Tech,risk_parity,True
2023-12-01,Sentiment Tilt Risk Parity,INTC,0.010918345391267834,Equity,Tech,risk_parity,True
2023-12-01,Sentiment Tilt Risk Parity,NVDA,0.010387202543259134,Equity,Tech,risk_parity,True
2023-12-01,Sentiment Tilt Risk Parity,QCOM,0.009536125669540901,Equity,Tech,risk_parity,True
2023-12-01,Sentiment Tilt Risk Parity,AEP,0.02959056203399109,Equity,Utilities,risk_parity,True
2023-12-01,Sentiment Tilt Risk Parity,D,0.027595295072355624,Equity,Utilities,risk_parity,True
2023-12-01,Sentiment Tilt Risk Parity,DUK,0.03478542228589982,Equity,Utilities,risk_parity,True
2023-12-01,Sentiment Tilt Risk Parity,NEE,0.02548266347148301,Equity,Utilities,risk_parity,True
2023-12-01,Sentiment Tilt Risk Parity,SO,0.032913654203521395,Equity,Utilities,risk_parity,True
