date,Equity Equal Weight,Equity Min Vol,Equity Tangency,Equity Risk Parity,Crypto Equal Weight,Crypto Min Vol,Crypto Tangency,Crypto Risk Parity,Combined Equal Weight,Combined Min Vol,Combined Tangency,Combined Risk Parity,MarketPulse TailGuard,Sentiment Tilt Equity,Sentiment Tilt Equal Weight,Sentiment Tilt Min Vol,Sentiment Tilt Risk Parity
2021-01-01,,,,,0.011329133285298944,0.010261370768762351,0.002646846330605709,0.011175701888395777,,,,,,,,,
2021-01-02,,,,,0.020727162605252036,0.03826917648675767,0.043250232599602055,0.024587162556533475,,,,,,,,,
2021-01-03,,,,,0.11625440576667895,0.1116988285341454,0.1344617202286457,0.1127431508954574,,,,,,,,,
2021-01-04,-0.013701064199660194,0.0005613158088625206,-0.0037913944403990814,-0.011956531827711928,0.04516079223322002,0.034368607122403645,0.0630505198626702,0.041664417935335776,-0.0038907547941801597,0.00013096281770198965,0.028854770796746303,-0.0055197958939583805,0.0076711071913066805,-0.00284865650034499,-0.013302050727948074,0.00024545431197609257,-0.01133544302752901
2021-01-05,0.012674408604811126,0.0009612418181279435,0.007343429694904564,0.00895401822539631,0.045350216215896605,0.026300523828587614,0.09477202460311146,0.04462842928176988,0.018120376539992038,0.0009234525588220033,0.043824143984217426,0.01299892239553978,0.0032149095825132917,0.007402229851133278,0.011617760128723143,0.0014082337876563339,0.008165943220406209
2021-01-06,0.013264430714510802,0.004586685597590175,-0.011171475004017389,0.010388439307243287,0.17477270939392503,0.1217962215029493,0.25610035422072486,0.16720323333859036,0.04018247716107984,0.0043931887678878515,0.10398326351674267,0.02911471343442487,0.010810338805791598,-0.010408554105295887,0.01427431406998832,0.005370982947674628,0.01112905965224266
2021-01-07,0.00967979681270283,0.006910595820126198,0.021184900017743813,0.008798467390234203,0.012463243144315017,0.017843227882406137,-0.016286514021735258,0.014548224565533795,0.010143704534638191,0.007036258627948913,0.018094716758545744,0.00947213579770895,0.012742153427751248,0.020664757234697108,0.009511218434563528,0.006269248753683897,0.008467519312173589
2021-01-08,0.0028657693620504298,-0.0013725399818304374,-0.0024533037843482387,0.0029082537024719335,-0.007003682538939727,-0.002657493535812235,0.006861858351336377,-0.005130206236060453,0.0012208607118854042,-0.0012241276325268289,-0.001260417418162383,0.0018002498678570636,-0.0031409072477321287,-0.0031319673813097674,0.0028546341248329066,-0.0008995877948008833,0.0029014142913534034
2021-01-09,,,,,0.08814075491705675,0.0608531313236317,0.03540834542591914,0.08316007363848524,,,,,,,,,
2021-01-10,,,,,-0.026760593955873282,-0.021646359317007077,-0.051278351909118884,-0.027114589425192882,,,,,,,,,
2021-01-11,-8.806647741709266e-05,-0.0001762759793273634,-0.0012361184290257715,-0.0010523487297379721,-0.1287050223078924,-0.1266488908253263,-0.1097974861085908,-0.12679253314313735,-0.021524225782496312,-0.000308105779293854,-0.04461591748611343,-0.01611088547315114,-6.845992117183747e-05,-0.0006066470638124681,8.558610007357097e-05,-3.960810818235017e-05,-0.000782764299128255
2021-01-12,0.003012843574414888,-0.0005301845807793171,-0.013337971016674294,-0.0003944197402882356,-0.01873015718865717,-0.029304114692012353,-0.011955961148471927,-0.020467564849711933,-0.0006109898860971225,-0.0009212181428418603,-0.0174171407853354,-0.0026412166366272362,-0.009015498119325184,-0.012133141151003566,0.00252074888883443,0.0003077938553667784,-0.0002881499774520153
2021-01-13,8.709165777319526e-05,-0.002399521578995636,-0.0002709915601417762,0.00026201316165458497,0.0823859488799264,0.08225054974343307,0.09339109213323063,0.08305326087731568,0.013803567861465395,-0.0025422755288744938,0.042096695560858155,0.01006441862921112,-0.004884034503885104,-0.00046872422181721624,-0.0003782006412741296,-0.0025419621343317077,-0.0003151066166352057
2021-01-14,0.0030886482948785637,0.0028691824871333966,-0.009676713743850556,0.0018351352798665946,0.01972143296946164,0.027157225856295115,0.02889702378115266,0.021317969462289053,0.005860779073975744,0.0028110209078983503,0.02097474627049917,0.00415563016467395,0.00026608505200520407,-0.008626768459241983,0.001907558763814838,0.0023159083536153174,0.0007996691352772966
2021-01-15,-0.010835450462099163,-0.004399831853076868,-0.009838498999766562,-0.007404251646764902,-0.03879468771114989,-0.03539708038018479,-0.04677840680060536,-0.03927187822254877,-0.015495323336940951,-0.004275669914738912,-0.032910012127568326,-0.011100402173164523,-0.0008306455472063389,-0.010830208579599295,-0.011578521667359499,-0.0056465449618398654,-0.008401684286635257
2021-01-16,,,,,0.026781295053940557,0.012935855879836387,0.04502033509128529,0.02443419384115983,,,,,,,,,
2021-01-17,,,,,0.0029297359520326634,-0.00547379663826598,0.018233818245333572,0.0019018132956367061,,,,,,,,,
2021-01-18,,,,,0.02571838941912658,0.03020920836044272,0.01832776165183499,0.025966397571118443,,,,,,,,,
2021-01-19,0.007283796632033241,0.009232540187774071,0.009702564255453567,0.007023757469005009,0.009387901143479227,0.010974207313202321,0.013793961540487064,0.00855512004234231,0.007634480717274239,0.009023700061418805,0.014552661647002432,0.007213622678502245,0.01113998601379233,0.00910289990644865,0.006108847254603525,0.008147662148631765,0.005889990710984609
2021-01-20,0.007972222095949905,0.01541395744227837,0.025928692849520846,0.010000431907616625,-0.005889698947803779,-0.007443925161019362,-0.006791366502417146,-0.006284732346174976,0.005661901921990958,0.015456543782786693,0.01120087566077254,0.007941380603822297,0.016422367766177615,0.025544513082317147,0.007452450595774491,0.014437201110199409,0.009559317116800869
2021-01-21,-0.007354873075140488,-0.008841284076088588,5.9776696857830045e-05,-0.00630461691717335,-0.12997330223040066,-0.12449502234345466,-0.15379256166052854,-0.1297282660795839,-0.027791277934350517,-0.008728511279581635,-0.07504297042474349,-0.020893170391924558,-0.011674499603161992,0.00012410814010817436,-0.006770959146512614,-0.00843051206476241,-0.0059696139908078484
2021-01-22,-0.0028008371292316966,-0.0013894617483608729,-0.006805306683202132,-0.002421430432867358,0.060561232008807364,0.05787078317363227,0.08516357957323356,0.060781485871048396,0.007759507727108147,-0.0015393303150906636,0.03604505535288863,0.0049447270769947226,-0.0013701186712441588,-0.007061371996886816,-0.0030460783392008074,-0.0013884301535498761,-0.002585005542628855
2021-01-23,,,,,-0.002104304596237206,-3.075068252488889e-05,-0.008681274268232717,-0.0028951762899220874,,,,,,,,,
2021-01-24,,,,,0.027888783873007285,0.035802709600383835,0.03899104426151738,0.02763848978905576,,,,,,,,,
2021-01-25,0.0019324605381932259,0.0036906843927956433,0.0022508843924835147,0.003126702668756811,-0.02212862074143014,-0.020592003819337342,-0.027436434839292957,-0.02113463334681233,-0.0020777196750773348,0.0037386037402655755,-0.010676669453204342,0.0003149536251665101,0.001955475799684144,0.002185324492766485,0.000897732362705743,0.003227928279379916,0.002104541762267907
2021-01-26,-0.005039220682649925,-0.002345530806960789,-0.008553757201736003,-0.0036925651998199727,-0.002506439651979331,0.0001231789301407692,0.0020094600048727084,-0.0020556157929616744,-0.004617090510871493,-0.0023402858297532528,0.0007166963194449208,-0.003551818186833926,-0.009997695163626655,-0.008515747424206514,-0.005021042496895991,-0.0021168420975422003,-0.0036313777769442276
2021-01-27,-0.025815778404221425,-0.020880172515131353,-0.03969649751791384,-0.02534533139727878,-0.07433293275748029,-0.06537864689515051,-0.08125668687817952,-0.07346151431529614,-0.03390197079643124,-0.02077611648540379,-0.05287072996419043,-0.030939156419145665,-0.030613461298827912,-0.039386787092963026,-0.027326706210535963,-0.02183001440145289,-0.026589371588020223
2021-01-28,0.010643214962448225,0.001691317433940879,0.01783418225704508,0.00947777876646527,0.09385199353492835,0.08681122429398166,0.11532760807919806,0.09341453504691355,0.024511344724528247,0.0017700744769753832,0.06051018287964811,0.01930796310118092,0.008492134420520683,0.01726954515250914,0.011482567810606767,0.002856204124666242,0.010233338347441553
2021-01-29,-0.014793783126670682,-0.009669278551783247,-0.005652004381144769,-0.012547058990471802,0.02826646477641599,0.03992358939595043,0.017698507257652586,0.0288863118143725,-0.007617075142822903,-0.009479618934274368,0.010005558810546258,-0.00753098329964607,-0.00568658214413847,-0.005723454186229494,-0.015570092334662373,-0.010899779454644763,-0.013531091119854077
2021-01-30,,,,,0.07294494996215131,0.02349589688614466,0.025226328703926614,0.06656710080104783,,,,,,,,,
2021-01-31,,,,,-0.016892319482285013,-0.021668003216773386,-0.04293890716283397,-0.01786364783703535,,,,,,,,,
2021-02-01,0.008517686014717276,0.0017488053871653286,0.0038236169739366424,0.0077330958446098705,0.018638160220836718,0.011048043454706917,0.019430880715915717,0.017857799531378435,0.010204431715737181,0.002011840707509101,0.020597303037033915,0.00867584701540358,-0.0009624889209584414,0.0045290012398010405,0.008532014563071334,0.0020564503209472653,0.007845886853442102
2021-02-02,0.017473889706152948,0.00725649674303886,0.022915394199606615,0.015528188122854678,0.04105192217355688,0.03355127438404934,0.05386219574402375,0.041370396168871434,0.0214035617840536,0.007486000921724475,0.03724560649966462,0.018223637463281234,0.009057263757951932,0.023034695743259934,0.01917615607587552,0.008226083072017783,0.01712967113065807
2021-02-03,0.001902784610192674,-0.0038876708674758812,-0.01153306683555426,-0.0016806690699013198,0.0470529366919517,0.04629931119345564,0.052545620271615606,0.04771711082142241,0.00942780995715251,-0.004285592796213126,0.016277059055586643,0.004017440182076929,-0.008120568313212633,-0.011700549502951083,-0.0007484871475640335,-0.00523910949516859,-0.003505797599405478
2021-02-04,0.009138734300265726,0.0018902185881937076,-0.007910818151604247,0.007275278821042334,-0.01763156392605624,-0.02192896491846346,-0.0024393998065375,-0.01812553225765356,0.0046770179292120635,0.0018887428703334521,-0.014051019885816609,0.0044817538817462765,-0.0018576960433833649,-0.008309079836967279,0.009381855370412256,0.0015739060741933532,0.007520088041913544
2021-02-05,0.0063170016890456634,0.01520866647195472,0.0027122779098133205,0.0078410623871809,0.08420520824667654,0.07596342669410236,0.08677017045137511,0.08176357886681161,0.01929836944865081,0.015325536903122012,0.03219485439531679,0.01638719969990947,0.01871313429638277,0.002687373079100118,0.005807546488924258,0.015305863571597059,0.007420332925064403
2021-02-06,,,,,0.022245494679363112,-0.0015033551260399602,0.0446874724156502,0.019958886980250393,,,,,,,,,
2021-02-07,,,,,-0.0031776159818694078,-0.0049365319747893995,-0.00048075743648706096,-0.00401251190966827,,,,,,,,,
2021-02-08,0.013036997474039063,0.0032587422701453247,0.021214098728101708,0.00998781901443675,0.08091486208561834,0.10122891735254674,0.0829873169287171,0.08670837272832846,0.024349974909302272,0.003242194371288914,0.06472407059786975,0.0185408660885252,0.006489619076200119,0.02124601159532425,0.011363881028965612,0.005317944950799729,0.009349900142938797
2021-02-09,-0.0027438667563593664,-0.0016493866072491018,-0.01820857742674944,-0.002788271020798032,0.06552021148361524,0.08910498693161069,0.025181885980254212,0.06566825533047609,0.008633479616969735,-0.0018891624150089359,-0.002996182666699299,0.0053881365272555656,-0.011857856064053528,-0.017288931426502167,-0.0024815846839604315,-0.0010029104054141355,-0.002628185979987565
2021-02-10,0.0014557026145883103,-0.006429996455556409,-0.0003505865417703268,2.4916489975436977e-05,0.04281518400419214,0.013472128010947958,0.07319093313822557,0.037245199007748704,0.008348949512855613,-0.006252515087472542,0.005075918759306299,0.0044042043371220144,-0.004449886409226527,-8.158918004878774e-05,0.00047445195573576665,-0.006087868122129046,-0.0005621700035512441
2021-02-11,-0.001030383556659906,-0.004574786142721687,-0.00038371849600654146,-0.0012803961806816904,0.07786914577868173,0.10761988505445193,0.05461508846513029,0.07984773190711496,0.012119537999230365,-0.0044469225993713606,0.03426138504897008,0.008219067226404244,-0.00785753240748213,-0.00046277277403237565,-9.657139058682573e-05,-0.004620209594639829,-0.0006147787821286117
2021-02-12,0.0044676294286371,0.004326624015201058,0.0034474112116365616,0.003938955386451289,0.0542892610980854,0.024319129560970952,0.06036815824827895,0.048946542130740414,0.012771234706878482,0.004303147021273877,0.030768685598148614,0.00932765858160509,0.006141866273295876,0.003458317469624243,0.003847827655160455,0.004721022051032403,0.0034728958960467417
2021-02-13,,,,,0.09582165507240965,0.13417891702056403,0.011943752404971725,0.09529240055558522,,,,,,,,,
2021-02-14,,,,,-0.029392275423807512,-0.033858005014312235,-0.033597801605900125,-0.026798177353368792,,,,,,,,,
2021-02-15,,,,,-0.0442129748696292,-0.06064330389814876,-0.027906807847633212,-0.04436338848258852,,,,,,,,,
2021-02-16,0.0005560289992204573,-0.01011852629933651,-0.005411915021758912,-0.0029137878527493513,-0.0022474451004349423,0.004003574429012678,-0.0015705086011319619,-0.0005752405383193425,8.87833159445574e-05,-0.010229715502060286,0.002623689525051316,-0.0027435944941621637,-0.012647670694900194,-0.0052468674078091655,6.681637428650037e-06,-0.00911508617863497,-0.0029644983043532235
2021-02-17,0.002470031678470779,0.0061170272813289295,-0.011537374768949376,0.0026002257621294224,0.04211707838283616,0.05248815016374581,0.033211196609912376,0.043553413675408624,0.009077872795865008,0.006066995669665728,0.010713591914762847,0.007297399187859812,0.004575207994008306,-0.011735881066410356,0.0013057443591654406,0.004661575312655317,0.001571506622541518
2021-02-18,-0.005919355778125219,-0.007787237511259585,-0.0002953839573355239,-0.004428120382315364,0.002917706246099904,0.00030530038545977304,0.014484866180572067,0.002518381764755491,-0.004446512107421033,-0.0070580007220750985,0.001534791633782274,-0.0035018706071742196,-0.010431680424758838,-0.0002907859726080879,-0.004569916690895746,-0.008465828037508848,-0.003768230389857203
2021-02-19,0.0011058595895655538,-0.007995529001131658,-0.0021126158089668614,-0.0019088427472406617,0.04897981498578349,0.06681943062171383,0.04317549683611829,0.051431613484776435,0.00908485215560188,-0.00816819272257555,0.02168997545021981,0.004218404859541038,-0.00844832105257766,-0.001857059696191596,0.001168982928202546,-0.0073948731800620275,-0.0017614215609445595
2021-02-20,,,,,-0.01729954056122604,-0.034999789121374324,0.013180076307552566,-0.01801497443515817,,,,,,,,,
2021-02-21,,,,,0.024297174916646205,0.029093645646915262,0.017457666074565392,0.024621043403684515,,,,,,,,,
2021-02-22,0.0021419187071920523,0.0010422778816534504,-0.01618451431141194,0.0001799041612780295,-0.0628095634120048,-0.0755818731115922,-0.03827175668643836,-0.06403764334255661,-0.00868332831267409,0.0007925811453004026,-0.036774610064059944,-0.007084935624476247,-0.0023256442156327412,-0.016390466330496786,-0.000550324644606463,-0.00014210417689950738,-0.0018105448261280664
2021-02-23,0.0002474703381477863,-0.006775786254685293,-0.011376362890600351,-0.0008375293022892583,-0.1578836306811806,-0.15783706377402723,-0.13889700614252562,-0.15579540692424845,-0.02610771316507361,-0.006705547010636157,-0.06650561889962889,-0.018877964877838337,-0.010895969245713146,-0.011254427926578481,0.0001492214320665086,-0.006950583768849817,-0.0008761090481619481
2021-02-24,0.014576435503532903,-0.0007039022497763427,0.015446609099299471,0.009648589828728371,0.03967004054777338,0.03566024333813022,0.04474897540795394,0.038617586268860575,0.01875870301090632,-0.0006628154181611403,0.021979006990434362,0.013006009584172265,-0.0008128524620663942,0.015193483342372555,0.01320163314757655,-0.001360956165167107,0.008687359272819375
2021-02-25,-0.018364899811465815,-0.009104129944377598,-0.03015862935331163,-0.016126028797508442,-0.052955858492939885,-0.058715361264876864,-0.05135921703889544,-0.05344399299113434,-0.02413005959171149,-0.009226299489074129,-0.05007131078600394,-0.020454484455084902,-0.008901246057100513,-0.03039726263724569,-0.0185425896200825,-0.009320187188646486,-0.016412810864934256
2021-02-26,-0.012928311779984667,-0.017459713239398128,0.002881899158249269,-0.01322157235994452,0.0024429722756437854,-0.020673643545866448,0.030589345729861567,-0.0005700490842495123,-0.010366431104046593,-0.017412025683296754,0.008032961454478228,-0.011894638526261922,-0.01848698007590215,0.0029153043061213597,-0.011951760029776905,-0.01732860640136662,-0.012291382301257486
2021-02-27,,,,,0.030875544497424058,0.021394863655234398,0.040153208062535806,0.028269280089606386,,,,,,,,,
2021-02-28,,,,,-0.04371588305482724,-0.04213885554342252,-0.0377880673147077,-0.04252404719305271,,,,,,,,,
2021-03-01,0.019963326496913788,0.009403921553829832,0.018556068892613263,0.01806083939482981,0.06607202453353704,0.0712479036051331,0.06036670464281315,0.06778084426909305,0.02764810950301766,0.009661399181602144,0.03304024773096308,0.023535501151239632,0.008181395446435305,0.018663268045367845,0.01943547067419889,0.010360454265617651,0.017718036217541016
2021-03-02,-0.0027913416635460407,0.005427972290304831,-0.009451716045342425,-0.0016188897390483955,-0.016013865689389763,-0.018925456184153693,-0.0319883895057361,-0.01619138410778973,-0.004995095667853328,0.0054465225589973194,-0.01838808418687864,-0.003176221081183838,0.007653515548064602,-0.00980520658382712,-0.003172632107155829,0.005061494223285829,-0.002077606291101302
2021-03-03,-0.007037085444928419,-0.012660154079777549,-0.023465348660747447,-0.00968884439710968,0.03318617359233237,0.044160284601517046,0.029933201127358804,0.03464190700180435,-0.00033320893871828777,-0.012614294341418378,-0.0032282121022348567,-0.004547703675389252,-0.011804601201234124,-0.023824529232418422,-0.008482060344245283,-0.014467580036145357,-0.011211176107913355
2021-03-04,-0.007899217627752664,-0.004161719735049082,-0.021454362741195308,-0.008179306956696221,-0.01542651063180949,-0.00798881477782118,-0.0277647513537561,-0.015628806040192372,-0.009153766461762133,-0.004476735453887987,-0.033143100417606895,-0.00871269452047934,-0.006884563040578274,-0.021755774656538374,-0.008888042913315889,-0.0046159352008332535,-0.008945723525702559
2021-03-05,0.017580768996769726,0.014821508351795926,0.013431494209927886,0.017056112721761465,-0.008545836651957895,-0.008910060198112694,0.0032118354554588114,-0.008046266260676619,0.013226334721981786,0.014697254021377993,0.017203514965526218,0.014192251725817437,0.01168887589239319,0.012344146931913765,0.016783832783332054,0.014473491387905216,0.01625942921256746
2021-03-06,,,,,0.009728254619080624,0.014197509594327928,0.00859585003942787,0.009966394490204984,,,,,,,,,
2021-03-07,,,,,0.02838376823354283,0.03328880200647898,0.029149874110690276,0.029492140870622737,,,,,,,,,
2021-03-08,0.0018204582191550926,-0.005139219788750052,-0.02623959993409576,0.0002681993637507329,0.017667051426591487,0.02083713950441063,0.020093774229140778,0.018144387810967215,0.0044615570870611574,-0.005159204128923879,-0.01235470925234201,0.002444753013125341,-0.004668723383092386,-0.02501681103833479,0.0010149045803259137,-0.006277930201666382,-0.000843689078636011
2021-03-09,0.0073186245017265615,0.007311071244939739,0.02354418402370679,0.008569204460286452,0.042932909720223386,0.04118245478023598,0.038449941126797844,0.04294249248671945,0.013254338704809365,0.007376292871001866,0.03431301381083673,0.012233319832033624,0.008040863629798079,0.02442031814625051,0.00813706037601232,0.009147529202110859,0.009462154358799579
2021-03-10,0.009821255768227701,0.008347462422726491,0.0008063530567853055,0.008240096443220995,-0.028226124243624442,-0.023078878462283646,-0.02871957064385159,-0.025896019086056325,0.0034800257662523436,0.008072245580842826,-0.006178366251725433,0.004320176454369393,0.006013770917752683,0.0006164676680464412,0.009923108025025388,0.008895106975916835,0.008594869142737771
2021-03-11,0.005296440739070049,0.00076388809123427,0.020599085243028142,0.004843287328911392,0.002394047305571456,0.007963911523431538,0.005389243159328511,0.003947001139002833,0.004812708500153618,0.0010945577227287574,0.01380364165003575,0.004573669163130031,0.0023623800926910283,0.021539522929405246,0.006563576078361848,0.002456330501882453,0.006265003514832167
2021-03-12,0.007082392417840364,0.004389023875780293,0.006032799616684499,0.006216982454915466,-0.02008021082531,-0.012479726240784986,-0.03143722287402376,-0.018668253243583392,0.0025552918773153054,0.00415394762640813,-0.012766323804979676,0.003416019357035801,0.005302832907945894,0.004978888714881539,0.007130235462123989,0.005896343967600954,0.006457359559605665
2021-03-13,,,,,0.07880501646479617,0.07875093325563097,0.06342877094781676,0.0787353454858426,,,,,,,,,
2021-03-14,,,,,-0.04799197369537732,-0.044826672425644906,-0.03655383925642955,-0.047343257008543235,,,,,,,,,
2021-03-15,0.005841980012247007,0.013456729208719563,0.0020624452159276434,0.0077799167366874285,-0.03623773511569324,-0.03720799059234246,-0.03059190060188848,-0.037293368412346234,-0.0011713058424097002,0.013388367194007057,-0.0199667462054611,0.00285331532381274,0.015677603084621555,0.003496616687595619,0.005570119834997327,0.010845117200973984,0.006980659571258916
2021-03-16,-0.0002079199264623478,0.0056022906774080925,0.0021835247765576455,0.0023599067858255675,0.043132536555067456,0.03265223535138076,0.055085855297556996,0.04106183593537621,0.007015489487125952,0.005688759997377314,0.03855425772377643,0.0066713580625854235,0.007048775736773481,0.0024726068616629767,0.000563762096456072,0.004821341422608145,0.002757074142214608
2021-03-17,0.0021785532396102385,-0.008223992867993583,-0.0002477314879491565,-2.355303183268953e-05,0.03066081182372897,0.028783982103458013,0.04449045303137392,0.030625500132925986,0.006925596336963361,-0.007865786683666094,0.02414032362766583,0.0033858957793618345,-0.00021508718364433052,-0.0003700303712561826,0.0025248135248382587,-0.005968012726294056,0.00036246057767389087
2021-03-18,-0.013475213399477742,-0.007438226495991266,-0.01706756873962112,-0.011669292592258199,-0.022914980388912386,-0.018726462202113603,-0.03682668507295213,-0.022389003023024684,-0.015048507897716851,-0.007390449411987916,-0.026619571138946686,-0.012701427830837385,-0.005811171340490118,-0.018542542241972514,-0.013881474635595806,-0.008373489369483674,-0.012526461375908267
2021-03-19,-0.004686513277944682,-0.0020103334278159073,-0.001550300078927713,-0.003953385424141245,0.01919439950074763,0.026301608107599416,0.03115035952072706,0.019543294206852673,-0.0007063611481626297,-0.002025160870183252,0.00984976450205263,-0.0013554975185947446,0.0024117010720368323,-0.0021255536303237156,-0.005757620441341054,-0.0029207491978357294,-0.004931204273818792
2021-03-20,,,,,0.018270072796562908,0.019152978936941997,0.00015796902278789743,0.01744004224347513,,,,,,,,,
2021-03-21,,,,,-0.016144502509962688,-0.009270780551943195,-0.009751357651022034,-0.015407080221970276,,,,,,,,,
2021-03-22,0.005873122338467359,0.008989469327754279,0.011971988568630559,0.0071578740009263795,-0.02999483570511283,-0.036201135396938554,-0.049430515786075234,-0.031364523667654895,-0.00010487066879600747,0.008840071780599364,-0.016147116997455236,0.0029394812761953503,0.0038752926088351956,0.01213627768130864,0.006492068530178626,0.007661464208287207,0.007561546430739028
2021-03-23,-0.008100983457706072,-0.0003642659033470798,-0.01113345013973793,-0.005734758228424041,0.0071142261876033334,0.004757768741524738,0.0007507445173201379,0.006774358636579077,-0.005565115183487838,-0.00046004966537455946,-0.002396358848265492,-0.004304367382390069,-0.003164531851506406,-0.010751212621532074,-0.007697777108823823,0.0026304007446302036,-0.004972501778169658
2021-03-24,-0.003305425688800321,-0.006191427389029805,-0.012115966292683298,-0.004617437742881279,-0.0667762833825415,-0.06052442457590432,-0.050952561221804346,-0.06513873664162213,-0.013883901971090518,-0.006211010670608108,-0.023563111870045457,-0.011437939175027676,-0.0038203323143078645,-0.01349777886590642,-0.004722708530128795,-0.006305074218525116,-0.005923223103756836
2021-03-25,0.007122806063378129,0.00207828531957274,0.004340608089349531,0.005914804482678366,-0.0010923526180134256,-0.0064065289468054065,-0.0028174079412932786,-0.00224154918178802,0.005753612949812868,0.0018916977911379222,0.004971884815735977,0.005078223716072794,-0.0001296798915412816,0.0027971363777553747,0.006909750921628396,0.0023950061496901265,0.005718936420684402
2021-03-26,0.019635042704920395,0.01807925522146259,0.02461527705930923,0.019464410286435092,0.08749287264445915,0.09636249551443342,0.08752763349008517,0.08759209666483754,0.03094468102817685,0.01831836675166621,0.04857530209071275,0.0272248840085599,0.01777717894681966,0.02390925017722706,0.019833769013522056,0.01793128406757321,0.019607128753931526
2021-03-27,,,,,-0.008717834840823146,-0.00474768668011111,-0.005434139851227145,-0.007583457446467037,,,,,,,,,
2021-03-28,,,,,0.004100426246299149,-0.000382262793860986,0.006568456509898813,0.003294514036442327,,,,,,,,,
2021-03-29,0.0011022909356362362,0.01091609864221452,0.003979078078857789,0.0034082698788919607,0.037739657887588596,0.04025122827284752,0.0331604650292551,0.037970938755176556,0.0072085187609616285,0.010888658555198693,0.01183535189600448,0.007267914319271317,0.011070598414764446,0.0038630984867306997,0.0008041049349478277,0.010545349124689345,0.003085120916808175
2021-03-30,-0.003326924065019587,-0.009286595220519509,0.0003991996763891589,-0.005066463519805902,0.013383750136438466,0.01761112532463268,0.011369897023157933,0.014095316657468986,-0.0005418116981099124,-0.009266945070533404,0.0057127822901093,-0.0029668683864827626,-0.011359340471595274,0.00033193558326341906,-0.0024569990360515962,-0.009057612580703997,-0.004117366147215291
2021-03-31,-0.0009145486313490105,0.0008891588122364039,0.00784733329528437,-0.00029575108066602813,0.06639746310842415,0.1068210890209271,0.06785162672654849,0.06809137431739241,0.010304119991946515,0.0007507619359226316,0.0012106691085757044,0.007709463497768543,-0.0017563156104854487,0.008201437368736618,-0.0010339430858076588,0.00078346129333152,-0.00041245079057373215
2021-04-01,0.011919235422437929,0.00863331605511206,0.009375226574000068,0.011177030129704358,0.028439295434994006,0.012387080507305394,0.0003358063444623416,0.025683796044478666,0.014672578757863942,0.007501120000497116,0.0015424068471128045,0.012293010814559212,0.0048002564249023955,0.008665237488050861,0.011995595106136034,0.008036368316191223,0.010804572363528303
2021-04-02,,,,,0.053509068979526064,0.05404862413285194,0.042364099821685,0.05175074885223792,,,,,,,,,
2021-04-03,,,,,-0.05050095907334437,-0.03403076749084503,-0.013037688556670394,-0.047961905501129,,,,,,,,,
2021-04-04,,,,,0.08008234444670535,0.08652086591419693,0.07688427668216039,0.07882534803382288,,,,,,,,,
2021-04-05,0.005203894475596237,0.011188334181998107,0.0032844640498200673,0.008091068607689324,0.11247232939496452,0.07182176451052144,0.05740567051349961,0.10151178809855725,0.023081966962157613,0.011703558566008023,0.006016425146787659,0.017026478241239658,0.01670249716036397,0.0018281581443820782,0.0030548063231135526,0.010575468320415969,0.0068978497184449825
2021-04-06,0.00031178142225714707,0.00044504393968805204,-0.0003078839902926197,0.000515307082456998,0.034239733482870995,0.020627352714421544,-0.0003705779954486987,0.030085302814836016,0.0059664400990261214,-0.0009802058370688572,-0.004969690943014698,0.003243819091730364,-0.002812448764103458,-0.0005645789278913213,0.0006035790700292108,0.0005614447628368045,0.000948207518475097
2021-04-07,-0.000984327907634923,-0.001086436271444031,-0.002756398481453436,-0.0012150424439833917,-0.07683383516515306,-0.06178868393660459,-0.07929302478954389,-0.07292256219675658,-0.013625912450554611,-0.0029652068761530552,-0.020380020789482714,-0.00795949747684721,-0.006782877284382311,-0.003747734962769144,-0.0013871552789609352,-0.0014193042396392391,-0.0016370342529219034
2021-04-08,-0.0012589867542405495,-0.0009639365180766328,0.002662132586956036,-0.0010562967637780846,0.06650800161559936,0.0632201066278397,0.06437570685954881,0.06472730317584835,0.010035511307399434,0.0006077717304604404,0.02042422443097944,0.005230622387428723,0.006296436460054425,0.0025638983583581958,-0.0020852113431378363,-0.0009030797241316427,-0.0015260040461231236
2021-04-09,0.002570252431860107,0.003644962728498238,0.005612617044095421,0.0027089628520018207,-0.026439087808186844,-0.02440080555089802,-0.022400755637090587,-0.025037884683759913,-0.002264637608147718,0.002728305298186756,0.00020586985647264543,3.6457380173473587e-07,0.000477381218801717,0.0061168232640717414,0.0025711165773663514,0.004021589924416945,0.0029131526092304157
2021-04-10,,,,,0.1020844027159667,0.08447006330384826,0.0679554998792894,0.09549103372608042,,,,,,,,,
2021-04-11,,,,,0.011341727386061918,0.0010031199732775467,0.00890783086131118,0.009800866889563872,,,,,,,,,
2021-04-12,-0.00040732999993069,0.0010085138729580992,0.0032222498287931135,3.57063639074865e-05,0.0011626642882354276,0.0013879502785952994,0.015811064419725383,0.00031347173714761124,-0.00014566428523633758,0.001795217980477513,0.007180254089157118,0.00029107010624741,0.005391976371150415,0.0033487293887309384,-0.0009511648919918865,0.0006950250445231727,-0.00038887714628759
2021-04-13,0.0017323719424837082,0.002248251268878596,-0.0021832574393248127,0.0028733726370014346,0.10969981126458486,0.09981902677324113,0.09222178244116785,0.10625436427547522,0.0197269451628339,0.0043826020930987745,0.023621998007317572,0.012714696311786953,0.010287599206260309,-0.0034703639579076132,0.0008178067519954188,0.0018305582898141702,0.0020358804570769387
2021-04-14,0.0033581112989769886,-0.0024906963246480217,0.0002447722927050663,0.0003846739096394008,0.02628859256885361,0.020877343683364656,0.011130468656516295,0.025218777461595236,0.007179858177289759,-0.002948141101725364,-0.0014437256344010095,0.002696852498769283,-0.005391650740353524,0.0016686868061587057,0.0059259453528853635,-0.0016217660168248405,0.002175647576143432
2021-04-15,0.009449393897939496,0.0076691298969492235,0.009330578253217396,0.01119515516517921,0.06091149109383391,0.07901325679531469,0.04654210044000355,0.06126499766405594,0.018026410097255228,0.010322274093787949,0.017340254533812716,0.01633644570538384,0.017270690310656492,0.008731069808578375,0.0074145276818719805,0.00794845485903822,0.009961495943619928
2021-04-16,0.0028414438132387267,0.0021674411632703295,-0.00200646356203696,0.003231456504532652,0.05065662411454963,0.04123846013295452,-0.025066874761897597,0.04940944636743603,0.010810640530123877,0.0020423412642497528,-0.010877814559598697,0.007948188561998285,0.00010685098946349987,-0.00016177020063217807,0.002364297526230463,0.003261458959217813,0.0033958901590886376
2021-04-17,,,,,-0.03176555482050418,-0.024779264193725163,-0.023821333000242625,-0.030970780360543453,,,,,,,,,
2021-04-18,,,,,-0.07403361917153414,-0.0724497405531159,-0.07766306427960712,-0.07351536307529895,,,,,,,,,
2021-04-19,-0.0035293475918233954,-0.0013821987964435366,-0.0019688716027760505,-0.0036916435816016,-0.06293211235912945,-0.054037599558320305,-0.05035190654392385,-0.05962324118213497,-0.013429808386374403,-0.002802294380591021,-0.010075355197588641,-0.009023472014794249,-0.006575191164549535,-0.0016257274752259562,-0.0031448996624042595,-0.0017329846626454848,-0.0035329549904282156
2021-04-20,-0.008747199313497123,0.005054283679999253,-0.0115435638865003,-0.0041080169866280795,0.03341952255413645,0.02790492422752907,0.03954516304383399,0.03163594585641824,-0.0017194123355581906,0.005145284960169786,0.0006542033005283757,-0.0007929909857290083,0.0044936075543855775,-0.01321722785751863,-0.011811997586289473,0.0031010090871689258,-0.006394923426332009
2021-04-21,0.01074810100907438,0.005039211802071245,0.011248976961027163,0.00835741824156758,-0.04142399100162268,-0.03650866860665164,-0.039110901236478084,-0.04071753043270897,0.0020527523406248718,0.003639591037322479,-0.007830662609731497,0.0036814629841179893,-0.00015719435437438426,0.01299872320113319,0.012392749434121778,0.0062820947770019534,0.009708555122995071
2021-04-22,-0.009628306971395236,-0.00014228912321179735,-0.011934881950132436,-0.0077475830909433385,-0.04904992826934678,-0.03641584908173116,-0.048213352137333944,-0.047068129540910046,-0.01619857718772049,-0.002406955176852873,-0.023402317816793278,-0.011555544446204111,-0.00793886772589528,-0.015224954582081398,-0.011137605658533932,-0.002924960416238081,-0.00941113667205334
2021-04-23,0.008856224632086743,0.002405008431258835,0.011032749028647272,0.0068583293756064555,-0.016415494666891486,-0.01874352543211675,-0.00971976491901902,-0.016923491715091648,0.004644271415590373,0.0023159001191314773,0.006916175787577966,0.004727340685927881,0.00241550300629441,0.012690834484855407,0.009465599878988781,0.003248369350294315,0.00739961473598046
2021-04-24,,,,,-0.06806209030471672,-0.06194003101553611,-0.05155391903302202,-0.06549491226462163,,,,,,,,,
2021-04-25,,,,,-0.009028471809759443,-0.0040109051966363595,-0.002391091365448749,-0.008965219244978888,,,,,,,,,
2021-04-26,0.001031024202245785,-0.005836672150997398,0.005648919249043282,-0.0008402710225147461,0.15086850243841624,0.1353556841787736,0.13063667659703498,0.14621680613809857,0.026003937241607527,-0.002781781379084164,0.03933551633119464,0.01308467228299566,0.004492429046678185,0.006706416207534874,0.0015785082331235213,-0.005468267551436388,-0.0006917412772182108
2021-04-27,0.0010263258205212857,-0.005156622155818497,0.007762639884499622,-0.0002478301472963754,0.0428384009368606,0.042387194591676315,0.04926620453886464,0.04179430221317136,0.007995005006577838,-0.003959104722883486,0.02146580893416945,0.003770627324617439,0.00025820934463247546,0.00984553596583476,0.0020911018261089024,-0.004724737752115457,0.0008004962617738243
2021-04-28,0.000517314964177531,-0.0006203228032704423,0.004359999538869873,-0.001405991661811805,0.0015703408166000028,0.003784299398426346,0.0015565558162747273,0.001923395488771856,0.000692819272914609,-0.0022893663624321938,0.003605394010122935,-0.0012564415851077735,-0.005423893551376512,0.0047072397565947,0.0024098796259832914,-0.0007870452570969295,-0.0002476648190234241
2021-04-29,0.008854898351562735,0.007172877810884317,0.008524691381353096,0.008017328928263491,-0.010431513593727104,-0.010021921672219953,-0.011309830222450698,-0.011222047531531346,0.005640496360681096,0.006475496269841533,-0.00043761021707153117,0.006279782396946836,0.010692839043973572,0.008482515583555027,0.008815896705058526,0.007126307970568724,0.007994775211803619
2021-04-30,-0.006729647523317547,-0.0011247471319983209,-0.006386641643305081,-0.00461259849855253,0.07615810292228212,0.06646329992709551,0.05766574854970864,0.07550329806320508,0.007084977550949064,0.0008361449300954735,0.018668907417593125,0.003073514368485198,0.004180385719159864,-0.005478358294996256,-0.00819328874982158,-0.001107432610824689,-0.005391330239641524
2021-05-01,,,,,0.03980355255574375,0.04637580276940373,0.03414826731849937,0.03849509189416118,,,,,,,,,
2021-05-02,,,,,-0.014599904851997025,-0.014744758756039682,-0.018125362094552407,-0.01513637268262991,,,,,,,,,
2021-05-03,0.00743764494814448,0.008013977348690526,0.007327584275674845,0.006374238844931851,0.055476102519817626,0.07856857692430208,0.060458524881013324,0.05709477940121172,0.015444054543423338,0.008361159638592486,0.012359970004891632,0.010454587351190403,0.008037330664257035,0.006016010163805113,0.00734809419744418,0.0074199916886967705,0.005735805411486356
2021-05-04,-0.0023142375990448214,-0.004739260512041298,0.002461315936267356,-0.0036302134129856858,-0.02231980604804191,-0.0006467635039151287,-0.03717790939631933,-0.02176329196178521,-0.005648499007211001,-0.006185284716295313,-0.01355895856483501,-0.004825512111543926,-0.006592463178139247,0.001146289632860534,-0.0031275003125403344,-0.004518147206340255,-0.004272837913884792
2021-05-05,0.005992361499102265,0.0019079072711095403,0.005761617650381855,0.003259306666595629,0.23237817771357977,0.1797070247969186,0.15710341170917688,0.220780613610145,0.04372333086818184,0.004755823876578972,0.031226151096428588,0.0207299771613069,0.005742464618195898,0.004843825732564807,0.005997095769392193,0.0011549997021560938,0.0025075014506538533
2021-05-06,0.008050152328450045,0.007511080233695057,0.005918764170284236,0.008001860182382383,0.09504982199971371,0.0806936644081069,0.060065376778081644,0.08775256784650917,0.02255009727366065,0.007854525774096982,0.009663864493673058,0.014478821160203326,0.008229694240934532,0.005712604071248272,0.007078858140813179,0.007197040032260006,0.007105106302005681
2021-05-07,0.00963665939255605,0.0018007770503356978,0.010486037971043267,0.0076365010810298005,-0.03738328711875315,-0.023386360002916978,-0.012169727362674512,-0.03361259415753095,0.0018000016406711857,0.0019145874144898272,0.008816276161082631,0.004265962091787181,0.0027138663158486004,0.009349648783251837,0.009587182768337902,0.0018127393802309208,0.007371980956773074
2021-05-08,,,,,0.01505247076056373,0.029657346283029084,0.021970259089459897,0.01826336240841015,,,,,,,,,
2021-05-09,,,,,0.01695799459749009,0.015929229991557756,0.011852793800573096,0.0158349109607728,,,,,,,,,
2021-05-10,-0.004327123236936115,0.005428451698197882,-0.004142469349268256,-0.0021455842374046895,-0.06333573003276818,-0.06254687197227389,-0.06264675208666189,-0.06269511424948089,-0.014161891036241459,0.00395418822618742,-0.01631168293651606,-0.007094271868001682,0.003321076274023124,-0.0036163779283383364,-0.0031850810168780126,0.005317063242557752,-0.0010504477190138055
2021-05-11,-0.009261384465219463,-0.008079331057582555,-0.009729329036459197,-0.007412839502290748,0.12326469466551515,0.07943609043217348,0.05891720120652231,0.1140296159244001,0.012826295389902969,-0.006581121624024442,0.0008491796704532266,0.0022233755041005483,-0.004321846965986144,-0.0100799250506533,-0.01089415286834754,-0.008146074591599942,-0.008433204117412416
2021-05-12,-0.01593679259010353,-0.014049741251193949,-0.017132093555083827,-0.01643387753445631,-0.17908713683757882,-0.1592639121715615,-0.1381051247695153,-0.17449926017811054,-0.04312851663134941,-0.01623412466733333,-0.042275850521523745,-0.028721301957789748,-0.024274403222579656,-0.015666751143935318,-0.013746322440351417,-0.013281435000992475,-0.015032531031623364
2021-05-13,0.008494958615479204,0.012342480858222194,0.012998330888516697,0.010168310584379616,0.06210183470583304,0.04455329540611114,0.06700682394838377,0.05661482623383405,0.01742943796387151,0.012410735351442576,0.027109430836997368,0.013719712156800533,0.016281173040535977,0.012089699516133503,0.007038718133843261,0.01236308047282393,0.00950164396620275
2021-05-14,0.013989839118725322,0.0031403467066352542,0.011463724197796836,0.010795342204177686,0.053756397032244094,0.05999950721888092,0.0523515168675374,0.05216855861011098,0.02061759877097845,0.0033716621160524212,0.010435676783599768,0.013987329137990499,0.004852531447944312,0.010567583490356905,0.013352786855974672,0.0023385730377042963,0.009646655293421388
2021-05-15,,,,,-0.03983153713712914,-0.057684102698779556,-0.026427078854640865,-0.044804638082537374,,,,,,,,,
2021-05-16,,,,,0.0028746940214076752,-0.0037621829535803464,0.0027603261609935176,0.0012966558594350833,,,,,,,,,
2021-05-17,0.003109889447838574,-0.0005384279360435743,0.005256862866625497,0.001188850325899854,-0.06620591298990389,-0.06720502259885756,-0.0659217723241666,-0.06687801167775666,-0.00844274429178517,-0.001468044439748515,-0.01471019452374381,-0.004120637865105337,-0.0020095285385901256,0.0055388444785779735,0.002870072596740803,-0.0007043785650716526,0.0003825827955736658
2021-05-18,-0.008646340971441622,-0.003809334855150444,-0.008890798866065619,-0.0061508818894786,0.017080083792776656,0.013395666190332313,0.012364275833395234,0.01499678291574328,-0.0043586035107385755,-0.003644201881913538,-0.008192651301270962,-0.00457823528310468,0.002636860036955278,-0.007816807259570391,-0.008600043260052172,-0.004451118857955852,-0.006006468590640981
2021-05-19,-0.005355264782657149,5.562868120396887e-05,0.003189063088128388,-0.002938054638464664,-0.303373487313533,-0.2769205280094168,-0.26311489399763377,-0.29220741464702044,-0.055024968537803115,-0.004763427480245612,-0.045706680267454475,-0.026157446454106677,-0.013470827718646316,0.004225954183959834,-0.006012506469975173,0.00018804323290406776,-0.003077161272258518
2021-05-20,0.008595708763838071,0.010286902421555312,0.00872281258350766,0.009848982282536802,0.14700206982203626,0.14700157607057887,0.1489770488414754,0.14540160681996503,0.0316634356068711,0.01235813671914241,0.03618292499690248,0.020414162149997726,0.011838761668534623,0.009272089110227335,0.008835012906570513,0.010563722045058906,0.01025828388892539
2021-05-21,0.002374679775253024,-0.0017131175024375964,0.0026921577345954285,0.0007434269767564881,-0.1408603473018848,-0.12809572591054025,-0.12588607097025198,-0.13655181488619,-0.021497824737603276,-0.003705540379585472,-0.022630635835162376,-0.009989874114979643,-0.00623445758677101,0.0010998372149828221,0.0019754815707574034,-0.001553442382794189,0.0004998948218656438
2021-05-22,,,,,-0.06160251327788788,-0.04701046427069206,-0.0460019178342008,-0.0563047220163883,,,,,,,,,
2021-05-23,,,,,-0.11290738224342237,-0.11190126966276501,-0.10612662182153444,-0.11124979930909586,,,,,,,,,
2021-05-24,0.006160084121522579,-0.0011183212811132185,0.009290553518721935,0.004554325358078069,0.25292356727981136,0.23969125410640424,0.2136679284868539,0.24547389946604753,0.047287331314570705,0.0021085298870480657,0.03921390599305703,0.023597763560516793,0.008206915774387199,0.007840298531954986,0.005132619433733335,-0.0015943788555257163,0.003466912942372115
2021-05-25,-0.00548226486313403,-0.005578663700986237,-0.005678104642093989,-0.00482456411807321,0.0028286933522609584,0.012732873413892558,0.009191290150239778,0.003574951118924801,-0.004097105160568199,-0.005614152329130596,-0.004719991105375672,-0.0041725764593546185,-0.002390639385908745,-0.005514297353150261,-0.005994797212988851,-0.006154602892248078,-0.005164966966629763
2021-05-26,0.0037127526757294296,0.0010686238453088126,0.005085018377253696,0.0024676236428103483,0.07066872279801244,0.06686049144531497,0.07185614023545206,0.06833010452192549,0.014872081029443263,0.0020857216473021303,0.01761571442519725,0.007663089933390615,0.004374574796111806,0.004799193160021014,0.0036881684132236783,0.0009867951289499917,0.002252763609018882
2021-05-27,0.002493264197657325,-0.00432516598754634,0.0009659627965246531,-4.8832367613905526e-05,-0.03622452964270197,-0.040794750050589676,-0.05259150353667377,-0.035479774467352926,-0.003959701442402558,-0.004831864644377102,-0.008245909953160978,-0.0028146466006472963,-0.004756160868412242,0.0004615927970287885,0.001312293767305251,-0.004824455025659486,-0.001094082208848203
2021-05-28,0.0029368120789191247,0.0017011068678529917,0.007915938300555562,0.0032084478853935464,-0.08364161267040388,-0.08890915003879395,-0.08678182253077822,-0.08414695357968215,-0.011492925379301376,0.00026564160773044794,-0.012655018108093607,-0.0036597093436490716,-0.0007098193976652341,0.00685574469635189,0.002828907387608401,0.002012598105588716,0.0032173351372028866
2021-05-29,,,,,-0.05675666284012571,-0.05301928201659021,-0.05464627318558053,-0.05462903981667905,,,,,,,,,
2021-05-30,,,,,0.04599013554369838,0.04745927755595889,0.062058617350375274,0.04508472111185457,,,,,,,,,
2021-05-31,,,,,0.09017948488864361,0.08720462303762722,0.09289952141169157,0.08736725656023443,,,,,,,,,
2021-06-01,0.006155867931106326,-0.0042411906532745305,0.010987892929453168,0.0009273700739149441,-0.019186745025294896,-0.019591218206951092,-0.022037461284091685,-0.019056020234515733,0.0019320991050394577,-0.005129731269901141,0.0055844516000972755,-0.00016340701560662842,-0.002697117400252297,0.00986510917650571,0.004852960181193195,-0.0036073495662104185,0.0009267781747575548
2021-06-02,0.003927973385446997,0.0009971196578480218,-0.005866517488470287,0.0030602636822807303,0.015686303567012748,0.021730864285923773,0.01790993646159339,0.01694591300678842,0.005887695082374622,0.0013793736581078084,-0.0022023488057621413,0.004012864671849621,0.0030840963282207155,-0.006925438714900428,0.0022570506187633062,-0.0006895374495302837,0.0015497547130827712
2021-06-03,0.0015356426218946571,0.0041026840898075395,0.004942533189401257,0.0019143024635168652,0.03417599714809401,0.04446603124602015,0.04067989499154541,0.036086133953519436,0.006975701709594549,0.004575451251948458,0.008512234177072819,0.003942118558003877,0.006115959524130934,0.004993178044740306,0.0007685211106205672,0.002419695920944095,0.001118932594433478
2021-06-04,0.006630268468109691,0.006318762080572423,0.007162936041182808,0.006805385379548711,-0.07013513415978842,-0.06418859500293914,-0.06495305569365971,-0.068671861880784,-0.00616396530320666,0.006067670593962859,-0.0027029757691003496,0.0023732397694161012,0.0020044868201744242,0.00930588015352088,0.007415565910697213,0.007115945363733788,0.007704277934986902
2021-06-05,,,,,-0.03151695830923769,-0.02899953364754669,-0.03032450318909923,-0.03141108998371026,,,,,,,,,
2021-06-06,,,,,0.017874280878071483,0.020022602350368988,0.018444309135800935,0.0176123830437155,,,,,,,,,
2021-06-07,-0.0019190242636381518,-0.0032665386375368534,-0.0008946043011865226,-0.0014589591237487967,-0.08261493454301595,-0.0692840448043038,-0.07178020338570659,-0.07959416190513298,-0.015368342643534452,-0.002898912042864995,-0.00946796097665851,-0.006023778854887346,-0.0013786046788001344,-0.0008336205983403754,-0.0017834645136071204,-0.0029011527140827163,-0.0013790158078166796
2021-06-08,-0.0026256523440645065,-0.005275177536958047,0.000349666994311043,-0.0038952518167790244,-0.0010986656821033386,-0.001725117345182213,-0.0032387156091597917,-0.0015208509147770053,-0.0023711545670709777,-0.005638044527991176,-0.0010589496736920674,-0.003720246483717973,-0.004686774849689061,0.000956556668013002,-0.0025038715455512487,-0.0043551998657099435,-0.0033856541385874793
2021-06-09,-0.002621494186845724,0.004787457380343158,-0.015377301211306982,-0.00025923692071842797,0.05692371448042062,0.0587180066697156,0.06181531953517245,0.06070408391913166,0.007302707257698667,0.004621270675767669,-0.005670052239643461,0.003196467206335816,0.0030567353152179794,-0.013156216613878632,-0.002566878215945503,0.002271446664890251,-0.0007669795654524654
2021-06-10,0.0035983856432469483,0.008057410941688567,-0.0033761999616156663,0.005479298341247644,-0.046790220968375595,-0.03864440032279087,-0.047840084171988456,-0.04417766725540115,-0.004799715458690143,0.007139406376252975,-0.009205155400548323,0.0025623415054572703,0.004484524419017247,-0.0022315309303035527,0.0034221646340011876,0.006757080568892559,0.0050130848106220045
2021-06-11,-0.0001930466045129854,0.0015542247385113628,0.0011074606597599112,-0.00035828622268382193,-0.03461216578807621,-0.031912779914323966,-0.02880678190009461,-0.03119125345539258,-0.005929566468440189,0.0005792904159863902,-0.002394021489892432,-0.0022463702850893134,-0.0002738857557905715,0.0017846172944295797,0.00030526070884400597,0.0027112740419393475,0.00021516694588306855
2021-06-12,,,,,-0.00610877120759048,-0.009130559175879956,-0.011175587818969051,-0.008824284824635202,,,,,,,,,
2021-06-13,,,,,0.06060711073488845,0.06399613850638558,0.06691781291091305,0.06347770508574492,,,,,,,,,
2021-06-14,-0.001521826261606398,0.0008065977016322939,-0.008593111585399063,-0.0001837702410594546,0.012104542324334045,0.014138271094943252,0.012665315952936879,0.013404194908272075,0.0007492351693836756,0.0010593190911169508,-0.005980787532310014,0.0005479883046442128,0.0012622970018227964,-0.0075422407800366555,-0.0011463381529861175,0.0006209410503824502,8.922144379995949e-05
2021-06-15,-0.0014924320060200659,-0.004726234272134198,-0.005581733152144776,-0.0031580400236486685,0.01250313104435552,0.015357217354480394,0.010279547492261464,0.01242519916075487,0.0008401618357091985,-0.004664819950414006,-0.0027626354926344847,-0.002161460504811435,-0.001461655289464282,-0.008190018802829734,-0.0033760601079298167,-0.0065801256870234815,-0.004921564660988282
2021-06-16,-0.00794295372627938,-0.011318869776241022,-0.010159066053022935,-0.00936199605698908,-0.0697520672369448,-0.06674905904995507,-0.06878145071596217,-0.06849368917877735,-0.018244472644723616,-0.011536592344297426,-0.01642613020293951,-0.012735671391185829,-0.013725250819523645,-0.011550407404269747,-0.008759148169109306,-0.012670583596524062,-0.010118842899357846
2021-06-17,-0.008628992318018565,-0.00045021698213449057,-0.014114194572327531,-0.004622457311126385,0.0097207607704191,0.013899567040944923,0.007225034662903285,0.008881756679564083,-0.005570700136612286,-0.0004899502847282833,-0.013293536157001259,-0.0037368522602535675,0.0031129265462971,-0.012983671461796426,-0.007101098131297519,-0.001001172077763864,-0.0038689060336061214
2021-06-18,-0.015075440337741249,-0.0110848004511519,-0.007739392071992477,-0.013987308797546177,-0.05772062088488967,-0.0570845221430138,-0.05439399637726173,-0.057765767573523,-0.02218297042893265,-0.012225315089924594,-0.01339996634235545,-0.01661139858054595,-0.015614345838701598,-0.007475613668042434,-0.014264472648978847,-0.009558057808354899,-0.013055783988059157
2021-06-19,,,,,-0.020498713298390713,-0.017081852500068124,-0.020727231043364637,-0.019115969162922613,,,,,,,,,
2021-06-20,,,,,0.011456111133318937,0.011134789407814823,0.01316125645440188,0.011061504707807535,,,,,,,,,
2021-06-21,0.016981836922855056,0.010882447614432926,0.02061778827420126,0.014525239567035766,-0.19019405150636529,-0.1737215137772067,-0.17777503971647246,-0.1829900923625477,-0.017547477815348333,0.010248558190917639,-0.0014787799004386355,0.003065471630008136,0.010213210728686055,0.019804406837666363,0.015540405088613173,0.010489247945925245,0.013602820938028542
2021-06-22,0.0013849084679286628,-0.0009021128901392214,0.001971724283836353,0.0005490027255359285,-0.034837352458124686,-0.023432714827488352,-0.0314121292432549,-0.029190420452555467,-0.004652135019746894,-0.0013055600811481241,-0.0012234301561857455,-0.0013568421458955982,-0.0023645376461350824,0.0017624001692347563,0.0014665096467612372,-6.972241099464135e-05,0.0008600181446208736
2021-06-23,-0.0034092189923983843,-0.007375374420809683,-0.0009418450613190504,-0.005013255260897726,0.08559700466060852,0.07476003909758497,0.08418675275492121,0.08092803276331487,0.011425151616436098,-0.006728764098927368,0.007990543952677344,6.744806184660586e-05,-0.005812996781688489,-0.0015028386370490032,-0.003960482744282278,-0.006962563975530667,-0.0053320399060947
2021-06-24,0.008045844887354254,0.004981666384701322,0.011602420783944526,0.006376013138521831,0.06135694304332536,0.06715221560916204,0.05866390176981355,0.05895939498088082,0.01693102791334944,0.005925039741857222,0.016625872410953185,0.00963914397783176,0.004453378233181901,0.011311228001919544,0.007725463811084874,0.005215455498546129,0.006299769577658284
2021-06-25,0.0077960495128590905,0.011936828110290388,-0.0010406756958209896,0.008229700859239138,-0.08057487382765757,-0.07736903899738007,-0.08155545838294007,-0.08073224786155458,-0.006932437710560352,0.010980745874924577,-0.01022509019524601,0.0030606616780086467,0.013571803797238692,-0.0004190326938875817,0.0091872675566676,0.013191893293320526,0.00943218535344426
2021-06-26,,,,,0.011936020786419109,0.010384812388042173,0.010701360819142795,0.01213552734345186,,,,,,,,,
2021-06-27,,,,,0.05340874980562807,0.060062582738432894,0.06286099148671757,0.05589550583985092,,,,,,,,,
2021-06-28,-0.0016871117212886432,0.0025172962783331803,0.0011848914643429627,0.0011740777474781258,0.018891398769319223,0.016433722051020574,0.012144776938482139,0.01741185814588978,0.0017426400271460007,0.002998011122133027,0.0013647051803177134,0.0020235572694057044,0.001013010828157414,0.002459782747569124,-0.0006028011407748566,0.0031206557029471753,0.0017951419968598708
2021-06-29,-0.00041512416175831356,-0.0032972273079512893,0.0064338089132672605,-0.001012816556227656,0.07656251270863892,0.05280019044939153,0.09605334163064666,0.07154418411047331,0.012414481983307893,-0.0028576521004934994,0.020285835359931333,0.0031614538121031302,-0.005261456592277211,0.005996454462094706,9.747888845758763e-05,-0.0024432915598918145,-0.00040497470521659807
2021-06-30,0.004396661504242163,0.006725076646470808,0.004480097815617469,0.003680856460515318,0.010229283835137904,0.01068357361069636,0.014160253738622168,0.008598154967085955,0.005368765226058119,0.00575909422910903,0.005794075051120652,0.003951754889520263,0.0069984772466422296,0.003341886522723136,0.0036352295331470367,0.006768318710692636,0.0031680858941040744
2021-07-01,0.0065884442362662094,0.0036256160525078196,0.0036373785504627406,0.005535500942338324,-0.052857881690813346,-0.04977638186525332,-0.05588678412697033,-0.05207378521516638,-0.0033192767515803838,0.00354538769631722,-0.00032555205165915,0.0026965872231875672,0.0056618245331419795,0.0025674924961401344,0.007074969559662806,0.004256439556352174,0.005832464125153256
2021-07-02,0.003787028865862499,0.0049788385467737515,0.004184346868561365,0.004429717246154536,0.006644821951439307,0.016771078526629932,0.01795299731614532,0.007995845918184287,0.004263327713458633,0.0048711243426790285,0.0049452999409978085,0.004580096273371009,0.004546841202555014,0.004007832096222806,0.0035047376491896647,0.004398240838795107,0.0041668583673255865
2021-07-03,,,,,0.022742221109748106,0.02055637363928011,0.027746322972915367,0.022645009981093527,,,,,,,,,
2021-07-04,,,,,0.021951839457896506,0.02639183409851235,0.021448577510664722,0.022435598186939628,,,,,,,,,
2021-07-05,,,,,-0.04758275314865554,-0.04487484015537838,-0.04569664182989868,-0.04705466117808611,,,,,,,,,
2021-07-06,-0.008689862235726457,-0.0018774136168162655,-0.00469938140866802,-0.005176698188151329,0.018173860759549767,0.01920606721562161,0.022363300085555645,0.01850713388147883,-0.004212575069847084,-0.0018300365938302104,-0.003824522191188544,-0.004065410027877881,-0.002308079130715238,-0.00461209641414425,-0.00985639500961573,-0.00295362940310675,-0.0061266530631871405
2021-07-07,9.602564581949073e-05,0.002431903715568761,0.0021006208876345016,0.0015698872665652187,-0.013567803826577629,-0.010315308072902318,-0.015187615323893847,-0.012965536073788317,-0.002181279266246696,0.002862230743730994,0.00015185438782486883,0.0008159666820130918,0.0034773687197444357,0.001268471711343589,-0.0007547332026062093,0.0019435735332981403,0.0009618825935164976
2021-07-08,-0.006922522612545074,-0.005094707665168138,-0.01114269088530062,-0.006468093633107892,-0.04999297514892137,-0.050493422216249945,-0.05440394133933849,-0.04910031025873469,-0.01410093136860779,-0.005734547470510277,-0.01344950127832712,-0.008593856722010974,-0.007408890361920705,-0.012123373136019256,-0.0072114017045002855,-0.0058646378110097895,-0.006916953678032802
2021-07-09,0.01211670315324331,0.007127517931399941,0.017535554175227883,0.009958556568339643,0.03256800205560833,0.017969248291017644,0.016955916744919385,0.030269905618004606,0.015525252970304146,0.0072987696072055455,0.01768195101340478,0.011077671186007927,0.007933357687965705,0.018167523134112882,0.011784448286825608,0.006999099133123078,0.009596013001569871
2021-07-10,,,,,-0.016060178710146155,-0.010903670662582288,-0.013771218940569336,-0.014960850616108988,,,,,,,,,
2021-07-11,,,,,0.011050896895787088,0.011011998414389799,0.013305298310750922,0.011660212177286187,,,,,,,,,
2021-07-12,0.004299687110597881,0.0027913069729830846,0.008465397148311144,0.003954889477547277,-0.021458439480235236,-0.027262857599917575,-0.03186961978822759,-0.02322161258237673,6.666012125694336e-06,0.003142957887072095,0.005837543331610363,0.002631996279782996,0.0024695450394102,0.00891175819395038,0.00397488308652427,0.002643448973792595,0.003749290912334299
2021-07-13,-0.004766188522257003,-0.0027261790105505843,-0.010844390329278464,-0.0037885090561223436,-0.03272991619051569,-0.02607874849231788,-0.03239965875224543,-0.031051791732748375,-0.009426809800300117,-0.0026676242968719037,-0.011457937222163686,-0.005236765432098872,-0.002012906453436627,-0.011038821707684228,-0.004619061476822438,-0.0028032731222732616,-0.0036239210386505016
2021-07-14,-0.0013789228043061602,0.0037176314894707815,-0.0022765125879777087,0.001103707478448668,0.005343652094854679,0.007458126783233902,0.00730284860750051,0.005802067700012785,-0.0002584936544460204,0.0036766171004365025,-0.0018711018597195085,0.0013734625596853686,0.0031238350744865243,-0.002750522469347502,-0.0026475988409389783,0.0028288886600509357,0.0001252844836500822
2021-07-15,-0.001252731366527626,0.0014552387538873538,-0.004012533319483392,0.0002915222782621783,-0.033657562374154494,-0.03713321809172867,-0.03918280249934254,-0.033889841353642605,-0.006653536534465437,0.00140527133554655,-0.006003841361120076,-0.0013758994920194938,0.0037860345611716592,-0.004864472465718027,-0.0019527403265345929,0.0011791067940503728,-0.0003183666138237522
2021-07-16,-0.009458350867190797,-0.0012441436464153794,-0.014618235756027593,-0.0055656060323743175,-0.02451103417517737,-0.026972234147499986,-0.026891081872367537,-0.023947237897913424,-0.011967131418521897,-0.0011968388928107335,-0.014947056826707205,-0.006514526320282328,0.00046291645072649715,-0.015023655440669793,-0.009490648112154268,-0.0006052469038295318,-0.005362938804665622
2021-07-17,,,,,-0.0020961608637220745,0.001731399219759056,0.002458812146124833,-0.0012278253576736477,,,,,,,,,
2021-07-18,,,,,0.002949834020844977,0.002943588253927365,0.006922462670103551,0.003271014160933264,,,,,,,,,
2021-07-19,-0.01726527922780359,-0.013460669039030631,-0.011279572411420243,-0.01483442825293917,-0.04843102623361849,-0.043874504810921054,-0.03709873531215527,-0.046787067145604384,-0.02245957039543941,-0.012981468853435308,-0.013479014840606447,-0.01658989060253081,-0.010695608552316509,-0.010713631498478305,-0.017769158361732804,-0.013944850943695488,-0.01529603329957407
2021-07-20,0.011365506267585472,0.00612199566516256,0.01496149694197198,0.009105435438056928,-0.039675775806226554,-0.04214870382632479,-0.04204888561517693,-0.03913371053694699,0.0028586259219501335,0.005891162272649968,0.012263109227565377,0.006741036358937748,0.004523371699541421,0.015055333400518525,0.011161072197129142,0.005520303732353801,0.008846442153514924
2021-07-21,0.010312805453817256,-0.0014580453779623294,0.011434235621756739,0.00562536098829861,0.08404642491288189,0.09001381462758444,0.09113977706019062,0.08459604944069823,0.022601742030328026,-0.00022013400487848854,0.01643447303822756,0.009623055666917185,-0.001726161990594817,0.012528260793751392,0.011476205830324092,-0.0011936669230833239,0.006380287992591557
2021-07-22,-0.0012903191319496314,-0.0002931165947341605,0.001502418185989496,-0.000796859567677307,0.035105539490129026,0.01920679790610634,0.016974170650352446,0.03164729711084652,0.004775657305063478,9.102458078304832e-05,0.001949051207305178,0.0007172344405361798,0.0037143096572929105,0.0010509644059502076,-0.0016300703481338624,-7.334598030362774e-05,-0.0009312438682168324
2021-07-23,0.0051724549861528225,0.010343884903672041,0.006446529244442195,0.0069751285666865715,0.03023078239134263,0.0306581770196924,0.03630288779705346,0.031092174718309627,0.009348842887017787,0.010461984001774463,0.00792600635917927,0.008153318712647795,0.011907547649074961,0.005927140174109312,0.00459937275007114,0.009951302677626488,0.0065133692561090036
2021-07-24,,,,,0.020878573175351613,0.023493592230873918,0.03336469590056434,0.021325744273846505,,,,,,,,,
2021-07-25,,,,,-0.0013191821921649028,0.00891087221939564,0.0017649707702024748,0.0016293752412733188,,,,,,,,,
2021-07-26,0.005689444061937253,0.0008656633680718434,0.002885441513862955,0.003417749076111167,0.024043643109556534,0.027795867933079886,0.024599104230314098,0.02646308103952264,0.008748477236540465,0.000604539605754153,0.004965692478359475,0.004597497635389108,0.0004939606368726614,0.0027021025204131454,0.006171006508227124,0.0008141942257235958,0.0037371657868998692
2021-07-27,-0.0020674143337947653,0.001265584757977427,-0.006299333627425961,-0.0005415767823769039,0.02664427959607967,0.03092375861008261,0.029714342004419837,0.028909876850764377,0.0027178679878509726,0.0013579063417653364,-0.0038612894106966945,0.0010018567937434774,0.001232769571870085,-0.006481783105621673,-0.0031689564458746615,5.218231249919463e-06,-0.001687460928995206
2021-07-28,0.0024506105914112635,-0.000610443367553433,0.003833791222038495,0.001015020591778365,0.025869776100008457,0.015372450103589445,0.01579193503464523,0.0235216869052969,0.00635380484284413,-0.000558147005668611,0.003733769392209667,0.0020348301899045774,2.7424550396479736e-05,0.004139571719086307,0.003329360436008577,0.0003290531282952084,0.0019271950878073602
2021-07-29,0.006330181297196202,-0.00024006344278054947,0.009498891503118636,0.004430578772208821,0.018439540828283675,0.014524104848032722,0.01302419391200558,0.017196854212423722,0.008348407885710781,0.0004881521711490616,0.00877073840414675,0.005057376244875446,0.003461940213976282,0.00955032504962562,0.006296910955552631,0.00012183134599865026,0.004413536449188702
2021-07-30,-0.005476928437085999,-0.0035095944720172586,-0.0027951606229136374,-0.004311863618152567,0.02907854641851262,0.03317593847658759,0.03264923599810762,0.03125333890057885,0.00028231737218043597,-0.0037641670730029163,-0.00030523511929203843,-0.0026368629156926005,-0.002965094150096109,-0.0030449649982483926,-0.005535272852309834,-0.0034308661247411626,-0.004211419131208592
2021-07-31,,,,,0.004980914127726711,0.005914701807160339,0.006746080985965783,0.0041373738803688435,,,,,,,,,
2021-08-01,,,,,-0.022758807451950844,-0.015440806885406383,-0.014621418854179493,-0.022705388621039616,,,,,,,,,
2021-08-02,-0.002594615119592887,-0.0009985911436135072,-0.00228701608826609,-0.0016587569999504713,0.010486102598031722,0.005000036772729617,0.006537626994115292,0.008225142901674613,-0.00041449549998878515,-0.00022966575615812908,-0.002924409921802287,-0.0011404503307720106,0.0018588381225288766,-0.003252856667751755,-0.003237388367885532,-0.0015648377279966225,-0.002386513808623466
2021-08-03,0.00655593755869915,0.0009815057101723308,0.010550227585865447,0.004863577737839551,-0.015388954950252167,-0.014627663700522943,-0.01777871266921518,-0.016159980299012562,0.00289845547387393,0.0014417616346760003,0.007582862801226691,0.0038666918158659497,0.006127731402633865,0.012452970763363972,0.008406988022736954,0.002106945647390796,0.006695643607784605
2021-08-04,-0.00799518489455228,-0.007490528530246635,-0.00260623651956017,-0.007130702230618261,0.03586243098793669,0.04550495860381884,0.04483290393156916,0.037635288686215455,-0.0006855822474707849,-0.006200120832625632,0.00012773994619333883,-0.005038853522837241,-0.0038567958300861436,-0.0017025373493752254,-0.008239166795295795,-0.008109593545692986,-0.00741703119026824
2021-08-05,0.004858409186381643,0.004300746674420592,0.004826656477717809,0.00444219572952225,0.0162912139985419,0.023755424444418232,0.022332809169007744,0.01790866641021631,0.006763876655075019,0.004471808020940479,0.00651660723003494,0.00528527202790791,0.004032778706062376,0.003482708279031518,0.003983857193512755,0.003528188874552966,0.003550885338204725
2021-08-06,0.0033861593133184616,-0.0012211465193034136,0.003946511657874216,0.001394554497963571,0.022413974415808856,0.027175894578350592,0.0226298771338911,0.024306093489973132,0.006557461830400195,-0.0004904457416164824,0.005608575156338457,0.0025579387790456262,-0.0015162655021748652,0.0056222004517532675,0.0037265775937624936,-0.0010027326263384072,0.001760800841519323
2021-08-07,,,,,0.07056124046525344,0.059344573307787044,0.07870339188791087,0.06788930748643361,,,,,,,,,
2021-08-08,,,,,-0.04486792663548495,-0.0355560466713064,-0.038453116628226466,-0.0422503018513307,,,,,,,,,
2021-08-09,-0.0025151353318879437,0.0007832766151401062,0.005601993935307019,-0.001602283015971775,0.053636190115404374,0.05661603503764623,0.04403808065399423,0.05406445163348296,0.006843418909327443,0.0006111849368805724,0.008206803283462289,0.0010710004733387088,0.0012874973076971246,0.006487304285325373,-0.003268305360216379,0.00048496007050252243,-0.002283501112569301
2021-08-10,0.006225201968229889,0.004729106474646941,0.015865841656604825,0.004232130837557438,0.019223181862006014,0.019313426324246888,0.02521923054832596,0.016921759946468898,0.00839153195052591,0.004333564589797529,0.01330167486427695,0.004834643597385771,0.005494309423693735,0.01809486241171891,0.00692320980442281,0.004816239322105129,0.004632012352253371
2021-08-11,0.008553749273534144,0.0043946519889189115,0.006848379118208635,0.007291179361445553,0.06307775869864235,0.04930719223007736,0.05395838782739383,0.05718816658245901,0.01764108417771884,0.00594252328381474,0.00854658216588189,0.009896413205530778,0.009747139266990577,0.0079157607076878,0.009023569544441775,0.004516003180056882,0.00773450736828501
2021-08-12,0.0018025545333928794,0.0029690629530916965,0.006227002919783249,0.002437180064512971,-0.02182670386777582,-0.016446291207843855,-0.016698740342887205,-0.02159605268211027,-0.002135655200135237,0.003273958453433434,0.0046433788389189925,0.0012831603301336155,0.003347361615219107,0.007944676926270159,0.0016081200136658484,0.003782155834962164,0.0024127107561529833
2021-08-13,0.0011371561711445754,0.0036738168042747886,0.0012494668745575423,0.0026961372242377195,0.10036157544278566,0.10073040250220332,0.10115468110154327,0.0987595682570036,0.017674559383084754,0.004151658620628659,0.005481376764127519,0.007337128753821937,0.00364566190365949,0.0017474106249202705,0.0005704386725378107,0.003551608571330711,0.002289285132261072
2021-08-14,,,,,0.0461467226724572,0.010389337018689548,0.028746863857761668,0.03821843909893165,,,,,,,,,
2021-08-15,,,,,0.018995419510658654,0.006276137019223085,0.024865171349556046,0.016542886394808977,,,,,,,,,
2021-08-16,-0.0013067599761297922,0.006744498650838929,3.4270992513578244e-05,0.0017685565692860273,-0.04406572804376266,-0.03765224524104733,-0.04793515746193919,-0.042179758930821765,-0.008433254654068604,0.006242796555323995,-0.002280330779515742,-0.00038601132780045964,0.006738969970257736,-0.0025218005977267395,-0.003023172020653269,0.007018848399573034,0.00035900720924821516
2021-08-17,-0.005347927817360969,0.0024958719937053222,-0.010536036332657558,-0.0024643042511168843,-0.06500531543194384,-0.051505790438544134,-0.06074204206560734,-0.06125735128259892,-0.015290825753124779,0.0014322013895332354,-0.012769867508521387,-0.0054162404730643595,-0.0012488239690449279,-0.013033366910396318,-0.006942056018450546,0.002671125068056646,-0.0037983750142062773
2021-08-18,-0.012821725418145536,-0.01104118185774205,-0.006123183502958293,-0.012112147778359963,0.013070150055442398,0.016264501476459636,0.027112344349539144,0.012753899910526084,-0.00850641283921421,-0.011218632394672901,-0.005495824651720773,-0.01090312604826566,-0.00954994449446759,-0.006569335555397339,-0.01410183652125592,-0.011780129587729353,-0.01343120005968462
2021-08-19,-0.00462008735737864,0.0012025171019249916,-0.004385925225280845,-0.001478925066789541,0.061922290088710884,0.065432903573971,0.07043595167942347,0.06113019612431124,0.00647030888363628,0.0015886534163585002,-0.001747222514697528,0.0014696571370635743,-0.00021089047323855808,-0.0025976674150220355,-0.005789208976158557,0.0009957353873109901,-0.002457473219236828
2021-08-20,0.005321036088544202,0.004081097306705243,0.009248155183997546,0.0054369820160291085,0.038683251853805764,0.03523196480764054,0.034412651176321016,0.03937932191317399,0.010881405382754462,0.004858138731962459,0.011720738232330611,0.007045784609103338,0.008390430098950009,0.011015933275310313,0.005317558846696669,0.003942344238147514,0.005406045433897303
2021-08-21,,,,,-0.02392748511978322,-0.018175190023431164,-0.02092060452213503,-0.022391351260556372,,,,,,,,,
2021-08-22,,,,,0.018669111161964912,0.029763682093206147,0.026526630925204613,0.01903835181787418,,,,,,,,,
2021-08-23,0.010275235784609366,-0.000720823585184674,0.010579366987668225,0.005877340937959255,0.020878861569260023,0.02413495158701755,0.02649342554828688,0.02027982241676339,0.012042506748717806,-0.00014059056701696233,0.009867531079068955,0.006501624502926762,-0.0009462042835174832,0.015038376596683804,0.014141514270363835,0.00012769043292625495,0.009365880543559834
2021-08-24,0.0021334034039965657,-0.004529252902901463,0.004634294351479148,-0.000695070345620189,-0.06750241932459833,-0.05679810795087841,-0.06006517522490591,-0.06426095343536503,-0.00947256705076925,-0.004433572219185056,0.0006864333637836744,-0.0038496377139986787,-0.005171711833778115,0.006208475133968348,0.003769700147514581,-0.004001151091313508,0.0007980622818103538
2021-08-25,0.0002972607359191249,-0.0031073202778976205,0.00019567977834829078,-0.0009677125916913386,0.02174154514931408,0.02149771463725691,0.018576757975017216,0.02184525775395783,0.0038713081381516173,-0.0022265159598976255,0.0022428006500809145,0.0002551764837075218,-0.0016795340021047544,0.00033349244105324293,0.0007469354562346575,-0.0032922577906023816,-0.0006585069222757548
2021-08-26,-0.007054964671320488,-0.005810052953096791,-0.007488401317766683,-0.0058901528811360765,-0.06146006562904986,-0.05167534435239969,-0.056044305269718604,-0.05899527185772015,-0.016122481497608712,-0.005517063220280277,-0.009895860284426869,-0.008494960652244447,-0.004382908968254107,-0.0076878021746772905,-0.007611359071250859,-0.0053459224675087005,-0.006264777367830401
2021-08-27,0.011274058695481981,0.001980487017533135,0.010928749981261452,0.008012919016684631,0.07269710012304198,0.07286763654080965,0.08337376677229805,0.07091228537700836,0.02151123226674198,0.0027997519780575035,0.013872812768283985,0.011125834792703316,0.003481568035166918,0.01282648850909267,0.01348613425802046,0.0017857360791845801,0.009866383791669467
2021-08-28,,,,,-0.010523062092153711,-0.009412264540530105,-0.012009620802523654,-0.00984344071454148,,,,,,,,,
2021-08-29,,,,,-4.223090773590736e-05,-0.0013472984661090264,-0.00332540363008428,-0.0002871892137467594,,,,,,,,,
2021-08-30,-0.0008556941413459178,0.0036843852729523097,0.0021100087591310194,0.0012126303387826056,-0.03427301946401956,-0.029344961448029144,-0.027453014873605144,-0.03357267594924965,-0.006425248361791525,0.003396275547860238,-0.00044644547945497855,-0.0005121218354677646,0.004372039588011953,0.0022897498641823275,-0.0015742219457012328,0.003733559244620719,0.0006607766355979161
2021-08-31,-0.0003515428249847851,0.0035482324792495833,-0.00437077153718444,0.0007947668042715449,0.033926461457846724,0.029420816325846654,0.034154443275712786,0.03168511569424234,0.005361457888820466,0.0032094015848228995,-0.0023355192782239906,0.002343314737810596,0.00155434631120108,-0.005890084319916794,-0.001153199349118736,0.0031704058159333355,7.220435702386837e-05
2021-09-01,-0.0020525501983184175,0.0005945708897190885,0.001643409106286872,0.00020681773424874458,0.05544915718852715,0.06340038207060149,0.06285605010673587,0.055664781845214124,0.007531067699489176,0.0013288925815543567,0.00464732644090362,0.002870033069664328,0.004510639264968076,0.0007002404906110528,-0.0035116648186961107,0.0003446628697289217,-0.0010352854256891538
2021-09-02,0.006924134192625771,0.005593200056298171,0.0024208838397750273,0.005799510802111666,0.011792504731032993,0.01809321754773414,0.0077185158136582116,0.012085812616322585,0.007735529282360307,0.005659038104866268,0.0041459165431977085,0.006234042451907802,0.00728022728455223,0.0033801275884354394,0.007944898017080473,0.005602673683805751,0.006377056526088207
2021-09-03,-0.003473960978767832,-0.0015079579736725155,-0.003476923511867585,-0.002606464782679916,0.04657082039539469,0.04719783913958451,0.022582062497646944,0.04425570279108644,0.004866835916925921,-0.001868153484549326,-0.002581627309682286,-0.0004091999768374708,-0.0029922103916324924,-0.004305565390429659,-0.00405716236978648,-0.0014896590599634684,-0.0028975697661584045
2021-09-04,,,,,-0.010212329589721382,-0.011559089262605255,-0.019337505120463422,-0.009884478700965295,,,,,,,,,
2021-09-05,,,,,0.056626714700174774,0.041689347817875755,0.03746093286244391,0.053403330297183534,,,,,,,,,
2021-09-06,,,,,0.006357202425683395,-0.014015009334310366,0.005701812968589124,0.005004387231699218,,,,,,,,,
2021-09-07,-0.010009097258011456,-0.013862937495663197,-0.009077935677045547,-0.011214720689402505,-0.16764027258755143,-0.14691282752025778,-0.14749246367462476,-0.16145324942453942,-0.03628095981293478,-0.014894088982249205,-0.018868990477632522,-0.018660233586910407,-0.015153493581231517,-0.008055211406819,-0.00956644618036742,-0.014421475519711341,-0.01084837523560185
2021-09-08,-0.0019721439613384524,0.0047692248725304184,-0.0032379199225217063,0.0009578769607344358,0.0004307836574903973,0.01814385164588064,-0.0019070178276857017,0.0014884447900857726,-0.001571656024866977,0.0053445277793485865,-0.00289839788751196,0.0012342490145529899,0.0031158318546104583,-0.005054883093987843,-0.0036956198245141443,0.004091853431805346,-0.0007754770805835812
2021-09-09,-0.006242056306770114,-0.010552375135188577,-0.005307371728249262,-0.007946502101390624,0.0026730099125002794,0.0012664777858065446,0.00039185447380421924,0.002522424585367769,-0.004756211936891715,-0.009902958526924447,-0.003922823808762757,-0.007479623064500802,-0.006310428838388544,-0.0041292339451666086,-0.005243914093823528,-0.010216245584762751,-0.007309828222433332
2021-09-10,-0.0037122719779800507,-0.006870613499112731,-0.003432415777371992,-0.004453984101320777,-0.042101786452271174,-0.04036300883667918,-0.04380716570198536,-0.04164916771525945,-0.010110524390361902,-0.006150295918615071,-0.0068622963131283275,-0.006332332781100526,-0.0007047272998358288,-0.00350406714211482,-0.003315797753008643,-0.006432147301475711,-0.003816473587149702
2021-09-11,,,,,0.0297849708151881,0.0378556738946671,0.034259985577964155,0.029136010191806044,,,,,,,,,
2021-09-12,,,,,0.039008980675526675,0.05136137282174729,0.026608046371298488,0.03900111323547596,,,,,,,,,
2021-09-13,0.005540850199334925,-0.0004940040249502928,-0.0030381532871368903,0.002646799189803519,-0.043186748837215544,-0.04331511967477387,-0.04519631663839338,-0.042128882601315976,-0.0025804163067568186,-0.0007202602243933258,-0.0058109220269023125,0.0006076183054152987,-0.001800188131623188,-0.0008692976467552002,0.0079475338014914,0.00036861512662926066,0.004615354084495998
2021-09-14,-0.009594622715975654,-0.005555747337596346,-0.011858276338183042,-0.007976060072599414,0.03937859648466578,0.048613652865900796,0.033473039391299635,0.0409107965457653,-0.0014324195158687504,-0.004506587273379714,-0.00957998087830232,-0.0054980375638529495,-0.003396984453491618,-0.013400014726299788,-0.010898058117505277,-0.0062411099577326335,-0.009242049412104401
2021-09-15,0.008697701909292485,0.0024068996845922623,0.00681101051280145,0.0056670104489071485,0.03376179967933306,0.034922084928015434,0.036083402063230886,0.03339610224057867,0.012875051537632581,0.0021308800772677178,0.009695422019535441,0.0071312125843082585,0.004490023798918775,0.0071734347454375175,0.010538085864086845,0.0024688617465492887,0.007039992343354691
2021-09-16,-0.004843745212585663,-0.0047140702336989785,-0.005182115617165506,-0.004688470110565524,-0.02260339800954957,-0.022099092250090203,-0.020329889322445064,-0.021603352396860412,-0.0078036873454129805,-0.0051236684052884465,-0.006342924730099282,-0.005590209116159237,-0.00648001750352068,-0.0055831451236550665,-0.00519826224543008,-0.004466437947147068,-0.004819114936463935
2021-09-17,-0.011501394104243307,-0.008345874674196514,-0.017236179301619494,-0.010980276314574553,-0.02821032375523107,-0.042886211255514034,-0.031050899801697333,-0.029044311771497897,-0.014286215712741265,-0.00971310257122768,-0.017385601888659473,-0.01190840760772339,-0.01240346367075031,-0.01676092705906899,-0.010978479791427836,-0.008026673162495265,-0.010561271735996134
2021-09-18,,,,,0.014642044853208726,0.011532522537182649,0.012236261104108118,0.014636114329920635,,,,,,,,,
2021-09-19,,,,,-0.03591036263566109,-0.02760457156198627,-0.029227747111392286,-0.03400734192656798,,,,,,,,,
2021-09-20,-0.017107007363820308,-0.009750956109179882,-0.020883657626557865,-0.014001242060811554,-0.11422485591169482,-0.10755683587952068,-0.1081912316243269,-0.11217681864812815,-0.03329331545513273,-0.011058050294730214,-0.026071622326826718,-0.01873076984927062,-0.01051144855486873,-0.022007279190541462,-0.0186611712455127,-0.01103912224839758,-0.015546068834151595
2021-09-21,-0.0021089054322317355,-0.003939797818532155,-0.00394592821997102,-0.002390326747013412,-0.05343634371662164,-0.04749910899775937,-0.05170452222515675,-0.05282098100175938,-0.010663478479630053,-0.003967543237400853,-0.007700490666996708,-0.00480911112938448,-0.0016592179782836942,-0.005028846705825977,-0.0023375755756086347,-0.004825653666407153,-0.0027784350487343764
2021-09-22,0.008905878341474214,0.0006294412410556829,0.009121278307608128,0.005435211589902981,0.10935609613773783,0.10611680080646294,0.1169968271899981,0.10671892558043312,0.02564758130751815,0.0020924386431644885,0.016865003585330246,0.010451791047743875,0.0032525263180899306,0.010635281611025962,0.011160319517702702,0.0017610336260920417,0.007343244696257097
2021-09-23,0.011459114793696433,0.0034496975207557582,0.00979916723680092,0.007776342894470728,0.01626576948492713,0.019687716319534206,0.016989389882359957,0.01755341806629827,0.012260223908901547,0.0037965878373198685,0.011405667345674147,0.008210362088870457,0.0029544360988097867,0.012008425357793274,0.014052449731016976,0.004214524886676026,0.01007899667223323
2021-09-24,-0.002344335646622537,-0.003019453186583134,-0.006526506921080238,-0.0032265743846649764,-0.062483391070832464,-0.057089011275107626,-0.05377074684692899,-0.06100942039044329,-0.012367511550657524,-0.004058528321955757,-0.00944497077704933,-0.006058811165835609,-0.010119618000771963,-0.0057548967088265094,-0.0014005299420088168,-0.003354134694433662,-0.002580360687710186
2021-09-25,,,,,-0.004266625386774614,-0.00466646180241549,-0.002002397497440893,-0.004140110117792783,,,,,,,,,
2021-09-26,,,,,-0.006350457317357294,-0.002297740254686054,0.0014876967828078087,-0.004464084239037156,,,,,,,,,
2021-09-27,0.003289481494579189,-0.0034588878864664787,-0.0011757759112638454,-0.0011676312980933518,-0.031077363869180544,-0.0300701475363377,-0.031045850471901063,-0.030584128386273383,-0.0024383260660474316,-0.0038697279827200858,-0.0029750163887197418,-0.002489287314084153,-0.008679487654393442,0.0017057430099953347,0.0062232770457144315,-0.002005378953654889,0.0014396013202642186
2021-09-28,-0.011152180037691917,-0.006083093840672747,-0.011974542452460397,-0.010306531298642762,-0.032985894716289745,-0.03593338348125557,-0.03186781749586438,-0.0330765980575109,-0.014791132484124886,-0.007450822051556755,-0.012583782503861612,-0.011298038035756422,-0.008771137592687314,-0.011932687987424213,-0.010673443938754766,-0.006686294968934814,-0.01008997472486521
2021-09-29,0.003919694130095625,0.00846716760313014,-0.0011527088861041513,0.005656412208827178,0.025201653417809954,0.021817886731777224,0.01844270197462191,0.023994824640564905,0.00746668734471468,0.008530698675858992,-7.302217480405017e-05,0.006628735261412852,0.009922049380856831,-0.0021481335657008967,0.0029631056058006832,0.006962623554496214,0.004407201763518224
2021-09-30,-0.010112777369907563,-0.009487757022434262,-0.012729770134164044,-0.009414945039839783,0.03985386657347911,0.04546202274564723,0.03784836821160791,0.04126396184013529,-0.0017850033793431158,-0.00923146535155357,-0.009788048167349118,-0.0071355354577429505,-0.01022820549913812,-0.014153166174156497,-0.011745255565490467,-0.010751110479038224,-0.010758677079916273
2021-10-01,0.012342170182835963,0.012183326515111231,0.009077362014737212,0.010334235572775881,0.08583803887920277,0.08289362527501104,0.09165829736387618,0.08654439364425393,0.024591481632230426,0.009818410255746927,0.017121936398079463,0.013749508244280869,0.005933071456106529,0.009259722277900811,0.012281577895274476,0.009466441645849283,0.010156972695719954
2021-10-02,,,,,0.013146846189772722,0.004247756620994973,0.0072518017696148315,0.011324299451840325,,,,,,,,,
2021-10-03,,,,,0.016058019141841507,0.008476067253117931,0.008063464193859202,0.014767086375438184,,,,,,,,,
2021-10-04,-0.002745104393907883,0.0014715343701713949,-0.0087696766202544,-0.0020002853227891262,-0.0148396687445018,-0.010622575451180925,-0.011111733951892551,-0.012547006319662268,-0.004760865119006868,0.0004936089413063791,-0.007532217097682338,-0.002405344480020108,-0.0016823315945175663,-0.009312725411707353,-0.003570788038853709,-0.00012714086149508987,-0.0031126116308825224
2021-10-05,0.005693677902995395,0.0018102109239774523,0.010489423624911133,0.004114436791446232,0.03911206691222191,0.03563084632673038,0.03664570535212244,0.03955938664590322,0.011263409404533149,0.002333227046043505,0.011551514462903052,0.005603457300135723,0.007167117682105113,0.01062402304154198,0.006467838840001184,0.002842579495081673,0.005014485696754169
2021-10-06,0.0010971533003962207,0.0031426670092620074,0.003373348377208267,0.002859075511585159,0.02631207745706715,0.02080342486427114,0.016960920315207302,0.028770776501408857,0.0052996406598413755,0.0035077034223479514,0.004173034113958824,0.003939252099766626,0.0006165060885973517,0.0028891336230986897,0.00032360813355668386,0.0032917926826147646,0.0022454588531975513
2021-10-07,0.008043666617446344,0.008254214026112913,0.007632710698259617,0.007145641620015778,-0.00638939697911447,0.0001956410597751664,-0.002766119285449716,-0.00693313730779648,0.005638156018019543,0.0074820341640794655,0.006997687299500804,0.006516225857871565,0.008210222881805404,0.0084901762534793,0.00873604835748742,0.008235997768990654,0.007730424449002649
2021-10-08,-0.0008405341466329586,-0.004373227565197691,-0.001779207358476499,-0.002637053037216294,-0.00968783863579299,-0.002723520137457497,-0.0060011149982782935,-0.008417859297001389,-0.002315084894826297,-0.0038922871438439176,-0.0017864181958018234,-0.002781340649406266,-0.0028633979568033012,-0.002784789959124657,-0.0009610050270961817,-0.004420477689652464,-0.002767280571286317
2021-10-09,,,,,0.039018902838405284,0.022858643448105932,0.030260815949512233,0.035560912014441365,,,,,,,,,
2021-10-10,,,,,-0.039372271971353526,-0.029913761800625403,-0.029900902758916832,-0.03638440056832111,,,,,,,,,
2021-10-11,-0.008973806475380097,-0.008196825912848848,-0.005916610114077244,-0.008709653752871945,0.01616616745924252,0.01834843673433121,0.017988810470239938,0.018731021964760574,-0.004783810819609661,-0.007955139087036395,-0.004014095160614581,-0.007532388161173036,-0.007887032103418287,-0.0050332287308145875,-0.008244770024886543,-0.007780890804197442,-0.007950926170746627
2021-10-12,-0.0007657505468342874,-0.0006637947246732477,0.006705358705315109,0.000357153407126748,-0.02450992776943369,-0.023832939323693323,-0.023070166713142957,-0.024367033610302177,-0.004723113417267522,-0.00038863490481850116,0.004089654251286888,-0.0007174188703065548,0.0017950157610243768,0.007062224106131032,-0.00043045211585093383,0.0001933524634577877,0.0010194006985612927
2021-10-13,0.0032749128553063644,0.0012351658077624636,0.00575983686599405,0.0038199172931735284,0.03190285056564601,0.02859046611788685,0.02519242829124958,0.03114415007273035,0.00804623580702964,0.0022427435802399925,0.006799857434252334,0.004950658658401428,0.003289551160063491,0.005862578229302085,0.0033651163282646572,0.0017723183151918463,0.003931458889414231
2021-10-14,0.012783921551769493,0.009292878880596031,0.016397215962515282,0.012482036430210655,0.008162714258494453,0.009235424534947918,0.011918854864422337,0.008256406706704422,0.01201372033622365,0.010179835612271787,0.01362716485775391,0.012264955115831203,0.007879006257262622,0.0165286884747732,0.013968145615242962,0.010791777327475462,0.013805820688731055
2021-10-15,0.004786977308970225,-0.0005657038671069747,0.0043238630562490495,0.00264834194481484,0.021102700113018336,0.035269005302317094,0.02445010075981942,0.025635682374304584,0.007506264442978244,8.37364369706873e-05,0.008075438725088034,0.0037316122437239634,0.0028322712565514163,0.004321226290119542,0.00516460431632213,-0.000607131865657994,0.0031425212659442208
2021-10-16,,,,,0.0027205761676233446,-0.009497116415175432,-0.008716031262287547,0.0007261815535179444,,,,,,,,,
2021-10-17,,,,,-0.015497446977474585,-0.0018662244957338573,-0.007864711819734197,-0.012400427935127602,,,,,,,,,
2021-10-18,0.0002736249556802517,-0.002176749027101844,0.0062166334517011436,-0.001146405472561725,-0.005306693572157262,-0.005333853368793504,-0.010002791850027963,-0.0048584674957967144,-0.0006564281322926672,-0.0029069213224374446,0.006486927221046987,-0.0013452375922680736,-0.0036999971055500544,0.006962879622943184,0.0017778327859747096,-0.000829498754521739,0.0006210286513467215
2021-10-19,0.009805851901735375,0.012701505848167205,0.0035333633338792986,0.010812412076728409,0.01297720783032219,0.021505480881881655,0.01685593050140051,0.015317740916700835,0.01033441122316651,0.012213833528294724,0.0034942161058312445,0.01091527934561289,0.006783684507645016,0.003442812841865901,0.008949625408955534,0.011562193419176765,0.009682315593820422
2021-10-20,0.008858487613223512,0.010101053856827032,0.005469446241338367,0.009893395457406319,0.051224364064108824,0.050544558659125785,0.044391609101979056,0.04980405749130807,0.015919467021704395,0.010321358401143963,0.00804763980978857,0.011568312432825906,0.0101708790045929,0.005958346593522969,0.008446319333830526,0.00919441271427002,0.009282316457568347
2021-10-21,0.0007577563531104442,0.005802561253372151,-0.0006632986854538595,0.003180264299647254,-0.03443029998749984,-0.037661646301417016,-0.02978839646394623,-0.03583043260496124,-0.005106919703657935,0.005872000720134279,-0.003892688182152023,0.001407835453591038,0.007016572474636939,-0.001086883841444665,0.0004048092540226957,0.006153797824852325,0.0030523180574043977
2021-10-22,0.001218127567207239,0.00248793432462113,0.009062914811311046,0.0016136223483631962,-0.00945471394014179,-0.012974873128960897,-0.010470020207804544,-0.010729287846644791,-0.0005606793506842661,0.002238047187532405,0.007997961359114654,0.0010721715605991142,0.0024207681316494103,0.0082585834352367,0.0006793127882899483,0.001986968696417362,0.0012408314930581017
2021-10-23,,,,,0.01937153573278119,0.02118101283692333,0.0200694454633882,0.019420533749621934,,,,,,,,,
2021-10-24,,,,,-0.014741306991866012,-0.017866740701260247,-0.014954551155924376,-0.014741579126864053,,,,,,,,,
2021-10-25,0.0061577379699742085,0.003809770872223285,0.011396026318758745,0.004548037543142976,0.018419186895322206,0.022763596933139653,0.018679468182712412,0.01990921015539413,0.008201312790865542,0.003334438225923014,0.011521934855464004,0.00519194639804311,0.005398380809125365,0.013239018662451424,0.0076114594871158625,0.004583053766763568,0.0060154365969756615
2021-10-26,0.005035039278010809,0.000596600064200201,0.014983036037080288,0.00480084401202596,-0.012946919667983725,-0.009812971008723529,-0.015502147098125264,-0.014639122867476994,0.002038046120345053,0.0025236821020359415,0.010432750355283245,0.003977110805005001,0.005862076947979104,0.016040259852661165,0.005318526785924085,0.00023195147503980913,0.0051120052169751325
2021-10-27,-0.016021570019775676,-0.009905884138334965,-0.017395966154909424,-0.013188702273086448,-0.09185131642847817,-0.07610707248653421,-0.0774706221450166,-0.08622348261713988,-0.028659861087892757,-0.009686801850146571,-0.024012589314684755,-0.016547207602969297,-0.009391624151954237,-0.01801224348814938,-0.01690053461578952,-0.010757781700840088,-0.014024377056830305
2021-10-28,0.00817774736044386,0.016275010463196057,0.01604015945248524,0.008556463864539371,0.056729009743049105,0.055792588445203455,0.059826522164156085,0.05583911769048216,0.0162696244242114,0.012833861985363085,0.01979764966295347,0.010656083485251766,0.009730120341785031,0.01657484626795281,0.007980318061178125,0.015706696215214932,0.008296035111532334
2021-10-29,-0.00296408785075164,-0.0018171048387473415,0.003102077966574781,-0.0029096207770299763,0.029088612824405093,0.028995205766032314,0.02450402892761264,0.028896055893317327,0.0023780289284411477,-0.002315520267881672,0.003554175338905668,-0.001584390555190438,-0.006948500684155174,0.002976495729703996,-0.0031971762434206278,-0.002868656416907621,-0.0033615554885393904
2021-10-30,,,,,-0.010681812392085377,-0.01273912393939482,-0.012456215353572579,-0.010817145382625324,,,,,,,,,
2021-10-31,,,,,0.01469324365427357,-0.00028047226033602285,0.006984455190043328,0.011582208790562227,,,,,,,,,
2021-11-01,0.007461175731891197,0.005388793408958973,0.0028770335102235173,0.005591983965754392,-0.004326641926342823,0.0029440086661034546,-0.00600518187746991,-0.003640871999886679,0.005496539455518861,0.004410195321083106,0.0030570398334977735,0.005219445393806195,0.00022271009763350047,0.0038809841763233033,0.008094985436854685,0.005721406725255761,0.006064735237598768
2021-11-02,0.004540063787491218,0.004512407068473358,0.00859407820071912,0.004837393097447508,0.033065335844914154,0.03861435729983221,0.035874210234057034,0.03399492563585876,0.009294275797061706,0.004144438298424319,0.00830337962606999,0.006009195602772028,0.003819455888826221,0.007906491892600174,0.0034787293753499584,0.004099987765521795,0.004129500177681514
2021-11-03,0.005006007983429448,0.0011621045561539568,-0.0014600862572972182,0.004701103497625576,0.01674063604824131,0.013278714886448042,0.018949688834545113,0.01514578785099327,0.006961779327564758,0.0025286005431357527,-6.300203428110857e-05,0.005035437545136075,0.0050756495877399554,-0.002537922026784322,0.003990830358166616,3.0196358310909853e-05,0.003917914896550913
2021-11-04,0.004566805541999331,0.0005249766940711678,0.006757885802505818,0.003892122338984304,-0.02555910524069758,-0.023829725570050378,-0.024345509840380353,-0.025242268032876262,-0.00045417958845015414,0.0009123996570454055,0.003312353000875355,0.002453283533305848,0.0031497168305615114,0.00328031974801042,0.0037122936444582534,0.0002339430606454934,0.003543971610300212
2021-11-05,0.004317548129979447,-0.01035516597236792,-0.013812454486263863,0.00022417491181277437,-0.010200996638369953,-0.006281798230965202,-0.009915635588134974,-0.009471712327555233,0.0018977906685878798,-0.007225974993763296,-0.011019946669057448,0.00014687475568156286,-0.010791032706267587,-0.011183930624471365,0.004633650781505084,-0.008947916961114362,0.0008070287501222525
2021-11-06,,,,,-0.004239194414665415,0.0009868783743040947,0.0018463481058873844,-0.0029334031347764255,,,,,,,,,
2021-11-07,,,,,0.02388636074803092,0.020312171154460403,0.024417306988386515,0.023699628625108028,,,,,,,,,
2021-11-08,0.0037433371955652994,0.0012023016153425699,0.010780977711839744,0.0017695401433451257,0.060246401128590546,0.06818523523392898,0.05156927500951055,0.06099759911147361,0.013160514517736172,0.0006643908544712091,0.01229882021934149,0.003968142402529875,0.00020493333324582603,0.01015935376015109,0.003995538111050259,0.00016697598435348854,0.0016978685801586806
2021-11-09,-0.0007145187867039065,0.0006337032645262186,-0.003361627992154402,0.00036995257651813304,0.05803352156635903,0.045884883392501755,0.025675944088229454,0.05240861941011036,0.009076821272139915,0.0007603090728308324,-0.00010529544184372186,0.0024056780190818477,0.0060057361071282934,-0.0038627306507289707,-0.0010209314720861559,0.0006680576433063512,0.00023682752641296996
2021-11-10,-0.007127343452293766,0.0009623994691065961,-0.006716679015520484,-0.003583292398984856,-0.052120905365666895,-0.03982873008616962,-0.04989942019839404,-0.04942805635629951,-0.014626270437855953,0.00041989822951664065,-0.010919295286158006,-0.005388245014011096,0.002456723476283581,-0.008449876942283352,-0.008611453843983286,-3.1176465603439336e-05,-0.004731812769450156
2021-11-11,0.0010659591267172441,0.0017497214222936485,0.006785681410312424,0.0006263205420835347,0.011579788077556885,0.00862322690775073,0.007021808014222694,0.010611699869084586,0.002818263951857184,0.0008675899434754142,0.0060704602461596835,0.0009073164810170563,0.0019352752276905372,0.006606751488365576,0.001768088650722746,0.0031614137908566706,0.0015542701859688098
2021-11-12,0.002158136556547572,0.0023025511777076133,0.0036864523182794508,0.0023051085449083473,-0.021045339029769496,-0.02016770216366183,-0.01795176041288849,-0.020307277262182358,-0.0017091093745052724,0.002391936493013915,0.0027323219663752734,0.0013852502647101524,0.006650304790958302,0.003576846363325713,0.0019956136118238596,0.002370194057434952,0.0022462769084742665
2021-11-13,,,,,0.012155992174102794,0.01493494168539766,0.0064169673793508806,0.011554784118082452,,,,,,,,,
2021-11-14,,,,,0.011670347080749632,0.023617502574222952,0.0015643537841343593,0.012646831656297512,,,,,,,,,
2021-11-15,-0.0008570796974349086,-0.0024715373831955306,0.0018694316482372548,-0.0016401828205700841,-0.01491336715278626,-0.010722154892556662,-0.015349536031887637,-0.015408104295405123,-0.0031997942733268,-0.0030200366655994985,0.0008018132674272601,-0.0020832259619698494,-0.0022667427144684553,0.002027993906113245,-0.0013076133594676718,-0.0035341612722990354,-0.0023779658925814438
2021-11-16,-4.381857837486584e-05,-0.004561339077704634,-0.0012843381385161346,-0.0009664297847064482,-0.08539536762425981,-0.08647846205654632,-0.06976003724021618,-0.08336665943816185,-0.01426907675268902,-0.0032852125189017077,-0.005286744946499897,-0.004322841445126979,-0.00209089868876224,-0.0022704212169642702,6.802030087279981e-05,-0.005045693323030037,-0.0009564099468796538
2021-11-17,-0.0064104984314432845,-0.0027730753953834936,-0.009330843978228025,-0.004590369137261151,0.005029029807759611,0.006163725337181635,0.006737777303221077,0.005114907092418279,-0.004503910391576134,-0.003278712051789695,-0.007485524257950303,-0.004168411861149129,-0.006259341560575086,-0.009784360628281355,-0.007455495921618697,-0.0025483489638951718,-0.005156876412857608
2021-11-18,-0.0012952494090488886,-0.0024079191207504493,0.008595033848916522,-0.001845264563899146,-0.0665955079971689,-0.07506923325152447,-0.05729741491843647,-0.06664082074931821,-0.012178625840402224,-0.0029913322914505813,0.004995683970497268,-0.0045862885011056405,-0.0022935282096237662,0.007325845044909874,-0.0018897037036352865,-0.0028775083786663773,-0.0023633247800817774
2021-11-19,-0.008108011963673637,-0.0076237724540943914,-0.007222644159668055,-0.005941497287397958,0.05018993784126556,0.048061366566161154,0.0464924884547498,0.04854039677093086,0.0016083130038162291,-0.006270612330749134,-0.005671486778514899,-0.0038457469320703473,-0.004516260101646805,-0.009447008749317701,-0.01102682610772107,-0.009044128349472642,-0.008193856608450205
2021-11-20,,,,,0.015769369693102133,0.026744758207832398,0.018938451288422035,0.017579745241081697,,,,,,,,,
2021-11-21,,,,,-0.01876418665940255,-0.019435336894781573,-0.023964891870018018,-0.018909092588907498,,,,,,,,,
2021-11-22,0.0021290502357046793,0.003133247469986214,0.005368116750181831,-1.1747865843703837e-05,-0.03659805229489672,-0.04430423652163146,-0.037085488815175115,-0.03763953072486472,-0.0043254668527288875,0.0016415248225834188,0.003268987550406459,-0.0013315576109744268,0.0002573995589834847,0.008320947538175248,0.0031021550996215225,0.002165017481264443,-3.716160595425964e-05
2021-11-23,0.007614035389942484,0.0065657611885149335,0.011794775621337935,0.006258190668093496,0.02241482154078316,0.023114328811066683,0.0225305113296269,0.02291235140157698,0.010080833081749263,0.006103606184377862,0.012030259201490463,0.00704168783849867,0.004345257141036844,0.014080914026051692,0.00978024545767912,0.007155402886640746,0.007638896732085276
2021-11-24,0.001593325363817726,-0.0009666267875352097,0.004066717453408302,0.0014337645008242522,-0.024994581710023545,-0.02656034145128271,-0.025840281587699625,-0.024973451951504095,-0.0028379924818224857,-0.00048082350950419807,0.003186416445061779,0.000358841472842566,-0.0014463538697957032,0.003311567251172841,0.0016525723383108305,-0.0013409933307484885,0.0015112751471173902
2021-11-25,,,,,0.009420096135543756,0.002039789216998017,-0.002184581148591114,0.009580169643493517,,,,,,,,,
2021-11-26,-0.021907080259714436,-0.014382093843439336,-0.027902216974779823,-0.018253252357710522,-0.06649545894871835,-0.07185614934495385,-0.06219151943922128,-0.0667024737770645,-0.029338476707881755,-0.014381063196474692,-0.03151657548247156,-0.02041420396240629,-0.015493490087141817,-0.030229297536443416,-0.022936244889807455,-0.013992795567837443,-0.018621202264180424
2021-11-27,,,,,0.01136172499470266,0.013885839788931233,0.014078628906450202,0.01233606193435465,,,,,,,,,
2021-11-28,,,,,0.021529982658934313,0.0323685199693119,0.031218849911573844,0.024163751939111404,,,,,,,,,
2021-11-29,0.007100239839562271,-3.295179641699109e-05,0.012803717041153403,0.006787474361630104,0.01799870615317625,0.020070480348127626,0.0176509910450313,0.017871339492535252,0.008916650891831267,0.0018468457453380037,0.013536943207755454,0.0072364268905436395,0.006910323062885672,0.01224823807579658,0.006575132732832212,-2.8229863670655837e-05,0.006450157547296111
2021-11-30,-0.022736652197169208,-0.021730479684811062,-0.017635304249054382,-0.022238405168093278,0.002987059510877522,0.0018685545846057162,0.0013182751438524727,0.002285562941050734,-0.018449366912494755,-0.021832719613040053,-0.018499713003673326,-0.021340339358025522,-0.016809576052908167,-0.018051626249324455,-0.02318064282225208,-0.022248538162135834,-0.022559770113418413
2021-12-01,-0.013137975243081346,-0.011530368165725188,-0.00853494094685131,-0.011931315486101586,-0.004816033852340695,-0.0010417151629503686,-0.0036031275905107447,-0.004131282406752795,-0.011750985011291234,-0.011628325617337521,-0.009679729503158827,-0.011604210725279769,-0.0053141150859185565,-0.008199943035478432,-0.01266324254241583,-0.01185056022101631,-0.011661397629241501
2021-12-02,0.02151402602295716,0.014456865739179803,0.024292827082404055,0.019571882069707804,0.002977147809847014,0.01138249082648217,0.013024513173239143,0.0029435449612598696,0.018424546320772135,0.015616978994135777,0.026789428106496187,0.019088054014213235,0.020497039715417234,0.02512855662724192,0.02123757564059309,0.013164100626149085,0.01914824295666753
2021-12-03,-0.0009151530011433477,0.00826453028178331,-0.007126050564241311,0.0016270796588520491,-0.054804135310390995,-0.06351027846351105,-0.05829751731995297,-0.05553341004496417,-0.00989665005268462,0.006564787065412913,-0.010836375328121454,-0.0006146771757572822,0.00547651263357701,-0.006255363922896973,0.0006633958626485701,0.009250652098168883,0.003107022403337467
2021-12-04,,,,,-0.09966679308991833,-0.07891847627591494,-0.0780236356572118,-0.09568380664759292,,,,,,,,,
2021-12-05,,,,,-0.02515355579184542,-0.01608008481567737,-0.010583396787005718,-0.02221873114688313,,,,,,,,,
2021-12-06,0.013552429844853976,0.010704947579135052,0.006500272390389199,0.013054796179430552,0.040040442806494346,0.033414218129243105,0.029777984536195207,0.0384677435745032,0.017967098671794034,0.011350961570069967,0.007231718089527969,0.014133814852727555,0.007473429594384035,0.007341773829488611,0.013930431110704244,0.011314199632525297,0.013513495812667767
2021-12-07,0.014952137327276696,0.003848236514283823,0.024077589546328514,0.011942891999302692,-0.005612405331474191,-0.001765112843874169,-0.00036120737209057385,-0.005000992223512147,0.011524713550818216,0.005826237558562336,0.02327860575859618,0.011387560338678816,0.003518763714131243,0.023717811244336914,0.013785871192684561,0.003696092948318037,0.011055975069130876
2021-12-08,-0.000576904956525977,0.0011012017509059865,-0.0033926551919158253,8.621900733954704e-05,0.03731739189615066,0.01717707763035268,0.018747781842121093,0.032709750441123245,0.005738811185586796,0.001255226446395231,-0.002965056984815545,0.0013987552882929453,0.00275425958498396,-0.004206653089588396,-0.0007742182141580954,0.00020342952034605908,-0.00021446529617840746
2021-12-09,-0.006819833181712462,-0.0034481060638387696,-0.008380571128692471,-0.005864227527063947,-0.06974011815598742,-0.06242072239129371,-0.06465615984588932,-0.06835278553649096,-0.01730654734409162,-0.004200463802616718,-0.011763657702392037,-0.008204755378117186,-0.00010966564391227528,-0.006179892187493437,-0.005194804762627195,-0.0022968807426125538,-0.004463725311393998
2021-12-10,0.005428423454781843,0.00732290691353109,0.004378751656085935,0.005954762350265602,-0.03764782144196946,-0.03258568125567216,-0.03288763551685254,-0.03575635071325804,-0.0017509506946767057,0.006787266678007558,0.0027873683684379535,0.0042990723502562824,0.00696709801779309,0.003356355482101978,0.005322249793038093,0.0077680967577096645,0.0060064362530583846
2021-12-11,,,,,0.062185845911676044,0.0622025240291942,0.05826480908893607,0.06080253267813701,,,,,,,,,
2021-12-12,,,,,0.0005450006496776845,0.004794484827936196,0.0031257768959837636,0.00195186576151247,,,,,,,,,
2021-12-13,-0.006038152907783946,0.005039511892393042,-0.007787641144100106,-0.0011952476257835998,-0.08065923921980628,-0.07975488569256464,-0.08153051814428562,-0.07996623848846922,-0.01847500062645433,0.004460067172823991,-0.012625406214241044,-0.004429873361955243,0.0025591675649329353,-0.007238653656932401,-0.00447458156133683,0.006045643249019627,-0.00021955837596755333
2021-12-14,-0.0019345036185553586,-0.0008024193843676357,0.0004246346278709828,-0.002454597488465647,0.011911581619101386,0.0008194659955100161,-0.00016893485027583816,0.009664046791622558,0.00037317725438743173,-0.0020943004296883057,0.0004935214004553701,-0.001916493873563129,-0.0034670553777110943,0.002014891173705604,-0.001074656040215553,-0.00025430491942725136,-0.0017402547269162651
2021-12-15,0.008657972774681652,0.0122221782240365,0.017161782841652505,0.010275177990675038,0.04872903431115066,0.05375602795798839,0.0531842793651807,0.049671865465961355,0.015336483030759818,0.011316172783191017,0.019509212268572978,0.011664766871043133,0.011210933215177521,0.011569402234407482,0.006864649288116191,0.010741293499986055,0.00868419603329558
2021-12-16,0.004803852555990487,0.010641685016168393,0.0010076408880882065,0.0060652861955341406,-0.03275391370957651,-0.029464441494025682,-0.028547881783723358,-0.03187375254103421,-0.0014557751549373452,0.00976722243473004,-0.001495666412791031,0.004700472926986608,0.008626727756051753,0.005949496250527624,0.006739975771273537,0.01004159552040935,0.0073945018423175425
2021-12-17,-0.012437317144134916,-0.011761463299943938,-0.014986584022442014,-0.011448429792824058,-0.024771957522853386,-0.031746771463334725,-0.031080490052046463,-0.025586026783192075,-0.014493090540587995,-0.011293016900013015,-0.01588318562473514,-0.01207645409093998,-0.011549463267108328,-0.015960819315249942,-0.013153256837556982,-0.013753179950759085,-0.01255029478946279
2021-12-18,,,,,0.020225622720911683,0.019260640389854297,0.016998724390372543,0.019692683804177817,,,,,,,,,
2021-12-19,,,,,-0.002246589268154564,0.0010163849780723073,-0.0053370564175231235,-0.002092704530075787,,,,,,,,,
2021-12-20,-0.008131606148534013,0.0011819573037297325,-0.0077366723504874255,-0.0050385895352130575,0.0027239347357453153,-0.0026553739532092857,-0.005734534960137669,0.0023098259990530193,-0.006322349334487458,-8.590387676097336e-05,-0.007739676963852063,-0.004826406560913567,-0.00041986579508525215,-0.011643276571454426,-0.008624119356159775,0.0005937764214003329,-0.005465368094286653
2021-12-21,0.01462265780225411,0.00413843804286828,0.010796680915460499,0.010350001873866484,0.03319664389737751,0.02917310353948773,0.029330496380713163,0.03322035798891709,0.01771832215144134,0.005039915233195645,0.012914995211491646,0.011378340835503865,0.00136382123731068,0.010952074167529028,0.013934680068265341,0.004198365328985004,0.010163642461617963
2021-12-22,0.005938186176970402,0.0061343890408957075,0.009575465279585447,0.005908238974021971,0.005615825220858106,0.005641278299813755,0.006919756547317928,0.004776242308483662,0.005884459350951685,0.006027906927567613,0.009977913681507725,0.0058215583950229815,0.010188695038347526,0.009256984420119645,0.005586954800405987,0.005603538475049641,0.005493091209792098
2021-12-23,0.005000741890955202,0.0020935967276213734,0.0008850402584244896,0.0040579762406872085,0.05288152119073466,0.05606439024603297,0.05621102978399685,0.05265114875310135,0.012980871774251777,0.00276683950727081,0.004453127325007546,0.005930017433884538,0.0006240826071216873,0.0016452157760073003,0.005148047291071307,0.002030163094119482,0.004111881820893346
2021-12-24,,,,,-0.025854589725139755,-0.023327203498389886,-0.019307810786446316,-0.023969987700669902,,,,,,,,,
2021-12-25,,,,,0.012088707351344341,0.007543180384286454,0.014527017793252104,0.010807498426639781,,,,,,,,,
2021-12-26,,,,,-0.0019257207082916453,-0.0013763063717305158,-4.9610114859333905e-05,-0.0013806452671356112,,,,,,,,,
2021-12-27,0.012643323884424486,0.011007153953393124,0.020674681732796355,0.011987826067096368,0.006955401909512826,0.004582160609139225,0.0026926030320227226,0.006280891176377856,0.011695336888605877,0.011209619194095757,0.021773541251743616,0.011735010756607923,0.01413232251148891,0.018883029901066977,0.011255846051548894,0.009998157140535802,0.010758805881787431
2021-12-28,0.0017823302262577135,0.004367672297973158,-0.0038285118183139792,0.0026452851998381337,-0.06626174340482957,-0.061350377068818095,-0.06203473060295515,-0.06540533228866328,-0.009558348712256833,0.004100421943023862,-0.006595676877345237,3.263566417836881e-05,0.002558949978634516,-0.0038248733294717198,0.0025216703920842055,0.005345519584605525,0.0034067894329141406
2021-12-29,0.0003804504800486443,0.0013252744725152743,0.001962907155060189,0.0013434896155584272,-0.028672470581785348,-0.028231835434043038,-0.03164372950104873,-0.028624141028197363,-0.004461703030257022,0.0017109063047413067,-0.00048584098268586836,0.00021791398755712389,0.004138889477339868,0.0020828385239485174,0.0010487191474925237,0.0014088619971026942,0.0017512168161922096
2021-12-30,-0.0015226750242771357,0.0006376988962010812,-0.0039690285021507475,-0.0005938751202435066,0.016974196767416672,0.020261229175160704,0.019145231001944582,0.01719030197423821,0.001560136941005165,0.0006439630972259547,-0.0034936656988214646,3.772194191807498e-05,-0.0009749943625479626,-0.003778126401276492,-0.0010371776816200215,0.0009809468054740212,-0.00022915980267844307
2021-12-31,-0.001103778985073085,-0.0012629934724199502,-0.0005760213189678947,-0.0010950863189371474,-0.015267470914003978,-0.021193739382596347,-0.021802955513733065,-0.015834954174906275,-0.0034643943065615665,-0.001370276696053529,-0.0013383780825829339,-0.0016666351554793606,-0.0022463743718837133,-0.001044736292591114,-0.0008502508995686553,-0.000441286231590002,-0.0007041022885051224
2022-01-01,,,,,0.02912269050477836,0.029421906007199457,0.02713813196761669,0.02917414795608846,,,,,,,,,
2022-01-02,,,,,0.0155405561917645,0.006297351737907892,0.011241955755049902,0.013591610047525562,,,,,,,,,
2022-01-03,0.007893532580496583,0.0019450782210344514,-0.007474204278800977,0.0038122684839635547,-0.020728701930202723,-0.021549219307133986,-0.023647979314337778,-0.020696599210939408,0.003123160162046698,0.001402950320118402,-0.007001645722390055,0.002869920497754461,-0.007031017742153582,-0.0033046079022995205,0.011205612098879438,0.0025914992211152395,0.006191124532212373
2022-01-04,0.008287326862424099,1.2878952803810698e-06,-0.0013577734213185456,0.004419160335899318,-0.011764087452726647,-0.006860773348634322,-0.0071320466182727416,-0.011276504397707283,0.0049454244765656415,0.000714974889695764,-0.0008075386878190705,0.004036882155865869,-0.001190370187653604,-0.0009533481592355921,0.008548307215265654,-0.0009467787970519094,0.004347249256954112
2022-01-05,-0.009811024567845612,-0.002874965887125805,-0.008291072844066626,-0.008848367199605063,-0.06206812715046752,-0.061244856442003615,-0.06127426966628981,-0.06120139867967466,-0.018520541664949264,-0.005029167614950384,-0.010830791009017947,-0.01094165895470907,-0.0029817905824278002,-0.012113231334277415,-0.011487083198154753,-0.003724225713167389,-0.009969802119649776
2022-01-06,0.0005963769310551338,-0.003984179319364768,-0.00011661859017934395,-0.0011970711695853768,-0.0008726027668847446,-0.0022708831920281777,-0.0019891783791090283,-0.0017526113186619458,0.0003515469813984875,-0.003443667338342466,0.0016343446590656697,-0.0011025210512010293,-0.004092238421404236,0.0038489181556726343,0.002790982599412685,-0.0031085741192469806,0.00046933583894521146
2022-01-07,0.001393072571640781,0.00447224063491053,-0.012643816390468687,0.0018050584223772816,-0.040404478130600344,-0.04577223287518883,-0.044545772196943265,-0.04106381383173588,-0.005573185878732739,0.004318022314764381,-0.012820569374124917,0.00010760875022902553,-0.00569096722102227,-0.010571615438668,0.000968947982141675,0.0035461938253209266,0.001312146613803477
2022-01-08,,,,,-0.020935419274153235,-0.01834600014070523,-0.02751928476472075,-0.01946885315927909,,,,,,,,,
2022-01-09,,,,,0.00938373839620118,0.006678711084061717,0.007810990865896481,0.008988790707100515,,,,,,,,,
2022-01-10,-0.006524926800297904,-0.0018181940441689929,0.0013063787253993382,-0.005957854616223205,-0.03018341787231781,-0.026711855476400172,-0.03271124723877202,-0.0283912870943862,-0.010468008645634554,-0.003193978785950151,-0.00023963013054783029,-0.007043969397136782,-0.0015291245458370025,0.002290675933946077,-0.004066113104798481,-3.93593991366051e-05,-0.0035994317022800173
2022-01-11,0.010108670902059984,0.003381117586580948,0.006276804369835028,0.006794983851670976,0.03416218451646136,0.036854104293336784,0.04095444172357689,0.03401850338100011,0.014117589837793543,0.0029463512811610726,0.007087576364236954,0.007885868893749424,0.007275149688896839,0.008402073974545931,0.012503577889607343,0.004091167998061712,0.008434592451709882
2022-01-12,0.0028088568181742126,0.0013864052869300397,0.006082924349452623,0.002821317379688295,0.05390506305509349,0.057040806716711884,0.05526986372028673,0.05293832391311262,0.011324891190994089,0.0018442905107110344,0.008973283958489238,0.004880706782414985,0.00011468710055467703,0.005427546481383248,0.0021223243991307364,0.00041881211523916545,0.002100484227421659
2022-01-13,-0.005023576980461088,-0.0024243302000695544,-0.013111323701302543,-0.004401257738556917,-0.034351553179315694,-0.037190392336117886,-0.03693136874361487,-0.03451912128411219,-0.009911573013603521,-0.0030947101369230667,-0.014272214199070328,-0.0054807831509669684,-0.009793054372253269,-0.01507776645554515,-0.007196779498731018,-0.003778032748876267,-0.00615496167233018
2022-01-14,0.0018072024404420656,-0.002472000806990699,-0.0009359800103907153,-0.0004551409403079188,0.025946966258798367,0.02881445356271744,0.030258203292745256,0.025178908731666595,0.005830496410168116,-0.0026587781363452308,0.001015157295300247,0.0005661458891461277,-0.006369115617199304,0.0024790876816271844,0.004895705616736724,-0.0014097480543014517,0.001889008577506356
2022-01-15,,,,,0.008994754628404667,0.00874290177666228,0.01196934190995053,0.008357192704602235,,,,,,,,,
2022-01-16,,,,,0.006503905118192476,0.018279785818167915,0.017433219895226584,0.007303553812673417,,,,,,,,,
2022-01-17,,,,,0.00046937886742684986,0.01897501373428352,0.008506970669048252,0.0009082476748713572,,,,,,,,,
2022-01-18,-0.010761970773172891,-0.008868905463684084,-0.01177283670960327,-0.009537196548693717,-0.015388287946141766,-0.03471282764689924,-0.01683188876914988,-0.016271153893578347,-0.011533023635334372,-0.008032317279040743,-0.011916194210647452,-0.00968052305490847,-0.004615277170214471,-0.01207171069720955,-0.011317891126718008,-0.010020379710903433,-0.010284926684548806
2022-01-19,-0.006784420342637872,-0.00019628037317766562,-0.01059654508163153,-0.0040476903264022104,-0.029012441761665654,-0.028185039513672447,-0.030548783727058902,-0.028255657439768028,-0.0104890905791425,-0.00016133578741415184,-0.012231605756240818,-0.0050494468394171555,-0.004867495437932039,-0.011375509844832805,-0.00797199422667925,-0.00172234426964057,-0.005408480154254826
2022-01-20,-0.011862060931541648,-0.010743347306928773,-0.015467234930259085,-0.010694713256105827,-0.04252286623358551,-0.03694848830491156,-0.04296404168860678,-0.04109340987235055,-0.016972195148548953,-0.010483758606747672,-0.017164180966177292,-0.011854894360866404,-0.011067832567478824,-0.016547144537137678,-0.012664070213265741,-0.011406554661360542,-0.011422285334381395
2022-01-21,-0.012930960558085396,-0.004662161107869679,-0.01157475151854806,-0.00946487700602751,-0.11571254110166601,-0.11682364205047101,-0.11704604594579604,-0.11566049863271403,-0.030061223982015495,-0.004926778768870936,-0.015391929264968815,-0.013665603492506048,-0.0021291916190217097,-0.012439966745338385,-0.01353076927404818,-0.004960137030154148,-0.010023234473908606
2022-01-22,,,,,-0.05885921527965914,-0.05438195783765741,-0.06109022949319326,-0.057496371938474886,,,,,,,,,
2022-01-23,,,,,0.03875242717376981,0.03994761500307948,0.04326118754597037,0.039032620987859035,,,,,,,,,
2022-01-24,0.0023074557928835946,-0.00424690526151716,-0.000818558369191202,0.0008030152654795329,-0.028662159065224815,-0.027781699823387532,-0.038400486363719046,-0.026689325851825364,-0.0028541466834678063,-0.0028397286175644615,-0.0010678898115751114,-0.00024371098606699982,-0.0003962699110396689,-0.001212945166060817,0.0026772616742075615,-0.0039602832724933935,0.0011452603751583267
2022-01-25,-0.0033894377559069407,-0.004677140410769681,-0.0003587306886392678,-0.004940035276543608,0.0004887591135445127,-0.000253059274729466,0.0007973112945359063,0.0007786779328821064,-0.0027430716109983653,-0.004514227935900935,-0.0012320573321232685,-0.0044946075183022955,-2.9117367937093823e-05,0.0003038143616757565,-0.00125573892955462,-0.0042730450382685095,-0.0035962853603938956
2022-01-26,-0.008848441165001993,-0.01525957347863691,-0.009420061846670708,-0.01086388652995574,0.005058996734153465,0.007215796033802645,0.013639963336469878,0.004924613121778941,-0.006530534848476083,-0.014386635905987512,-0.007522474741820388,-0.010212626303975103,-0.015818930797878532,-0.007701118742862484,-0.006338241682474737,-0.013641791282598825,-0.00883508214728744
2022-01-27,-0.0034117832324707777,-0.00010095978076195446,-0.0032400160385574286,-0.0027457501949087804,-0.008704446363619856,-0.009841777572054716,-0.014776940711611624,-0.008233877079368878,-0.004293893754328957,-0.0009944700283208113,-0.003918879844989556,-0.002951166770726128,-0.003814117970658523,-0.0032781806629942774,-0.00511223731415231,-0.0008731068137157172,-0.0039316953470903025
2022-01-28,0.016886259704974198,0.015804488193281587,0.031247167129312522,0.01768704976587254,0.025426408633765198,0.02311987834665237,0.02444873193530972,0.024934017525555144,0.018309617859772694,0.015546645014432871,0.030488437729839092,0.018031314697268482,0.017630040417303552,0.02960929224223153,0.017197272001427646,0.016287316260487725,0.018117964732781006
2022-01-29,,,,,0.01476388779200053,0.018169479068248656,0.01680325113609218,0.014853371333505462,,,,,,,,,
2022-01-30,,,,,-0.01730228000829739,-0.013753364126720404,-0.01529196703141952,-0.016388344064099072,,,,,,,,,
2022-01-31,0.014021638256743595,0.010821112399795937,0.009680396158869148,0.012917919694209192,0.014535726144460116,0.016495090868126,0.02178933352196328,0.014908727099288338,0.014107319571363014,0.010888302949346495,0.009791113390778865,0.012809438311283679,0.0031981654776274317,0.012095501727742557,0.015149522504597692,0.011723765341876306,0.013885901938701739
2022-02-01,0.010950258432124882,-0.001697385117402227,0.005223183812354877,0.006296574024410407,0.02303368418225522,0.025822133173007446,0.028283810597234154,0.022689707347524377,0.012964162723813271,-0.00025162229079106946,0.008110106509989945,0.007085384222103906,0.005322886923187611,0.002793648410034275,0.009918329115003968,-0.0017566425334335405,0.0054041056902500596
2022-02-02,0.009991702955684325,0.011015346356766893,0.022108391117659953,0.010266829815341813,-0.0392681340350189,-0.04491725245247452,-0.0356488703367837,-0.04027711676014164,0.0017817301239004533,0.010259423099729157,0.02068888607166437,0.00809617333174717,0.00301477246939816,0.020685905644478746,0.009726946046328198,0.011896389773184643,0.010412042782188305
2022-02-03,-0.009513828554154828,-0.006151347161767715,-0.006409632770416521,-0.00845856258396431,0.015430349548788726,0.01095540191897743,0.022316899539506947,0.014235588976999518,-0.00535646553699757,-0.006324975728545361,-0.005603295255071082,-0.007480391938528084,-0.012857746049838435,-0.0065621504863090105,-0.009277936925097362,-0.0063559684382140285,-0.008379906603561818
2022-02-04,-0.0009650934505631595,-0.003989623943973375,-0.003313960825211793,-0.0027981367732396963,0.08722734863520698,0.09468912470190818,0.08508719636133255,0.08979152240339895,0.013733646897065199,-0.003987000098903722,-0.0008480668869699357,0.0008794795825966728,-0.002082694700267979,-0.003803486799250597,-0.0010568287351464625,-0.004354409394735302,-0.0030381772650382413
2022-02-05,,,,,0.009422977778614994,0.005843650798037968,0.0020507152820899376,0.008784753170385896,,,,,,,,,
2022-02-06,,,,,0.024600399059561774,0.0272010593703783,0.01831139186900531,0.02452595216717281,,,,,,,,,
2022-02-07,0.0023266470700742483,-0.00028044479506239713,0.0034402201624615597,0.001147351745039746,0.07049951598030697,0.04688566663418683,0.0693453255509943,0.0664711292192857,0.013688791888446367,0.00023623846779157647,0.006120339493691759,0.003921844998020052,-0.001121706588635061,0.002866630407384257,0.0024058986044342406,-0.00044850553516633126,0.0010077758024067815
2022-02-08,0.004025120961881327,-0.0007836214126492869,0.003150523820991556,0.0033378941694027055,-0.0025026088809162687,-0.004230476867619975,-0.000754985591897424,-0.0019093596042363348,0.0029371659880817287,0.00044381584568770733,0.002714568111878547,0.0030725399463193185,-0.003598935414727097,0.00146651286858691,0.0021897344507248876,-0.0009298600412992915,0.0019544659543006453
2022-02-09,0.0126067933136182,0.006526846138381389,0.018543609795293316,0.010367685022862424,0.019764412626272824,0.01745191161045134,0.025217002041649242,0.018888205877176635,0.013799729865727304,0.006861465440150087,0.018498136306463544,0.010609132311142255,0.010684597608777628,0.017138830469407857,0.012139750079135446,0.006980621735350242,0.010279261198589325
2022-02-10,-0.016922118858680182,-0.016805122081293786,-0.019115154551410538,-0.01801169595748178,-0.026291180600430487,-0.031280495101443845,-0.023927372652643414,-0.02669939585631339,-0.0184836291489719,-0.016998888630516986,-0.017762935730695484,-0.01832000952783117,-0.01662782533303334,-0.020935204580496993,-0.01709906357529743,-0.016798369197620677,-0.018260292308097573
2022-02-11,-0.010206802133622505,-0.0037867740920164063,-0.007829989704835645,-0.008506567365063944,-0.05987846010561805,-0.055426129231766354,-0.058449329636463314,-0.05784359431986523,-0.018485411795621763,-0.004805547263085572,-0.008496737434804941,-0.010288618777643426,-0.006759562209635529,-0.006939554497573114,-0.00989980204628244,-0.0037626498338408036,-0.008638025128671855
2022-02-12,,,,,0.004881581624613972,-0.003363005018119993,-0.0030025171035297712,0.004134832319669261,,,,,,,,,
2022-02-13,,,,,-0.0009595511905362898,-0.008461141682364441,0.0031053506508739617,-0.0018587084674156255,,,,,,,,,
2022-02-14,-0.00634100905569615,-0.007136882897523542,-0.006361803260315274,-0.006094292632373991,-0.004873680716226225,0.004210693551288671,-0.0038800031485655877,-0.0029280408590279918,-0.006096454332451162,-0.006581056579333633,-0.007226141197098057,-0.006067368966694923,-0.011921338596160624,-0.006500542260761512,-0.0069144941786668445,-0.0073274942644440165,-0.006584226464749676
2022-02-15,0.0104701416520558,0.0030767823953140785,0.005076438300236654,0.0076789113144968895,0.05531791979116256,0.055732327687386826,0.05937696445986699,0.05511645355239582,0.017944771341906928,0.003583674424437543,0.00636436250359012,0.009369544496747291,0.004553567534620531,0.00318289642701934,0.008978155523739106,0.0026231426520741314,0.0065514058146570455
2022-02-16,-0.00045210611220674696,-0.0016603430447170357,0.000525412525611941,-0.0008421256485299452,-0.015403125009194408,-0.015535828288583435,-0.0184218376927178,-0.015535664110926878,-0.0029439425950380234,-0.0017336817405761687,-0.00011468868285470118,-0.0013762798895720163,0.0002686216718663436,-0.00024016984477169954,-0.0008244120106442443,-0.0015903220928585352,-0.0012089617552090808
2022-02-17,-0.015235853249305861,-0.007226501322130271,-0.011500141050198922,-0.012390386375949872,-0.07783500010761192,-0.0747039113061352,-0.07431591842648913,-0.07730908993525915,-0.025669044392356868,-0.008128457887474124,-0.013749839138247443,-0.01491306082745605,-0.01678092510614198,-0.011198725040410553,-0.015354311714514636,-0.00820342313112441,-0.012830075071097874
2022-02-18,-0.008409016441980766,-0.005325642166199793,-0.007710290377930169,-0.007231405414898466,-0.0078087634981973564,-0.014394506210822396,-0.009216786823344885,-0.008803849728567438,-0.00830897428468353,-0.0054867581498283784,-0.007410804886368845,-0.007222117353130846,-0.006050720300149665,-0.008207873898744356,-0.008589672287194454,-0.005489870235779906,-0.007356732634173564
2022-02-19,,,,,0.005728448292466137,0.0029308557335040036,0.003909943275038415,0.005413940548247785,,,,,,,,,
2022-02-20,,,,,-0.04326270437002944,-0.046052398207117956,-0.04673601252260413,-0.043648815775461626,,,,,,,,,
2022-02-21,,,,,-0.0626345494325867,-0.0531980068286499,-0.06011116376645725,-0.06003703983123328,,,,,,,,,
2022-02-22,-0.006636163123505223,-0.0043507370243333204,-0.006346755126939172,-0.005323658479408265,0.039267972983908536,0.03593428182081013,0.041597728773027594,0.03826098050988523,0.001014526227730403,-0.00451050498834604,-0.005405952886400017,-0.0035067445417928562,-0.007641790860714805,-0.005126503811075747,-0.005944060142549853,-0.004101753894044203,-0.0046811967481138845
2022-02-23,-0.011444759515712765,-0.00382969729201354,-0.0010466185498854241,-0.010133730972425696,-0.020894244531552655,-0.021458807146508642,-0.020664740593643198,-0.021226953745704748,-0.013019673685019413,-0.005272913615921989,-0.0012133333145404226,-0.010552952813406711,0.002071712983338875,-0.0010791568103357954,-0.010777499407394423,-0.002199912130904152,-0.009403180081512034
2022-02-24,0.006646162013312931,-0.0002782666978372026,0.003627646943091492,0.00516044961849028,0.0018385094903915376,0.0013296573364635525,-0.000782108998071039,0.0033208592100115045,0.005844886592826034,0.0008299913049610941,0.0028815765902057604,0.004890634486502035,-0.0009850635477512302,0.00287815758103161,0.006160263470140364,-0.0008803773070047739,0.0050006753074003495
2022-02-25,0.025427521482620962,0.02614867995251685,0.03607644368089173,0.02559101746332523,0.0426568023198654,0.038086561495862634,0.043655292316153366,0.04173326848188775,0.028299068288828364,0.025935137736103703,0.036124758568173904,0.026290844200875636,0.025355895731522634,0.033678338825544295,0.02484534645644482,0.026529876983665834,0.025282979772950052
2022-02-26,,,,,0.0029045080698911763,-0.0008214976998850148,0.0020279575157172804,0.0020469626645276294,,,,,,,,,
2022-02-27,,,,,-0.04140870790385847,-0.04400408724967693,-0.04106024818584986,-0.0414523529917747,,,,,,,,,
2022-02-28,-0.002195598379704531,-0.005270856454403432,-0.002764762719679145,-0.004252715538517153,0.1008640657054067,0.10873128052168018,0.10036555266074745,0.10407418332074003,0.014981012301147338,-0.005671079555389638,-0.00025310891151051555,5.368853270352744e-05,-0.009439980770261397,-0.004447501285255463,-0.002857131686152259,-0.006003050961139073,-0.0049575128887489415
2022-03-01,-0.012896231197349315,-0.0024667384754398338,0.003180242162625369,-0.010012851927534545,0.003119622193887295,0.010889342227240624,0.01227088227154862,0.005036527044761797,-0.010226922298809879,-0.003512469339111215,0.0027514162253560225,-0.009318323178215534,-0.009764841324739749,0.002008843584076835,-0.0126124410473628,-0.003771154407187917,-0.010040982410301822
2022-03-02,0.019780619392027857,0.012638953793704989,0.01845967838428564,0.017200637581653997,-0.018961438742063776,-0.015675740954548097,-0.014683822664651958,-0.018084741266062035,0.013323609703012586,0.01327783313097276,0.01812786508866401,0.01574039597159429,0.012146063384351435,0.017100623917182197,0.019089722522442006,0.01210834509852417,0.016500212040239576
2022-03-03,-0.0008418490610408491,0.007823129432798604,0.00657500899338888,0.002484463448536557,-0.01945143008743081,-0.02919983644739452,-0.0192153444292813,-0.021209756229637996,-0.003943445898772509,0.00686696536461829,0.006818328109482359,0.0016304377169031555,0.0016342302153588776,0.0056102637313645955,-0.001454656887793912,0.007144088602525544,0.002011594453114965
2022-03-04,0.0018169686926337789,0.007586090031897536,0.01025803273917149,0.003823625735263776,-0.06963713259937182,-0.06742167446628015,-0.06481886302122675,-0.06984489671686406,-0.010092048189367153,0.008082153745053037,0.0070473755342355705,0.0008484950492699833,-0.0019047178723559904,0.009532876757558768,0.002050778009942484,0.006600702338831504,0.00383903208425384
2022-03-05,,,,,0.0252353977196617,0.023184602658292516,0.026357579807479815,0.02423051222974665,,,,,,,,,
2022-03-06,,,,,-0.03685028874198392,-0.035443830915213,-0.03468626364421728,-0.03616213093978053,,,,,,,,,
2022-03-07,-0.01776749892036473,-0.00832709261095936,-0.011303114633481496,-0.013681316435876573,-0.017777027863443554,-0.01856180507906046,-0.011108113597615366,-0.017543041840407135,-0.017769087077544533,-0.0077975822876920845,-0.012098138041720424,-0.013764216876854607,-0.020931866741881855,-0.011624937608984698,-0.01656704779614254,-0.009097956562232654,-0.012669771926598544
2022-03-08,-0.004451663647359794,-0.012743270826307529,-0.021542951189080478,-0.0077529039753180895,0.019149664845266434,0.019594540376418938,0.019533017890663865,0.019225406638932595,-0.0005181088985887561,-0.012360768849878481,-0.01914089620247752,-0.006536220075859652,-0.020350414026622722,-0.02137202860883555,-0.004641371788518702,-0.013903926727064747,-0.008395690908866216
2022-03-09,0.015019626125899072,0.005597429196875986,0.009989853056525588,0.011820221988155393,0.0614250133237116,0.06219334033808516,0.05297204944723158,0.06263169202953997,0.02275385732553449,0.006253525078141309,0.011589529626702087,0.013774303164904238,0.011689095957513423,0.009154185766042235,0.013730162351783487,0.006322671705942166,0.010893743035342629
2022-03-10,-0.0008810613935192382,0.0014961142766934628,0.008089114009003749,-0.0003959739498516166,-0.04529719373610162,-0.04567399056913074,-0.04206197867614736,-0.04608997766666291,-0.008283750117282968,0.0013008423876797214,0.006803737232184274,-0.0022509114932176026,-0.007841294496836416,0.007012381706965143,-0.0007196222387541688,0.0019353283736594415,-0.00011728601917622298
2022-03-11,-0.008321164119682882,-0.005561185758063762,-0.00744510180846373,-0.007703647711919535,0.007251389353312222,-0.0032069152221946952,0.010563253755238654,0.005094763125724778,-0.0057257385408503655,-0.006009485365879219,-0.0074663697960860205,-0.00709400437888835,-0.006910657273979595,-0.007720439604572206,-0.009211396999168588,-0.006136057982325949,-0.008413422638818292
2022-03-12,,,,,-0.00031310085343255734,0.0025232942502841907,-0.005598638445575755,0.0001855432846793964,,,,,,,,,
2022-03-13,,,,,-0.026829848389654964,-0.02101820760027736,-0.02407040071490456,-0.026167040217023495,,,,,,,,,
2022-03-14,-0.009521426509802988,-0.005453164655479965,-0.0067248980280625046,-0.007735165080344221,0.025832757715324076,0.026570047468203274,0.02549390439745247,0.026952124012888403,-0.0036290624722818098,-0.006429399364178219,-0.006391589995953282,-0.006157327909548594,-0.004939166842219363,-0.005724616418731738,-0.011600864531418759,-0.006132483308429388,-0.009482053334203586
2022-03-15,0.009821014009503297,0.008180943392179823,0.012716150853133225,0.009493513108011935,0.002887432540878421,0.003976467735015601,-0.0006436797626538484,0.002451151789814633,0.00866541709806582,0.008436015439593629,0.011009920292191359,0.008934738594548132,0.011934022300183873,0.013972397164789709,0.010974075248939041,0.009621235130475556,0.010566859456007674
2022-03-16,0.01583014592972459,0.006286979614837608,0.0062419778014325454,0.01286372034894345,0.04154673098381621,0.041512191449222545,0.04113541235914289,0.041757488667616346,0.02011624343873986,0.007230238531506683,0.008023509491427652,0.01392759590406439,0.010871488350628044,0.006537947485112175,0.01601896045663804,0.007276879800732553,0.013075701107840891
2022-03-17,0.014569366617528792,0.011447536457610978,0.01768648163258049,0.013456226173083596,-0.0021367286149943324,0.0004662112021726142,-0.00019344137022716553,-0.001905781790911493,0.011785017412108271,0.011680264963903354,0.01668596241251209,0.012927156901890701,0.013772355651816452,0.01783801582406583,0.01374059193112299,0.010443654769778439,0.012502931829937896
2022-03-18,0.004900691902451892,0.002657778614206085,0.00967836811215684,0.003673098094177023,0.02287071412696635,0.023898874043432564,0.02436423320184318,0.02306616817409464,0.007895695606537634,0.0022683125078398272,0.010009122166214654,0.004383060167667783,0.007301327545204631,0.010015830638983028,0.004827917321848013,0.002659533085720809,0.0034636208928641157
2022-03-19,,,,,0.04889256616829628,0.022884385621058385,0.049457146452761426,0.04394764193650959,,,,,,,,,
2022-03-20,,,,,-0.000880754812955787,-0.020298370321165837,0.010118313299608925,-0.004259830963133366,,,,,,,,,
2022-03-21,0.003616403556229848,0.002770694063379165,0.013748580295837084,0.0025288958342675697,0.023983811636451392,0.01809738945160402,0.012139073009821888,0.021755033862089088,0.007010971569600105,0.0026169375061462895,0.013539305500127389,0.0034106577333985846,0.0011921137974727496,0.013314727745956396,0.003349125469869867,0.002033911416169318,0.0022108921365745367
2022-03-22,0.0055469342443239394,0.0045758288725747135,0.0008045441523915339,0.005249883332104124,0.06288462575961842,0.03635029331530256,0.05564854773268007,0.05828562548476966,0.015103216163539686,0.004776085574243204,0.006740617149395205,0.0074687856115810405,0.007723639565065226,0.00023117743259816644,0.005231050532846594,0.004737098111880723,0.005115271242683654
2022-03-23,-0.00967533361960664,-0.008796895804969696,0.0011106488798381363,-0.009069591299725226,0.012081167675711225,0.035754950103287095,0.006563893335417648,0.014675386404712845,-0.006049250070386996,-0.008296211522719657,0.0003811050644617407,-0.008012337978861143,-0.010079963322521484,0.00042033677549993775,-0.00982252702998684,-0.009572835430384102,-0.009314288545254271
2022-03-24,0.010775713212324893,0.006345749070766507,0.015936027711176297,0.009145034067816532,0.02453322843609056,0.0242574594682433,0.02931464404666939,0.02442377813306227,0.013068632416285836,0.0065173904089162234,0.017123756301309034,0.009617041242728592,0.006307338538356253,0.016670048398184752,0.011359519008502817,0.006532070118362833,0.009578986961475482
2022-03-25,0.009012400337871583,0.008703639294487083,0.01109534392430298,0.009286585405104651,-0.011489590412916785,-0.010668179374332487,-0.007365842309554349,-0.010397074610441382,0.005595401879406855,0.008978108098757721,0.011135073394865209,0.008582682332357238,0.00836900906445197,0.010457534409639783,0.008673515045981708,0.009071807424852073,0.009233287618320471
2022-03-26,,,,,0.009594654493158007,0.019685505358142674,0.006185349600524393,0.010389651779089744,,,,,,,,,
2022-03-27,,,,,0.04254787545471064,0.04605625475070451,0.0386057052800839,0.04315713419711854,,,,,,,,,
2022-03-28,0.000846548501786999,0.005546674433901586,0.0007440621513646506,0.00291599657078639,0.004451770657822229,0.00118877021509889,0.002010544510219337,0.003654494517170798,0.0014474188611262042,0.005318207293105457,-6.458139060367257e-05,0.002857889111939747,0.0059057350564064885,0.00031168922815750025,0.001578911062166105,0.006056961831011566,0.0035061791928422807
2022-03-29,0.012421936723784475,0.012396518172488838,0.0061957912962269795,0.012440453064904447,0.013999177555741139,0.013176377197776219,0.013398332492095122,0.013595824024472835,0.012684810195777253,0.01208670518693593,0.007078610938778696,0.01245789929582573,0.017614363141655362,0.0049258953885001405,0.012646474112336471,0.01196458500832343,0.012330442989526614
2022-03-30,-0.004279865159334702,0.0007343859418320994,0.0007714541196377875,-0.0022694977353530607,0.009501167971384695,0.006776682812879798,0.010173648490516541,0.008279166403308611,-0.0019830263042148024,0.0008408148095295303,0.0002688285885468901,-0.001785425214474381,-0.004640963251700196,0.0005373922894750711,-0.0034712378172661743,0.0008301741202383531,-0.001581142337456194
2022-03-31,-0.014612859704207257,-0.008930899477251616,-0.010105918828734982,-0.0125090775280383,-0.03077250341725826,-0.029231444389432183,-0.030879384379477993,-0.030512402017284782,-0.017306133656382425,-0.009365544648026492,-0.01164711166378242,-0.013276894379573564,-0.010212767196623004,-0.009467138260529832,-0.014280359751417535,-0.008922398937046216,-0.012169042946331003
2022-04-01,0.006186125023239845,0.009006670483841161,0.011654284434849773,0.00838978299101198,0.013142468892550918,0.023440764301677252,0.019963920108040028,0.014618737608536258,0.0073455156681250236,0.009061933088599079,0.011120871282414818,0.008679527698214015,0.00661691493181819,0.012401165347854046,0.006247202652111103,0.009603015832680436,0.00875069754299286
2022-04-02,,,,,-0.010246088629816432,-0.007594908528833829,-0.013161762058762667,-0.009662192173962426,,,,,,,,,
2022-04-03,,,,,0.019144810628382403,0.016364139883486402,0.019950282028728356,0.018648081543594985,,,,,,,,,
2022-04-04,0.002385126357386453,0.002544167352695123,-0.003604607739360329,0.0013214245334204774,-0.006553388346854017,-0.006167964391092083,-0.0031174177169411756,-0.006253667731737796,0.0008953739066797077,0.0022193302578341345,-0.0034835286445023396,0.0008275719819541526,0.006893230850042776,-0.0039649537933732675,0.0025227786208938292,0.0020028532790753242,0.001127519157078168
2022-04-05,-0.01069834050561134,-0.004281629053823299,-0.003522359450697655,-0.007087471324086584,-0.028460521862655356,-0.026364780542954474,-0.02968574940012345,-0.02777189003485485,-0.013658704065118677,-0.0038033085572238895,-0.005042246618015157,-0.007889473171449137,-0.005398042052362389,-0.004365154565814472,-0.010942013353088037,-0.004248906682789051,-0.007287638203665206
2022-04-06,-0.001263324635655041,0.010955235421184418,0.012782046751060856,0.003781769170959841,-0.09165544300198733,-0.08097168367985318,-0.09115692201799915,-0.08822312137844655,-0.016328677696710422,0.010701740523313125,0.009394594106657213,-2.6991184734971325e-05,0.009740989753376115,0.010520888431436922,-0.0017161125292260316,0.010900158979962708,0.003513172143162666
2022-04-07,0.0016102370143205459,0.0037975449837692023,0.010067759465373218,0.002052972371799217,0.0361365525133895,0.02342979502402632,0.04764164054421796,0.03308387558886287,0.007364622930832038,0.00387233215907854,0.013625799383123556,0.003319121140088171,0.004005639293855552,0.010716594483320163,0.0012958506203637988,0.0029573017588683612,0.001691564287806356
2022-04-08,0.003154132343436489,0.006063903552615941,0.004433660054985938,0.0038711911104245982,-0.041862478758459706,-0.03491371751675693,-0.04292660066963845,-0.04009501070092349,-0.004348636173546209,0.005302412107949897,0.00388912164112825,0.002135435465868938,0.005656544311413463,0.00357636428165192,0.001727496041429571,0.0056747425299667935,0.0029280809563962335
2022-04-09,,,,,0.01842106310011493,0.01830375574909493,0.02193333937194375,0.01803899767470028,,,,,,,,,
2022-04-10,,,,,-0.01700182837889297,-0.015941615972878197,-0.018551911140556807,-0.01665021216498396,,,,,,,,,
2022-04-11,-0.011840453695113766,-0.014063244013579711,-0.024913316354546855,-0.011583754954860725,-0.08038746598850147,-0.07737792030394641,-0.08269651228501372,-0.07915387605867505,-0.023264955744011714,-0.013865819905506626,-0.027063323028823867,-0.01439136455185878,-0.013860691164170416,-0.023049888111772332,-0.010381015279642617,-0.013856103045789107,-0.010511928621596054
2022-04-12,-0.0008602131354637923,0.00201546006227318,0.00520738927641849,-0.0006395715467747412,0.0283449435915488,0.025393010078948612,0.028146618742904736,0.027275291442545514,0.004007312985704973,0.0013582933566610006,0.005942516277089581,0.000632222959377296,-0.004497533503044514,0.00544839691715125,-0.00027287325555314925,0.002184211188620085,-6.273080176278029e-05
2022-04-13,0.009111691535789813,0.005598308517940606,-0.0011136763702596485,0.0072876960740064995,0.037169341846512015,0.026786600097858257,0.019430093019086117,0.0358125316757385,0.013787966587576849,0.005354177077388427,-0.0015644024834058836,0.008429118258045612,0.0008080233494137701,0.0009053528140190808,0.009516475488946213,0.004943703482484786,0.007422741412461543
2022-04-14,-0.002157609439999568,0.0014708140453420049,0.0024891285555852347,-0.0009672904519739221,-0.023658564245833215,-0.029191276747767007,-0.026685907744362226,-0.0244779140884458,-0.00574110190763851,0.0014877384217432716,0.001942936638403287,-0.001853897717715566,-0.000925833890563716,0.0027272801869249043,-0.0022548293205099158,0.0015936010651486517,-0.0010915411673948076
2022-04-15,,,,,0.031038335249899567,0.02441233389888444,0.02895259061787334,0.02940310915909207,,,,,,,,,
2022-04-16,,,,,0.01442141326466836,0.0036171921330087832,0.00465742360526781,0.012014344524284869,,,,,,,,,
2022-04-17,,,,,-0.038583655169079335,-0.02945874535217808,-0.03250311492029706,-0.036362445257978826,,,,,,,,,
2022-04-18,0.0008561339045568396,-0.004715057811586326,0.004643199899123733,-0.0014593276632538068,0.022289250330103764,0.024908705723610945,0.01848978464755621,0.022946992626145968,0.004428319975481326,-0.004850734585352026,0.004753753869491433,-0.00035371920549116765,-0.009742740263872198,0.005054631366028471,8.348760509502263e-05,-0.004618101595764178,-0.0020209197207200626
2022-04-19,0.012514123824200304,0.00830753384641196,0.00011926279127986777,0.010825957874707713,0.021499995707293638,0.016785450155494562,0.018585071534258528,0.020208321736895435,0.014011769138049194,0.008311273765361568,0.000241219598483967,0.01121115081759559,0.010763764268246661,-0.0011761938250383001,0.012450053406826396,0.007539028860752398,0.010274286475664432
2022-04-20,0.0015008733592365077,0.002700315279894171,0.004251548245641069,0.0028201945335470983,-0.012096637850906013,-0.011388263302088081,-0.019578434236217086,-0.01203582625905798,-0.0007653785091205789,0.003032902200190137,0.0036448804950388403,0.0023162037660197626,-0.0008870109864687437,0.002110945623736109,0.0007447368824395934,0.002544682764836669,0.002029535493007574
2022-04-21,-0.012365582660085608,-0.010890513390182379,-0.019897388868635558,-0.01140860800310825,-0.020877854849308077,0.006711381396365108,-0.006068754388420897,-0.01804874651976164,-0.013784294691622685,-0.010688146161963709,-0.019225144777259232,-0.011559021338137493,-0.013622667959863452,-0.019417387044551038,-0.011360701467280517,-0.011952736717945282,-0.011493675145439945
2022-04-22,-0.023106877014054252,-0.01647910425864122,-0.025956565878821773,-0.02094386342974282,-0.011750225224195165,-0.020689261874040424,-0.01297723998313617,-0.012808548579022475,-0.021214101715744404,-0.017331598607761203,-0.02531399359324013,-0.020621883427147405,-0.015432105477060748,-0.028134603517022634,-0.023445047987049147,-0.016198600496617564,-0.021091369719103775
2022-04-23,,,,,-0.01286054767525191,-0.007035909302549466,-0.013022322070226286,-0.011909689094824257,,,,,,,,,
2022-04-24,,,,,-0.013762498814561453,-0.009400547578670749,-0.013765314433309436,-0.012503992865499173,,,,,,,,,
2022-04-25,-0.0025623220050974243,-0.0012987897586178474,-0.008719035167530979,-0.0026327328303832557,0.01016629986165194,0.01421038095186886,0.008106330601826351,0.011447838637762057,-0.0004408850273058628,-0.0016761033215520107,-0.008543324157446764,-0.0022117722468893287,0.000779298288536618,-0.008346361876454282,-0.0017079023073890026,-0.0019203681499719858,-0.0022751316134564
2022-04-26,-0.02058994664206025,-0.014819738154589002,-0.011540494231260748,-0.017954829239903828,-0.06831752801509475,-0.06340429911161738,-0.0730367648931381,-0.06718662579821812,-0.028544543537565997,-0.014205674019432913,-0.013062048727252721,-0.019967704094381342,-0.007695683539632243,-0.011972575027072753,-0.020038915576263406,-0.0139070490550312,-0.017084824625419458
2022-04-27,0.00045328323378494785,-0.0018933841299705622,0.002459699486308939,0.00024955793390549685,0.024420882858019202,0.02339252468341129,0.020922603107397676,0.024590420517941847,0.004447883171157322,-0.0005541501438536598,0.0031873942625553963,0.001341754355227371,-0.0019080545166531796,0.0022963079588653257,-0.0003146839954365077,-0.0015354597665951293,-0.00022975712613271292
2022-04-28,0.0175969767603209,0.01530247190668216,0.024250199875733375,0.015976439973361668,0.00891174348381466,0.011441638799597907,0.002881079201093355,0.009316807054302769,0.016149437880903193,0.015168076559598903,0.02247015423636829,0.015588698635291881,0.010799724987673565,0.023187177193202447,0.016542210680427594,0.015133024866529777,0.01519308999921097
2022-04-29,-0.03513723368055066,-0.03195220031046298,-0.05004570200247479,-0.033919183550210716,-0.03646867383836266,-0.03142165588137452,-0.04247985917768715,-0.0357932528988609,-0.035359140373519345,-0.03216489242652122,-0.050136594123822736,-0.03398994793818404,-0.0335652401020379,-0.04715141174770869,-0.03448212629933524,-0.031292104943526064,-0.033045836267223336
2022-04-30,,,,,-0.053359876819118274,-0.034294001584503624,-0.051277287319871995,-0.04932585759976653,,,,,,,,,
2022-05-01,,,,,0.04733577045165834,0.05312007934916882,0.059641316945158715,0.04659385955307344,,,,,,,,,
2022-05-02,0.0042827520663408876,-0.000135870446730539,-0.012253758753088153,0.0013104431464179493,-0.0031505798137046906,-0.006687040612652784,-0.007449384603795427,-0.003009466576894244,0.0030438634196666248,-0.0004941140933317691,-0.010604878484591287,0.0008290057139975254,0.003010748325595044,-0.014217096506763465,0.0015886074229777415,-0.00017680723663499322,-0.0006498885828624546
2022-05-03,0.006419254004216235,0.003235719978372008,0.00772720233370057,0.00534660131700717,-0.010712090547274922,-0.0035364877763915913,-0.006077654577082191,-0.010299272620042113,0.003564029912301042,0.0036737582667831117,0.007528566408520715,0.004591905107624864,0.000762464593565372,0.0045847457799610275,0.006270717067875327,0.0030403043809370494,0.0051782248108703036
2022-05-04,0.03059747582803359,0.024128057196887234,0.017983550586252787,0.02791907918910807,0.09768777207422855,0.10109162624185553,0.1213558158900884,0.0957474555440983,0.04177919186906608,0.024098492612123906,0.018688394164769265,0.03100308404482248,0.02919074534217249,0.014784066535585332,0.028572528937838942,0.023465224447563382,0.026290571826309752
2022-05-05,-0.02522333353713442,-0.015053194220999253,-0.02290512449314234,-0.02145304566491415,-0.08792760957755685,-0.09140906497388218,-0.094978526772213,-0.08783885890778326,-0.03567404621053816,-0.015098606904461288,-0.02288089419323764,-0.024333301801618155,-0.01932643832963988,-0.02195997390588575,-0.024175004552017595,-0.015014160733776238,-0.020707682734839635
2022-05-06,-0.0037348140552296697,-0.005859387428087172,-0.000648312082383047,-0.0037225541817511496,0.009911536356464601,0.02313781989273309,0.01972478489363531,0.01039186379615161,-0.0014604223199472912,-0.005156087397770301,-0.00025471331919342045,-0.0028456249757204274,-0.010149034375899603,-0.006130280149612235,-0.004971706886023469,-0.006304673193694691,-0.004570612489652001
2022-05-07,,,,,-0.025861551667197516,-0.024037427376449656,-0.027128760014490015,-0.02524482890723627,,,,,,,,,
2022-05-08,,,,,-0.019123252337417542,-0.018939607837910613,-0.016013272720912852,-0.01993537762366488,,,,,,,,,
2022-05-09,-0.03505511084284931,-0.0148953217005542,-0.051922552128015484,-0.02931641233482398,-0.13858540201932165,-0.13299303326066503,-0.13758463335939042,-0.13720423215572777,-0.05231015937226136,-0.017193241890698898,-0.05251313805112351,-0.034221355491343926,-0.01833745998221545,-0.04600758517879457,-0.03131108097123384,-0.01368469685855829,-0.026328252932073873
2022-05-10,-0.004350157266790659,-0.007605287734117036,-0.007151074521796557,-0.0061655670906169,0.03548752611899278,0.03786145782260052,0.03757215340303465,0.03549083994277434,0.002289456630839912,-0.007510858205513517,-0.005532209167644933,-0.004424273320416229,-0.010467994397161092,-0.008871629347006171,-0.006737951016254313,-0.008068159195546884,-0.007913073273134444
2022-05-11,-0.003418132781437833,0.006878089519688673,-0.000641456743911459,-0.000394617738368178,-0.14409244004091043,-0.11132379674305945,-0.11430097278198836,-0.1374411596147122,-0.026863850658016594,0.006522111325670222,-0.0006567159264453749,-0.006930074899293552,0.00791391475084819,-0.001327379103878911,-0.0031321842798824585,0.00817204911146329,-0.00012655114527622999
2022-05-12,0.0022033135934364755,0.006802602536473223,0.005374100925627272,0.003317335874551294,-0.04872558742882796,-0.05002812152559283,-0.05251374774107686,-0.04645231816679723,-0.006284836576940929,0.006201493593418869,0.004595692196815903,0.0009566256063685424,0.010040157107946554,0.006022880091038382,0.0022306552238731325,0.006545553690308271,0.0034479098269390033
2022-05-13,0.022291124944625013,0.010143753575842298,0.016548498221413025,0.01814765505831932,0.06680643620759522,0.06622572474479387,0.06680495946855991,0.06431375548343642,0.02971034348845338,0.01103566455315221,0.0177804053966072,0.0201270750421164,0.01254201716675782,0.014976327168586805,0.019868124222940174,0.009942503540628903,0.016636740730340435
2022-05-14,,,,,0.021150943771016485,0.018134124280996845,0.01539340574962744,0.02087395705408151,,,,,,,,,
2022-05-15,,,,,0.041672055707046,0.042848298602942814,0.04713041990441367,0.041631535495165455,,,,,,,,,
2022-05-16,0.0013181692032246065,0.006285185617107132,0.005187814029744517,0.0026915839148319983,-0.05961559892154226,-0.055145497117136476,-0.05505517521339523,-0.05860270327683564,-0.00883745881756987,0.0062981066890952595,0.0059235844473808676,-0.0001966095507585008,0.003230851897019402,0.0029156615610415413,0.00043362493489680675,0.00650504868041667,0.0020806706230449778
2022-05-17,0.01945053993405474,-0.0010897554034756468,0.007393068453105263,0.014178697338985555,0.04388035967930752,0.037441411838359605,0.036354443977813296,0.04237185884387992,0.02352217655826354,0.0019317388683225461,0.007862968178854764,0.015312356854178035,0.017999695723698066,0.005752967207985683,0.019154312805627054,0.0009634819033141656,0.01436290369932746
2022-05-18,-0.028013871852139105,-0.02307643139631388,-0.033002505485031516,-0.025101686506932983,-0.07934075845361611,-0.07171907869480622,-0.07447575497257533,-0.07753084008152596,-0.036568352952385266,-0.022152545477493044,-0.03414074628147517,-0.027474303278384588,-0.014608895134016883,-0.03211286661809449,-0.025849154193834663,-0.02049699751352542,-0.02321169714494935
2022-05-19,-0.0018228315479148116,-0.004835108905809078,0.00030475878428677986,-0.001994205884395748,0.04750690560771123,0.043311176820773185,0.05103619260975718,0.04772830311784311,0.0063987913113561935,-0.004208150238941497,0.00018554249051685892,0.000307957765846869,-0.001490742510812749,0.00035868746754445655,-0.002077139387277811,-0.005110121858568748,-0.0023197822412109603
2022-05-20,0.0006859801810684973,0.0028004647731916374,0.002743256658142901,0.0027583565796168593,-0.031759637146683804,-0.030686113482746677,-0.03166393182957126,-0.0318441155847425,-0.00472162270689022,0.0035777239140103168,0.002729043854018158,0.0012133756800362815,0.0010363488447420845,0.003066516298549725,0.0005407205510735313,0.0016784408558063175,0.0025853726422307697
2022-05-21,,,,,0.01647804411295526,0.019650001894215022,0.016036493624229722,0.016280950886806336,,,,,,,,,
2022-05-22,,,,,0.03472782004763588,0.036748034459246445,0.037261858798075476,0.034566047040653136,,,,,,,,,
2022-05-23,0.019290594368582818,0.015791708570466575,0.01706625238804574,0.017328716473798376,-0.03280431624764311,-0.03962618777082823,-0.024632890363833388,-0.034088020245255216,0.010608109265878496,0.015146153880312496,0.018497966993574682,0.01484487447893148,0.015012916024882172,0.013344080615551287,0.018614715086414775,0.015596270138334999,0.016765340427145056
2022-05-24,0.0004160499764193635,0.00976886378513326,0.0036794543205108192,0.004740601057471034,0.03203904359740626,0.02478889702089381,0.04192129004114858,0.03008025304855795,0.005686548913250513,0.010042324175307317,0.003450243220663175,0.006249907568883336,0.0072344172527464765,0.004765309445212511,0.0022739762306154205,0.010783301151683503,0.006290903167563833
2022-05-25,0.008934932428617256,0.005874102534973088,0.010440846029756189,0.006976894751273475,-0.009345323136245276,0.0018181955573580415,-0.001559674808659649,-0.007947324133197166,0.005888223167806835,0.005996435481693026,0.010840937658907392,0.006182284407584727,0.005771379125649692,0.008210788046347454,0.007119088920785525,0.005032057251121282,0.005536156699557075
2022-05-26,0.015234428874930359,0.005019536240152009,0.009391594061145035,0.010755308913086264,-0.05070413016976659,-0.04439383170799274,-0.04880721528488927,-0.04823192795816574,0.004244669034147534,0.004489538821894473,0.010110898425987992,0.007793259550075648,0.0032872016642295373,0.007383914958507564,0.013655529393712377,0.004369852389199897,0.00951629585652611
2022-05-27,0.01958241057376831,0.011217236340845494,0.019067072480575573,0.017086241181083674,-0.02852164180232375,-0.033854718829102695,-0.02418000743301519,-0.029140657527453647,0.0115650685110863,0.011757228700061682,0.01949398121962676,0.014830222613622516,0.01101392308324977,0.01920378149377594,0.01880821042613188,0.010994106478560724,0.016737538203596695
2022-05-28,,,,,0.01804435320543567,0.014236521221573768,0.013745851300316922,0.016977876044849596,,,,,,,,,
2022-05-29,,,,,0.02776182819934858,0.026889512278893246,0.023649343914956232,0.027015007117194508,,,,,,,,,
2022-05-30,,,,,0.08357793585561525,0.09190425231064717,0.08926533607088616,0.08431755529001875,,,,,,,,,
2022-05-31,-0.007686832348451912,-0.009528694565056384,-0.01613662831758388,-0.00812568877819945,0.011728387575256228,0.0194592141471777,0.008124150263809452,0.012155142974077906,-0.004450962361167222,-0.009479039668888417,-0.01673434124550225,-0.007209751911492494,-0.006604225137401777,-0.014218569720895465,-0.006711990825988089,-0.008558207254921537,-0.007382350808007858
2022-06-01,-0.005248085487194566,-0.005378070976925384,0.0017384778766611096,-0.005396795172355574,-0.0710803050374161,-0.060040327098233245,-0.060937328739079366,-0.06967545766920724,-0.016220122078898155,-0.005842935773420521,0.0023055626147196013,-0.009150903468296131,-0.0029328658207541025,0.0006396436909372631,-0.00491479407106063,-0.005237687320522906,-0.0052579276269088746
2022-06-02,0.014666480722361937,0.0039943628221274525,0.001246040184385485,0.011376021198243925,0.0241083992323192,0.018090286532572577,0.023737672722003736,0.023490256597657556,0.016240133807354812,0.004721199419249318,0.0011207265742191551,0.011762606502297362,0.0058253938995567345,0.0017155126168950465,0.015053095351947527,0.0006400524486603254,0.010580442867671527
2022-06-03,-0.00828168804204499,-0.005301717728445623,0.0028513324508188326,-0.0074150643835908005,-0.02621997954174823,-0.02525133778638274,-0.035499668565284824,-0.02631553290721809,-0.011271403291995531,-0.005663312349937317,0.003391207754333376,-0.008388722114765506,-0.0046776819483546036,0.002123874921727459,-0.007576151102262551,-0.003844066318704029,-0.006452405653919826
2022-06-04,,,,,0.007294771740642957,0.006081821997798198,0.005020288540408488,0.007114697390050214,,,,,,,,,
2022-06-05,,,,,-0.004211390828016737,-0.005149455473912968,0.00545527843213469,-0.003935797781079331,,,,,,,,,
2022-06-06,-0.000472663483906306,-0.0036428893623338043,-0.002951679654724539,-0.0008851411950834551,0.029201446111795717,0.026662505570172558,0.03522436970119236,0.02943751647204589,0.004473021448710698,-0.0026257374953393346,-0.0031191750117642307,0.0008498239168828767,0.0007218823215225255,-0.0028366632858384325,-0.0010875528142946069,-0.0051163263721065244,-0.0015837240717936222
2022-06-07,0.010212564518665375,0.007373544722545734,0.013861067629866925,0.009220423732453388,-0.011969793902402005,-0.012038336147599372,-0.0011487293943486473,-0.011678361899628134,0.006515504781820813,0.0073448201058245125,0.014447319628558518,0.007941109114741182,0.009393791590113908,0.013481901489051248,0.010256132801603153,0.007925953661424146,0.009320208533619577
2022-06-08,-0.01288874606797629,-0.010076351999160972,-0.008649238057782602,-0.012450413180499914,-0.013612383477299806,-0.01837005464304511,-0.006610814396740349,-0.014430185904721733,-0.013009352302863543,-0.010602373826217756,-0.008850069320422586,-0.012597997484388175,-0.013632187630789997,-0.008811114513935323,-0.012539082544970034,-0.008803396623078413,-0.011903782740621361
2022-06-09,-0.023559022078012803,-0.022231044926063804,-0.025013126184096297,-0.02233175044906522,-0.006290799584613549,-0.0027828236329485966,-0.0031262527638808617,-0.005943573829705626,-0.020680984995779597,-0.021650587017099248,-0.025429405662790533,-0.021313781768289068,-0.022239286924979458,-0.02462211266748104,-0.023196144434850765,-0.02161983290258595,-0.021889759219910803
2022-06-10,-0.025725198523414778,-0.010049380425238086,-0.012518860976376835,-0.020677122451968236,-0.05238956967634552,-0.04527059522856197,-0.05362827289643613,-0.0513689216783421,-0.03016926038223657,-0.010189030596835295,-0.012752835539984733,-0.022054423166375917,-0.016895819930798462,-0.01331385074147577,-0.025467029958471773,-0.010235609905639514,-0.020393647558936367
2022-06-11,,,,,-0.059102995440087555,-0.053706092838230114,-0.04819185012770346,-0.057763408631541155,,,,,,,,,
2022-06-12,,,,,-0.05806915079641411,-0.04420954388080512,-0.048828758105328246,-0.05672877899028163,,,,,,,,,
2022-06-13,-0.04038529147505947,-0.03250248450840304,-0.04271113244869766,-0.03746255185570352,-0.12649945561716172,-0.1462285679112968,-0.1319573204818561,-0.12903783077430336,-0.05473765216540985,-0.03353119979450851,-0.04286081381827173,-0.04263790362106359,-0.03825707578234329,-0.04158762769669044,-0.0406683393658005,-0.03149110591579282,-0.037042556614599806
2022-06-14,-0.0064914420956830995,-0.013783054090614847,-0.007158500627759158,-0.00933111612550795,0.011680498107776516,-0.016339231202885024,-0.009950079272633937,0.00835052291975061,-0.0034627853951064965,-0.013776518903929108,-0.006519337053915986,-0.008524151536743149,-0.018141663981759523,-0.006478299423081663,-0.004991240389032347,-0.01245649879452621,-0.00817547996522969
2022-06-15,0.010895650187921786,0.0034518519953425806,-0.005327028246934431,0.008937307306515724,0.06542525357596155,0.0491459331613376,0.0660556637597599,0.06331454888642178,0.019983917419261744,0.00389645113854204,-0.005611633043037945,0.011826068641119104,0.007072752397944992,-0.003934578478160537,0.010563039239415237,0.003260808942655608,0.008343108502260624
2022-06-16,-0.02883302653138866,-0.008929439054573983,-0.02325025029160361,-0.02281513165501202,-0.1071884006610222,-0.10671071706024976,-0.09873362887565447,-0.10669854588434394,-0.04189225555299425,-0.010284960536179775,-0.024240389625331222,-0.027394569319196933,-0.015478383485240043,-0.022188824321635294,-0.029665606486404938,-0.00941121012314633,-0.023070360683179615
2022-06-17,-0.0040129501461385695,-0.003792170261183917,-0.02182275657615884,-0.003851890284753077,0.03646198203338853,0.03468311740453183,0.01823909859505019,0.03529345683380304,0.0027328718837826135,-0.003554802023984418,-0.022717934577675448,-0.0016478195440886028,0.0015935083199835889,-0.01984315870429125,-0.004562734364913176,-0.0028075474937899096,-0.004190156031162566
2022-06-18,,,,,-0.04251541303837564,-0.04290710924227606,-0.0488749151565817,-0.04302988588819847,,,,,,,,,
2022-06-19,,,,,0.07927452664115972,0.06509983771398319,0.06901936076499765,0.07834511522672878,,,,,,,,,
2022-06-20,,,,,0.001575741164027466,-0.004574649688862241,0.0009324762161230359,0.001011765457991814,,,,,,,,,
2022-06-21,0.021283145794544635,0.022157166767013136,0.03612830215898876,0.021758447213332678,0.005971368768382867,0.013862319206461828,0.010620832987596984,0.006822199972014894,0.018731182956851007,0.022060171953293597,0.03659856722953421,0.02093301290612425,0.017882435661442084,0.03578255746355614,0.022165361155956707,0.024453034529902124,0.022736156034286033
2022-06-22,-0.003436148511325537,0.00277464096260277,-0.006389569513983125,-0.00016822698933940635,-0.03599036081922781,-0.037807336813834636,-0.0376359386855484,-0.03613040940935533,-0.008861850562642581,0.002511115989500992,-0.007371328856331782,-0.002107656619591833,0.0031161960326712168,-0.004775657328616742,-0.0034894851391580155,0.004894834857489086,0.00031114885680517425
2022-06-23,0.0025338360448495245,0.012107147405596068,0.0022547218694527788,0.006300504887552895,0.04734050407033799,0.04436566511840273,0.04796086244627959,0.04736504290228152,0.0100016140490976,0.012387720599583549,0.0013935887690543264,0.008893973276055631,0.014766442294305127,0.003467729897040161,0.0018432038037458432,0.013158812044265772,0.006287836902274322
2022-06-24,0.028722864719396547,0.014841860143980328,0.018696312131363867,0.024237726370261177,0.03819140914105865,0.03487071142843022,0.04973021789442574,0.03713268338429433,0.03030095545634023,0.01513851763570069,0.0192652610444943,0.024682954292245977,0.01778559174372729,0.01922634467677412,0.02792001335804191,0.014325662716581193,0.02336219736670396
2022-06-25,,,,,0.007753439427377806,0.0035760898717550763,0.0021326590698385784,0.007641430089373356,,,,,,,,,
2022-06-26,,,,,-0.021408985862141752,-0.023286805414128198,-0.019734386518742965,-0.021503079409373897,,,,,,,,,
2022-06-27,-0.003099116276753979,-0.0023421563024465667,0.012728175916849306,-0.002419144978022934,-0.0067536758927389095,-0.002586926729257053,-0.0020261236396911585,-0.006433467508771692,-0.0037082095460848007,-0.0022746213168269884,0.012893029235287243,-0.002572643349971064,-0.004638992015255625,0.011758472664814206,-0.001868274733258738,-0.000514728520106484,-0.0010982841629946672
2022-06-28,-0.009510549810128442,-0.009051121794203466,0.0022815256556119653,-0.009584686281529612,-0.04316380056562889,-0.03865395195186091,-0.03133936248679059,-0.04209287583281999,-0.015119424936045185,-0.009172707579901405,0.0029917305590316783,-0.01127636659884013,-0.012252933752799471,-0.0001530674689166059,-0.00925014124670431,-0.008772966455935737,-0.009280994840104443
2022-06-29,-0.005108620032928052,0.0006026793286403757,-0.007842880484799641,-0.002651369195741404,-0.014634249838758707,-0.016799899309389486,-0.020097907584594975,-0.014642961643070839,-0.006696225000566495,0.0007496267916077787,-0.008749164391727545,-0.0032218995528160684,0.0015498874734552121,-0.00694633876719907,-0.005705811147278704,0.0015401935192262506,-0.0026325438341563237
2022-06-30,-0.007570037860964428,-0.007645388011777416,-0.006610358717354173,-0.006353764810498538,-0.007364903002337221,-0.009995345851673812,-0.010526749136443022,-0.007809873091702869,-0.007535848717859896,-0.00733213531060579,-0.00686441467839608,-0.006243888859782099,-0.008105267015251667,-0.007287895440494789,-0.007448535604995838,-0.007519759893557733,-0.006246905031628824
2022-07-01,0.01073505233633957,0.015217320501830476,0.017405588326327853,0.013082603687366681,-0.022743101604300778,-0.015840558978105514,-0.021392878402707517,-0.022154329850950786,0.005155360012899511,0.015430912749978123,0.017487420731969436,0.011084889212485495,0.016092676378415934,0.017046419179045105,0.010531928850450829,0.015104145391926532,0.012843445732221731
2022-07-02,,,,,0.010206534368909838,0.010206120306771429,0.00036132345643724584,0.009670602452221044,,,,,,,,,
2022-07-03,,,,,0.006203747849250053,0.006783805824163505,0.010930122974802848,0.006389773594014823,,,,,,,,,
2022-07-04,,,,,0.034349280079586264,0.036142040351866175,0.03558413886598349,0.03456791341842759,,,,,,,,,
2022-07-05,-0.0062939273427133945,-0.004392375693207347,-0.01735315697098775,-0.007159753316487301,-0.01903590126422474,-0.011571947055685448,-0.008081048052346041,-0.017766455005867914,-0.008417589662965285,-0.004932834566850491,-0.017735735058278006,-0.008029798858310849,-0.00034961637048539764,-0.016212683776050903,-0.004330684261992593,-0.0033525576113914465,-0.0055997695426584955
2022-07-06,-0.00013597333307193267,0.001212080094000851,-0.0006213800997566213,0.0004661115551862606,0.01714929107079264,0.01773112991205536,0.01762256475175561,0.016870013083513644,0.0027449040675721625,0.0011553714046382163,-0.0003794520405276905,0.0015018675132284216,0.0010491178308513673,0.0005259709046558953,-5.56908923174948e-05,0.001491397862852154,0.0006503295548478169
2022-07-07,0.014110195282665638,0.0023565983906403683,0.0049281943404560526,0.009614862801158983,0.03818408898870451,0.03992025484070708,0.03659156605906144,0.03836541905695175,0.018122510900338784,0.0023284682891588078,0.00539248988150923,0.011118210442434693,0.002680537969999411,0.003618253985071281,0.013492226797539548,0.0026243003942083153,0.009293247501040252
2022-07-08,-0.003327694098526208,-0.0023958334996244416,-0.0012177545756264449,-0.002997843080249045,-0.009716256354324614,-0.005956271251662444,-0.0018854723576949175,-0.008930366916919296,-0.00439245447449261,-0.0023797951647295187,-0.0014406685682838056,-0.003335434709253439,-0.0018911293933336635,-0.0007806138774618456,-0.0034321261300995142,-0.0029047387869312134,-0.0031939382324837093
2022-07-09,,,,,0.014113331687002918,0.0052012890177751975,0.0012077805638558425,0.01307425332899358,,,,,,,,,
2022-07-10,,,,,-0.03991464143394159,-0.03941441471328935,-0.04177712434872778,-0.039628694906868524,,,,,,,,,
2022-07-11,-0.007581620815643344,-0.000428059991667752,1.1465853452028883e-05,-0.004599555542298266,-0.055941769132582544,-0.0531886247104731,-0.04748619987323457,-0.05527106018157643,-0.015641645535133208,-0.0005372409802425778,1.2091953568474442e-05,-0.007466140003878918,-0.0010747236138735328,8.242046835974632e-05,-0.00827906851724195,-0.0012963492462882407,-0.005373944149452664
2022-07-12,-0.003861931864105577,-0.005497131331277123,-0.0093920679622756,-0.004475825001724269,-0.023506154582261487,-0.02273355226726538,-0.020892742405637568,-0.023417365773817454,-0.007135968983798228,-0.005336358863778804,-0.009718692820160899,-0.005694065556219549,-0.0049614035663179635,-0.006898421431208803,-0.00194281592465219,-0.005432214165386523,-0.003130957688545529
2022-07-13,-0.0037269688378600164,-0.0023114300673901756,-0.0031191514538214974,-0.003702475254802656,0.044277913752351544,0.04735263356468559,0.04607324743799124,0.04426535417097803,0.004273844927175245,-0.0026884246371319436,-0.0029136794738183567,-0.0008239660185296313,-0.0026553133051527037,-0.003797587278538195,-0.0041653117291287865,-0.00272457743798629,-0.004048002628385751
2022-07-14,-0.004163211008786747,-0.003962383473056277,-0.0027585764617307443,-0.004315170618076489,0.023188826061356818,0.024984649567248718,0.028329496376663245,0.023045149029266052,0.00039546183623718036,-0.0037937605330068042,-0.002697168887184331,-0.002690866199352924,-0.0019369512366884975,-0.001742591876828622,-0.0029529642439440084,-0.0020831136758420717,-0.003092975085734194
2022-07-15,0.018608815343360566,0.010888600870494812,0.013122660801363963,0.016155562890563687,0.013295712298953433,0.016998040749088197,0.011869421723217366,0.013374090548698599,0.01772329816929271,0.01119548946467519,0.013396561753465252,0.015867530039165124,0.0114862480943076,0.012882399633579662,0.018661123402030223,0.010955135082632355,0.01622440169932344
2022-07-16,,,,,0.051540789955654635,0.0410887760549458,0.04159589404167079,0.049811574270074294,,,,,,,,,
2022-07-17,,,,,-0.0009481346380628376,-0.013193408058065927,-0.019797659938224955,-0.0023852757399840272,,,,,,,,,
2022-07-18,-0.0032098002043968576,-0.011525112377679282,-0.008315295389882639,-0.006309832673537963,0.10792768941483928,0.09128875807753432,0.08538222455225807,0.10518031652196301,0.015313114732142497,-0.0113930496231252,-0.008153882385442271,0.000325947126742585,-0.01167934767940386,-0.009842353390071541,-0.003675999126962169,-0.00996791080850137,-0.006242237706522413
2022-07-19,0.027385120685752967,0.013354131598927082,0.01414712663504739,0.022237033203581152,0.018286943077011585,0.020727269370014633,0.0148645347251678,0.018665248078285415,0.025868757750962736,0.013197981264426029,0.014206982809796804,0.021712005015307165,0.014949303950522163,0.01357592040730996,0.02790587041129881,0.014066667723253726,0.022808935464854747
2022-07-20,0.0026521370079764716,-0.005945784160966456,-0.008039855559366023,-0.0016765093869571222,-0.036229629495596855,-0.028424297868023404,-0.026850616058884395,-0.034773880191501884,-0.003828157409285749,-0.005882367063965179,-0.0078100948520781,-0.00399563028393373,-0.0037807662340862804,-0.008535186908340833,0.003537601606665122,-0.003929407783364857,-0.0005394525897043547
2022-07-21,0.005351057035176228,0.003942277486014784,-0.004021859260694606,0.003974823563736783,0.02456125802960221,0.013201381742474576,0.014591598559493813,0.022966711502710103,0.00855275720091389,0.0040484193025071835,-0.004207137828127314,0.004957035348652642,0.004233536727445147,-0.0018112457874246938,0.005729078498117575,0.005681941166481525,0.0042293044518157165
2022-07-22,-0.0049439479230477265,0.0006036587282752441,0.0022140657993872325,-0.0023410052367492514,-0.00778936000425042,-0.014464178805830305,-0.019151929000203596,-0.008703952176891502,-0.005418183269914843,0.0010512171783113836,0.002254027513930582,-0.0025197394707425318,0.0005041869496835935,0.002846812139041799,-0.005382177463676115,0.0006774401875577258,-0.0026858991430590475
2022-07-23,,,,,0.007536720936223895,-0.002351740280764801,-0.0010232765789242927,0.006374563004789389,,,,,,,,,
2022-07-24,,,,,0.019692387162963055,0.02527506661191409,0.01081353150194062,0.019412427464300074,,,,,,,,,
2022-07-25,0.0035859017301082836,-0.0031171982235893817,0.018414591119618552,0.0016420771467384769,-0.07276478282443086,-0.07178150195594116,-0.0645001832098858,-0.07190657718333378,-0.009139212362314904,-0.0028183620805919043,0.0189041726130343,-0.002770360999239711,0.001107924625385631,0.014257729624803952,0.0020203377088530827,-0.002814634280485965,0.0008928702008383555
2022-07-26,-0.004859655657097752,-0.0028856611855674393,0.0016739066205834307,-0.0028243963464824754,0.00427972286266034,0.001183580802407435,0.0019260731806425733,0.004068693703727014,-0.0033364259038047364,-0.001923471353755005,0.0010548062169351618,-0.0024018379259841344,-0.002423746827582015,0.0033353030079895547,-0.00477578561853417,-0.005220008538807586,-0.0034020525951025506
2022-07-27,0.01169157046844971,0.003348275921699428,0.0024314655217436143,0.00825478534765593,0.10911298957386757,0.08032820274148193,0.07896009470890455,0.10590599397561754,0.02792847365268602,0.002810275480901171,0.0025209750428708045,0.01394453463741596,0.0017976527090317034,0.0024887336505202157,0.012246208743278052,0.005224860169927532,0.009175949971914616
2022-07-28,0.01034516139505915,0.008994015108817192,0.008032785148237399,0.010479831776904988,0.07791692582964406,0.073237731941903,0.03746817370221032,0.07579018858372012,0.021607122134156637,0.008848969995747665,0.007814437081366142,0.014580170140559845,0.00785606667754799,0.009939049557148642,0.010529113119529506,0.011327028135298999,0.010813533595539968
2022-07-29,0.009706179215131488,0.0035239440454986814,0.014246874225998928,0.007060105426655662,-0.005829183344439626,-0.0045803891924600165,-0.0020438589912487926,-0.00571460621104237,0.007116952121869637,0.003673506613949383,0.014322555888506231,0.006269335013920097,0.0031127828138267713,0.009036516672792507,0.008866612348065295,0.004357425905261347,0.006939511969944373
2022-07-30,,,,,-0.004675670221653649,-0.008868848582618364,0.00773227018218321,-0.004892549046414125,,,,,,,,,
2022-07-31,,,,,-0.016465189612308164,-0.015085557568035328,-0.011396295929975663,-0.016130265175105494,,,,,,,,,
2022-08-01,-0.0016167632894356564,-0.0047794501909084845,-0.012393713585251737,-0.002595480446551103,-0.012699082640371008,-0.003795040846295573,-0.010616578655111342,-0.011197181985249181,-0.0034638165145915484,-0.0046586187899558575,-0.012609242749814361,-0.003229170639176541,-0.004734501068589317,-0.011229363118192932,-0.0017475526712844999,-0.004548134313638919,-0.002520054745597282
2022-08-02,-0.009763777204931854,-0.005846653002257825,-0.006366326344595087,-0.009045894724131772,-0.018731547141342078,-0.019107993508054956,-0.003354378697256101,-0.019183312696373776,-0.01125840552766689,-0.006213192460468757,-0.006213686821895784,-0.00959256273694092,-0.006800595194381393,-0.00664915470226031,-0.00869293397430976,-0.006080014227695748,-0.00839594842599449
2022-08-03,0.006348969490789133,0.01174754293430688,-0.01248871091117763,0.00695000107312157,-0.005898263614123967,-0.005415604724538021,-0.008686272757783886,-0.005843916323160823,0.004307763973303616,0.010801248020945106,-0.01328503153225896,0.006094500848401473,0.016871063396137857,-0.014201716645026268,0.004887970624714446,0.011170310733741952,0.006082700698892522
2022-08-04,-0.0016205048618749833,-0.005928086444976481,-0.019508814784631567,-0.0022141124047995414,0.0014520885855312201,0.0005795518019223322,-0.005765151360162535,0.00171327489885368,-0.00110840595397395,-0.005238676630480871,-0.020205845821925486,-0.002134114058780169,-0.0050841898873784114,-0.02045746969717362,-0.002769935185424788,-0.006977541773722457,-0.0031340720826082205
2022-08-05,0.0015885986438003053,-0.004218449049459487,0.006432817790706305,0.0003080002369442286,0.04574473649123466,0.03749063693056037,0.046479371959922404,0.04380425108361721,0.00894795495170603,-0.003966508302138012,0.00668763128802956,0.0029513212045430906,-0.004906936165381362,0.007454386789682131,0.002044466562243738,-0.00336068676709048,0.0008220986514673291
2022-08-06,,,,,-0.009351144158146453,-0.004967057719860293,-0.013362967961291041,-0.009188253660103238,,,,,,,,,
2022-08-07,,,,,0.006392427307688353,0.0048681795479830516,0.0030992792714421343,0.00640546826458079,,,,,,,,,
2022-08-08,-0.00012185518376140345,0.004130402882239149,0.006862038477527239,0.0010922256298428333,0.022944762116980797,0.02615426259489221,0.02065274061612858,0.023103612006631382,0.0037225810330289637,0.0038169998957264368,0.007152018974311185,0.002493134528753435,0.002971303482600201,0.005942944732999421,-0.0003642766141808974,0.0034488406733082506,0.0007843777188918232
2022-08-09,-0.0008059676403024055,0.002066038273989833,0.014543321732366084,0.0011925840418129624,-0.04364255068394754,-0.039396079696145676,-0.032207402190656695,-0.04261462785245501,-0.007945398147576593,0.0020413199278350256,0.014990813437112532,-0.0012728444965518888,0.001460592813277335,0.015076061142285779,0.0005620196122318676,0.0031357938877144957,0.002612779893254177
2022-08-10,0.01673915248481959,0.01134802985940327,0.004184729170770166,0.014051897872254204,0.050017755892849645,0.04519665216120725,0.04933171911646275,0.0487687507736502,0.022285586386157928,0.011324487605829681,0.004416158169858817,0.015952946799846008,0.012422895385619847,0.005289279747363798,0.015145520431948757,0.009989205227840156,0.012497034962131255
2022-08-11,0.005926270642628073,-0.0011178293445203854,0.0141735598441392,0.003628417293483813,0.013045285139439911,0.00357490813146013,0.021254679891108963,0.011309408784031753,0.00711277305876338,-0.0008878814752361419,0.014751445599454615,0.004059183106216813,-0.0028905646692818244,0.015736472204725096,0.00620958612164034,-0.0003036290167895159,0.003838804070754925
2022-08-12,0.014869254887947707,0.014630896724761516,0.006654455865052207,0.014621653901687867,0.014118240519318504,0.012222469609697636,0.01746379924393542,0.013813775146385182,0.014744085826509505,0.01464553387514078,0.006667298706740111,0.014505200374972667,0.014332067901623956,0.006915068549601727,0.015057178064482812,0.014264427980978638,0.014633062942237053
2022-08-13,,,,,0.007878268833164916,0.0021178332358917093,0.0003948252810598075,0.007149444252410402,,,,,,,,,
2022-08-14,,,,,-0.012942023802462376,-0.010912330616294836,-0.01365314723554265,-0.011946202951170338,,,,,,,,,
2022-08-15,0.004334572828434533,0.010097556972033066,-0.007961680449413408,0.005235908225851072,-0.016734843725832005,-0.013709452328775084,-0.007466010625548502,-0.016631471980650032,0.0008230034027234435,0.009403339667379452,-0.008224519698435214,0.00398164941392884,0.0149274879685506,-0.008116593759253722,0.003688454253497778,0.0090363201640249,0.0048476578345701335
2022-08-16,0.002959074994956916,0.011911731941121358,-0.00044811957954999726,0.0044523018147605235,0.00209126616210481,-0.004705515036433737,-0.011540112012370018,0.0019657577429439315,0.002814440189481565,0.011333423105523403,-0.0007524393867829572,0.004360871052514905,0.011406363671792515,-0.0009144155855668975,0.0015707142071468027,0.011859995217003424,0.00329894649194818
2022-08-17,-0.008142599544448665,-0.006412430428464621,-0.0006606316003900984,-0.007180054566045946,-0.006078541612463406,-0.017084416870572862,-0.011089861812305379,-0.007488504854743738,-0.007798589889117788,-0.006521097061742169,-0.0007901585832654174,-0.007021150583468683,-0.00522032653893116,-0.0008543920817758557,-0.006872115984311938,-0.004995106937960851,-0.005750343080024926
2022-08-18,0.00399189397737818,-0.002401267551562512,0.012013030243261159,0.002064191451941214,-0.01733787946437029,-0.016063470515897554,-0.009492088344920945,-0.016832981802108498,0.0004369317370867688,-0.002196636069264177,0.012409308022553005,0.0008741813410530835,-0.0030088061995657274,0.013038452805041588,0.005278972303211175,-0.0011315174509124383,0.0031528715010151987
2022-08-19,-0.008808503379777,-0.004607021731701141,0.01716321937189193,-0.006891973221945009,-0.10808945972908332,-0.09277609017554064,-0.10833242683662467,-0.10552146128557392,-0.025355329437994716,-0.004555057031319101,0.0179883160025474,-0.012660741787085497,-0.004612080235472892,0.018598590584296578,-0.0071151968376541785,-0.003557640649943629,-0.005413909622367217
2022-08-20,,,,,0.014368971101450915,0.006395540117305798,0.004595036500064143,0.014244662706143585,,,,,,,,,
2022-08-21,,,,,0.031694698941254096,0.020933570871103802,0.01900086175451605,0.030237011022777725,,,,,,,,,
2022-08-22,-0.01933968438097945,-0.014172642172108119,-0.0136450075464108,-0.01724313273159178,0.021473569506181945,0.00127120996273823,-0.00045034912471737527,0.019191647512803268,-0.01253747539978588,-0.014230089211504935,-0.013730766004004873,-0.014828531301479342,-0.014517275273010336,-0.014612781703645794,-0.019034823814914982,-0.014297878545505271,-0.01709081251772226
2022-08-23,0.0019793433425868744,-0.004597427515157457,0.01746823838802141,-0.0003121347881394094,0.014107231905767193,0.025714835865435517,0.011367009896192305,0.014371931227368245,0.004000658103116928,-0.00441331815045534,0.01839796555243347,0.0004931083579626952,-0.005960381620555932,0.020510245424138623,0.0027279951869305474,-0.004160031524324562,-1.2336446874634897e-05
2022-08-24,0.0023558955475155587,0.00022888626124762136,0.0030449259187408876,0.0015779045791746336,-0.007648736420349412,-0.011086071806243613,-0.0008128264760723711,-0.008317166179564723,0.0006884568862047306,-1.3134775192612194e-05,0.0031637599590351373,0.0009569507767107999,0.000787738088747661,0.004195662787923282,0.003239491027713365,0.0003539514354087576,0.0023415549143925114
2022-08-25,0.013855207018783832,0.006714696582894767,0.005395516693619142,0.011494608392602898,0.010942576991686858,0.009576663399826144,0.020947949240912325,0.010502206832225155,0.013369768680934337,0.007085643922712621,0.005367186951121157,0.011253136508591282,0.006563014367606293,0.005103157518279078,0.013048507576603944,0.00618801884367938,0.010783378713674201
2022-08-26,-0.027690347312465235,-0.018770160911740254,-0.014043594175682966,-0.025082615609418143,-0.0780335941700781,-0.0751908563921976,-0.07027547350133453,-0.07692924861191187,-0.036080888455400716,-0.019021575588943827,-0.01411270219424406,-0.028001177901743342,-0.012181604729171201,-0.0144691372438156,-0.02660292570020756,-0.01754264565133687,-0.02377381616516317
2022-08-27,,,,,0.0021792845693798697,-0.00032954610619378923,-0.00735682582130257,0.002256698917157143,,,,,,,,,
2022-08-28,,,,,-0.033573061151733086,-0.02637609893676356,-0.03708926117568669,-0.03236119881355651,,,,,,,,,
2022-08-29,-0.0038147275975503716,-0.0042894046223714045,0.004814731099974143,-0.0035786658061944233,0.04925487420357118,0.0456467399806046,0.05440258851752944,0.04799549369790372,0.0050302060359698865,-0.004436169213360924,0.005479355450131438,-0.00031034386203991783,-0.005168013593213606,0.00630669612066416,-0.0025402491718525414,-0.0027748634447549657,-0.00215317896821627
2022-08-30,-0.013364542345735522,-0.008668591168012718,-0.019467513610116064,-0.012172978919744965,-0.0268941958202499,-0.018105892442049114,-0.01622241533274311,-0.02544715023351412,-0.015619484591487912,-0.009074577483658823,-0.02014927422338678,-0.012986558338945508,-0.0084047903303857,-0.021215545185633573,-0.015095141828034488,-0.00982977486381701,-0.013800618336677959
2022-08-31,-0.007346647125874835,-0.0032616448186023233,-0.011310044063479994,-0.006474159888005963,0.0032082975179153813,0.005812272730257312,0.0037759219635344226,0.0032300896088066377,-0.005587489685243132,-0.003729796792901838,-0.011167897284388105,-0.00579998546152946,-0.00159955935204573,-0.011026976909849164,-0.007431564363138799,-0.0037159359786497034,-0.006491616727189616
2022-09-01,-0.000687755196964799,0.011774437000922585,-0.002625983896718703,0.0037279678716580604,0.02437063798841811,0.008471001102865763,0.0211658909282076,0.022479604459963633,0.003488643667265686,0.01154336780062824,-0.00314567157545155,0.005232725973278548,0.013194889071449771,-0.006792392911954402,-0.0017678236351492125,0.008795431156444558,0.0021816453552832927
2022-09-02,-0.009523452905370695,-0.009558886560979092,0.0013674341531509913,-0.009707569748358062,0.004941360554689911,-0.006657770465765339,0.004730089249367928,0.0037938722687131652,-0.00711265066202726,-0.009664756924019344,0.0018572214576401207,-0.008829831263885356,-0.010241653876372905,0.003811737180924225,-0.00926170447993226,-0.008699896491983923,-0.009536153374440932
2022-09-03,,,,,0.002144406622791495,0.0010271726532064208,-0.0066004315219047585,0.0021645315982274154,,,,,,,,,
2022-09-04,,,,,0.00946666488626442,0.007623101691397948,0.009313377874041717,0.00943677210044472,,,,,,,,,
2022-09-05,,,,,0.031521784509391984,0.006210031768447235,0.04336737312219795,0.02629379876006203,,,,,,,,,
2022-09-06,-0.003960837321840623,-0.002435081360403929,-0.007500052524142856,-0.0032864036628564926,-0.0711698190596358,-0.048593579518410104,-0.06861282119176111,-0.06796428214178074,-0.01516233427813982,-0.002793430322981755,-0.007726038646692864,-0.007393101155137686,-0.0027936195508498954,-0.008762115507438075,-0.003879024894987267,-0.002864629573264502,-0.0033388712129507627
2022-09-07,0.015912572907354684,0.016550464776559443,-0.0007391228350427104,0.016560482031556547,0.05776727663863668,0.034444025970476064,0.04370248807308492,0.05432449528511077,0.02288835686256835,0.01654202380401383,-0.0009851312288092148,0.019021751607837575,0.01596959433938376,-0.0018065252202834163,0.01502148593253508,0.016027408452102886,0.01590216787988804
2022-09-08,0.006066542642071268,0.0021064286667251434,0.0012041450290638637,0.004168102403867014,0.005849298003899805,0.01216305505599221,0.0004047409454074753,0.00593048994427434,0.006030335202376025,0.0017070304395442172,0.0012888874839987806,0.004145084240835728,0.003832633285650865,0.0013303070345182446,0.005036828409664711,0.0009555305160953245,0.003093544584663965
2022-09-09,0.014643056352534128,0.009503111295745548,0.01355792330460941,0.01279049639877398,0.05861627705926811,0.06527373937293612,0.06121052891910665,0.05973714780926796,0.021971926470323123,0.00988410238238387,0.013786271337364073,0.015603495864309725,0.00816614824940576,0.01546129106301228,0.015019205109010222,0.011146442638351918,0.013423027559171682
2022-09-10,,,,,0.01834220726446272,0.011196545657511757,0.02116979832471563,0.01794293971148384,,,,,,,,,
2022-09-11,,,,,-0.011384277713285618,-0.006612126300218802,-0.010682507219474035,-0.010541613909488356,,,,,,,,,
2022-09-12,0.008484821861791862,0.008442806220944022,0.008158689960483368,0.008650158493391538,-0.007453641423881053,0.0019957221409213372,-0.004236289636685449,-0.005994114642391323,0.00582841131417971,0.008544632485534628,0.008723208680917614,0.007806038623840194,0.011320838292733273,0.011032006361794059,0.009005049559372246,0.009729960402551063,0.009243877264918869
2022-09-13,-0.04004930998571301,-0.029845280636537425,-0.02451713986750912,-0.03645224550846728,-0.07111080127953137,-0.07230514474116316,-0.061806658517277194,-0.07113952800078258,-0.04522622520134941,-0.029872800551688,-0.024285161599910923,-0.0383881051353049,-0.030169404287944842,-0.024171266790415914,-0.03949856928191778,-0.027983767408246093,-0.03615539929003401
2022-09-14,0.003131862301450781,0.005672543428691908,0.02127016485660717,0.0036559741887632817,0.02134357991808681,0.011477098821898943,0.029337239954868595,0.019381697932957763,0.006167148570890118,0.00537495450433027,0.02177718030685188,0.004647265340720861,0.009223684285233999,0.022500502475567126,0.0035776619444740027,0.005062769940459155,0.0037291263041722964
2022-09-15,-0.0161715370948445,-0.010830691538888722,-0.017425191602192924,-0.01500223662451842,-0.04826521767813677,-0.03363883577017866,-0.058032194796354124,-0.04567773071095808,-0.021520483858726545,-0.01091621786793424,-0.01789098891529952,-0.016871980082801007,-0.010572293316710096,-0.02048874721772129,-0.017887615029019165,-0.014327324157923396,-0.01725734940752998
2022-09-16,-0.007247144972022487,0.0006068876156344607,-0.006413285535971134,-0.004595394714656899,0.013050713012939598,0.026538763286321185,-0.014947564570800622,0.014001964335449233,-0.003864168641195473,0.0004727331172747733,-0.006781210885153701,-0.0032831979637562175,0.0005834875394060378,-0.009839324817586198,-0.00825779967581067,-0.003017540799081491,-0.006053117110655107
2022-09-17,,,,,0.031041752444428392,0.033555829927753085,0.021366862853177213,0.030838269082669637,,,,,,,,,
2022-09-18,,,,,-0.07844006705083154,-0.051359842239721565,-0.0754924006952451,-0.07402876240615514,,,,,,,,,
2022-09-19,0.006236594572679688,0.0037362143408562125,0.0022712943912301608,0.005470468996160099,0.02205062184171413,0.02620772697063801,0.011906064328512593,0.021378452336208803,0.008872265784185427,0.003724867593640027,0.002297989108485282,0.006459792532550167,0.00413496157633261,0.003464400717748558,0.006168850434174844,0.005099339181356464,0.0057511672330380036
2022-09-20,-0.015572445225681552,-0.013420552154717364,-0.008099401496852463,-0.015104760253609772,0.00012092982397091633,0.010550601552379264,-0.026549620072888858,0.00013251619386892184,-0.012956882717406143,-0.013498295667326774,-0.008091708803901206,-0.014060084892337787,-0.014757411446817801,-0.008339828404889758,-0.015474468582938324,-0.013499923165340811,-0.015193235123648528
2022-09-21,-0.016955160199631784,-0.012973374575046798,-0.014740944859749652,-0.01620303705527003,-0.039127276267486556,-0.03287203161292575,-0.02921627306958825,-0.037453441616194565,-0.020650512877607576,-0.013194829399553038,-0.01475180940017757,-0.017529795666508096,-0.015324541641321859,-0.014798571552937123,-0.017193527306028,-0.013098620477234946,-0.016549557604811777
2022-09-22,-0.009265739650809663,0.0025389480116677124,0.00028835336377869237,-0.005568313268639313,0.06731721632356923,0.08973658967318227,0.038983862803424835,0.06788094313459389,0.0034980863449201515,0.0018621463351402526,-5.0425588902667184e-05,-0.0007436466094168071,0.0032616981026246847,-0.003063694278745228,-0.009791501871735636,-0.00021512478766116244,-0.006935309412088353
2022-09-23,-0.02221841628898861,-0.01639782003960715,-0.03608737536900436,-0.020088857837238804,0.011085161822327872,0.01266395133120062,0.00741574634506875,0.010719478240960822,-0.016667819937102528,-0.016305698832861756,-0.03701148018171044,-0.018027853910178686,-0.01665477063948639,-0.04157289530724967,-0.023812137124870996,-0.019096295331075316,-0.02182686275333263
2022-09-24,,,,,-0.021096523709983696,-0.02250338343742564,-0.014236810332476207,-0.021076663773206706,,,,,,,,,
2022-09-25,,,,,-0.013323073667573295,-0.008283674713505874,-0.011614283713205336,-0.01257421232141106,,,,,,,,,
2022-09-26,-0.016062688619373506,-0.010836921445165165,-0.016718468181837014,-0.015175870975095134,0.0026776526631443354,-0.004881817954200427,0.014098039660508231,0.0024528545022529102,-0.012939298405620532,-0.011368541063480477,-0.01681070665289952,-0.014099870798880603,-0.010422533498021639,-0.018164588903521593,-0.017068911711450568,-0.012518858025492038,-0.01643018606862174
2022-09-27,-0.0036657890507521195,-0.0063479410081641995,-0.0013192096052801246,-0.0053143563537172605,-0.01530393045398919,-0.016838183841858635,-0.007113871495434792,-0.014990602325290973,-0.005605479284624964,-0.006697648145658937,-0.0012728865089410607,-0.006074816113668558,-0.004043902810436189,-0.0008666313729819427,-0.004010253470165119,-0.0076944798469722655,-0.005806109688333394
2022-09-28,0.021300718433708198,0.02162042798093489,0.03054085934294658,0.020676448673633833,-0.0012962799289126913,0.002291537533112148,0.0038246302486142562,-0.0004155927723909239,0.01753455203993805,0.021298349114930653,0.03095379155793753,0.019229827352749418,0.0215138715211969,0.03231085639768982,0.021707348694602516,0.022094851243330025,0.020944666115445786
2022-09-29,-0.019865724827656663,-0.01701772265538268,-0.009371466093916429,-0.01964547757402676,0.026085138651090946,0.034810423068865025,0.009334574002439243,0.026298188550754505,-0.01220724758119873,-0.01774248619086914,-0.009184113485408978,-0.01679247289899453,-0.016588685216826743,-0.009423413174637869,-0.020721253296121095,-0.01918565387516523,-0.021026543020925253
2022-09-30,-0.014866290633047612,-0.017010524242246954,-0.01711257992485584,-0.015255648444603883,-0.004491731472247418,-0.001962455409972603,-0.005159652003640545,-0.004388349318250516,-0.013137197439580911,-0.017174627312283607,-0.016929017880951087,-0.01460207850060586,-0.014247765538619998,-0.015153052418947193,-0.013283072767977445,-0.015415516405145508,-0.013578634783592248
2022-10-01,,,,,0.0008534505682332941,0.0009127234244048904,0.0046343838357761685,0.0004199109952689722,,,,,,,,,
2022-10-02,,,,,-0.025340823712240203,-0.02224445123606696,-0.024201431350696037,-0.023899928787349832,,,,,,,,,
2022-10-03,0.0321847780436476,0.025996944568905143,0.034847819583263245,0.03046817993624874,0.021773819619997272,0.01804846850598004,0.01659921006903171,0.021385994378037804,0.030449618306372547,0.026227177009632566,0.03503384313707758,0.029713676413812475,0.02609272278255576,0.03584950112361266,0.031093361083131158,0.02545708121330018,0.02951909598509722
2022-10-04,0.029652109428984035,0.02129187172610193,0.024673445626481872,0.026728461033834975,0.024596952998144017,0.029270182611978845,0.023555753278585858,0.024938900548390985,0.028809583357177367,0.02131350926443477,0.02481351480704478,0.02635895754608113,0.018951619493897665,0.025636754537250346,0.029654411888455745,0.020762087985703597,0.026820202395959513
2022-10-05,-0.003236585589606484,-0.004648340896179329,0.00875413692875337,-0.005052226374037441,-0.004256612742547317,0.002386781891508789,0.00037337719972316795,-0.003661148486642529,-0.003406590115096623,-0.005075301715358838,0.00928576098698075,-0.005198936507511302,-0.001316707713828398,0.009865655810823973,-0.0026438888617812423,-0.0043867199456141745,-0.00425691781351052
2022-10-06,-0.011450484466690941,-0.008767203840235854,0.0015095740182288677,-0.012825232932876462,-0.006072386991168043,-0.0024123741622034157,0.004579786059468205,-0.00566556343349787,-0.010554134887437125,-0.009421213747684638,0.0020767210016142783,-0.012533750279407318,-0.004533957551337368,0.0035260349899344586,-0.011750386745902973,-0.008997933433127919,-0.012849851278699061
2022-10-07,-0.02349631739433913,-0.015220390909000514,-0.009683099562950343,-0.021094301966955886,-0.004199723701290225,0.0058915641605983855,0.00888139551934144,-0.003730211781287184,-0.02028021844549764,-0.015881697189751937,-0.009647108651914586,-0.01970264569576445,-0.015353017764450935,-0.009735436883298657,-0.020561873268571815,-0.01474628011525623,-0.01925860162728273
2022-10-08,,,,,-0.003162700746175518,0.0008326817743120217,-0.0017563148536384517,-0.0029011414890960266,,,,,,,,,
2022-10-09,,,,,0.010305532644744566,0.012292705890916838,0.012978822587068574,0.01025829667505293,,,,,,,,,
2022-10-10,-0.005697925739041465,0.0013136289812128003,-0.011379362112596256,-0.003388111107747755,-0.04378364997925047,-0.030365427631632077,-0.04551939869609443,-0.04007417569294411,-0.012045546445742966,0.0012454556871244044,-0.011898778632426528,-0.00595675275643039,0.0050895765050095465,-0.012413439924953067,-0.005525027079047725,0.0012508467518571164,-0.003509757587048003
2022-10-11,-0.0033305028978534044,0.01327226250407428,0.005282762430517313,-0.0004829884461143266,-0.018113253905372405,-0.021661250077388196,-0.027060919422840213,-0.018155617618116775,-0.005794294732439905,0.01184363188254766,0.004777669140087406,-0.0016208980485826197,0.013292421692750784,0.004435602215010185,-0.003184944600139777,0.014200996117972967,-0.00024226111207231732
2022-10-12,-0.005622661763774912,-0.005364413077772325,-0.0018261386236146093,-0.007291367371373862,0.0017588610791762658,0.005637911872748929,0.005539817224567179,0.0020666299727264198,-0.004392407956616383,-0.005898482444522807,-0.0013766564304074813,-0.006890658320449278,-0.0022040925599695824,-0.0006539235731808143,-0.004602502651723602,-0.0046809623177205195,-0.006073256877213079
2022-10-13,0.029678419866633287,0.020373577207538622,0.035054433588581714,0.027894299033976073,-0.016872170705753243,-0.012934349223984934,-0.02081798602936713,-0.015655395129767404,0.021919988104568865,0.021216574433307288,0.03491997112743819,0.024702838239798387,0.01877109159768882,0.03510555222884767,0.02972746829937416,0.02000061920937906,0.02785335957685699
2022-10-14,-0.01841214369489535,-0.011476332245647935,-0.01234785527035657,-0.01615135950045242,0.002402632020752704,0.010829808886317484,0.01644146555078039,0.0040171553808063445,-0.014943014408954005,-0.011175601810444765,-0.012686583498956704,-0.014660729773116818,-0.009491260892403956,-0.013483703327386192,-0.017882740700063973,-0.012285891351683939,-0.016143815973312912
2022-10-15,,,,,-0.007131151020167648,-0.013266670609141785,-0.017483598940982413,-0.008353081474713463,,,,,,,,,
2022-10-16,,,,,0.011621146466186616,0.00795581836667825,0.009003833174829489,0.010986595932613254,,,,,,,,,
2022-10-17,0.020060602583880396,0.01218829656889487,0.011624224744203505,0.018498096569251873,0.011846976355508422,0.010617823245737837,0.015472955733436324,0.011666210338001566,0.01869166487915173,0.012352216436399005,0.01165811821701149,0.01793846115679955,0.011929670498612812,0.011786174962309067,0.019911356473956775,0.01218932621960088,0.018555519974151176
2022-10-18,0.011945856181977304,0.011124977193563583,0.0052775251835960385,0.012211335912804646,-0.015818455509828577,-0.01609817541362788,-0.01748211520786669,-0.015450799292297084,0.007318470900009656,0.011367980461484193,0.005295950247460469,0.010340309424077081,0.008786414478110677,0.005285116028348526,0.012359255208949527,0.011352745779421941,0.012426206681113076
2022-10-19,-0.007761574600824358,-0.007838621879616313,0.002296385119270539,-0.009117984762635326,-0.02432465924149701,-0.01702908604141505,-0.02338873305235141,-0.02273294261917497,-0.010522088707603133,-0.008082531975972673,0.002777993977981508,-0.010180808245148765,-0.010110546957306142,0.0036585360712541896,-0.008260384737490222,-0.007004899827281883,-0.009237804898192396
2022-10-20,-0.004160841489002483,-0.0027907742399875886,-0.0012715182507713138,-0.004558989088070657,-0.002619610516268812,-0.0018767589100835273,-0.007622051668622022,-0.0021592923601882093,-0.0039039696602135377,-0.002966703783505641,-0.0012518812293808531,-0.004430303950790251,0.0043403260773664035,-0.0007364776600227118,-0.004881132507150813,-0.0027830555804234606,-0.004984471825071251
2022-10-21,0.023757129279621488,0.020747018160957798,0.025881995408130905,0.022481353751809346,0.013255302797449076,0.008768886018082532,0.011570953355142266,0.012096050865265391,0.022006824865926086,0.020853603863490635,0.025809308024432962,0.021658421115495038,0.02171842629299147,0.025942932975217665,0.023468470888432683,0.020512698921343907,0.022173415726489443
2022-10-22,,,,,0.01085435584045934,0.005820979927111596,0.01542856348844264,0.00956161160312888,,,,,,,,,
2022-10-23,,,,,0.019051152137463643,0.013871835914463821,0.012520970068428384,0.01839072683100829,,,,,,,,,
2022-10-24,0.008125459137320445,0.01648991786395019,0.011728740637198781,0.009729488333247258,-0.020039312732326498,-0.017497750499792852,-0.020150536132773535,-0.019201296452065978,0.003431330492379289,0.01596928007675917,0.011731359503023453,0.007732549350659029,0.012990841343746258,0.011301170667810171,0.0074207887402082786,0.01740749392798836,0.009342373907888666
2022-10-25,0.01680246788305665,0.008926600358068049,0.0022000763606352595,0.014957473868905242,0.053188844301937294,0.03267378586950777,0.04559428901734104,0.050191631466056194,0.02286686395287009,0.009157162559006777,0.0022587885981881486,0.017388603266687196,0.006770363757088816,0.0024586809123122015,0.016356244881235882,0.008970144767384558,0.014857043787748032
2022-10-26,0.004962875049564562,0.011933263961103812,0.014140008036245478,0.007076365407182573,0.02339555418738111,0.02614361230222993,0.029938945733201376,0.02342073338886986,0.008034988239200652,0.011699924424435189,0.014114993735456587,0.008287858261621579,0.013046536057687609,0.014167098209192427,0.006716867381588563,0.011854120936050674,0.008174907479642326
2022-10-27,-0.0001484410730095842,0.0008884455994505967,0.0018867107136735274,-1.4802868722778268e-05,-0.021055507328959756,-0.018520804993875675,-0.02062216654205933,-0.020536833564942385,-0.0036329521156679458,0.0006079853863903719,0.0019130009413692215,-0.0014848569480262498,0.00034363889381080104,0.001986815720398068,0.0006096803943841442,0.0011419433441550463,0.0006145567540282258
2022-10-28,0.02428404944569426,0.02156386467090854,0.003039968385730554,0.023354273518619684,0.020022714690651533,0.018316897456063228,0.020466969262374946,0.019391231100194882,0.023573826986520472,0.021201224997731093,0.003197580767117023,0.023078245483082186,0.015863519706318333,0.004120243556282046,0.022509100708123043,0.021449221242032843,0.022208866756561696
2022-10-29,,,,,0.01645220704709567,0.011671081332972833,0.013059717190752607,0.015894795717323437,,,,,,,,,
2022-10-30,,,,,-0.02340182217984157,-0.01766295346929577,-0.026271258591730656,-0.022214457037116435,,,,,,,,,
2022-10-31,-0.0075744002645192834,-0.007708903603324109,-0.0011275327961680268,-0.00713153843995076,0.0012976892075733605,0.00021195988759431256,-0.00019174951753588845,0.0011512186527614743,-0.006095718685837176,-0.007814933875911373,-0.0011155033929919171,-0.0064754740069231,-0.008827324501751558,-0.0007691098043215583,-0.005886090079056361,-0.006915818195984803,-0.005848417230675675
2022-11-01,0.0023824155053552665,-0.0011149216040146628,0.007290485048359933,0.0015455827103587104,-0.004912792959008127,-0.004524179094520402,-0.0029683795767468492,-0.004803244826905425,0.0011665474279613677,-0.001118520121052608,0.007292630310526874,0.0009969480501058772,-0.0017123187230761775,0.007528879448861555,0.0020279387195198117,-0.0007116758347675606,0.0014781680045337317
2022-11-02,-0.01718405492843421,-0.011890711016825551,-0.018406860245588904,-0.016608534000006156,-0.014486227815160459,-0.022049352164172642,-0.00706801144448721,-0.014501917751465683,-0.01673441707622192,-0.01216078293931925,-0.018506159661669134,-0.016295800212341612,-0.012343133814809152,-0.018851284062457358,-0.01607473319834816,-0.009696289951359266,-0.015309654145077659
2022-11-03,-0.0024372190071154623,-0.004467962737394078,0.0047711571546269795,-0.0032376655926639013,0.01588385757417907,0.008090988128818425,0.01796717342708605,0.014305717157400396,0.0006162937564336262,-0.004142586791243301,0.00464091272685192,-0.001742745773205027,-0.008950326175401917,0.004964435350230253,-0.0025244822150223257,-0.00412144395280348,-0.0030563614119864225
2022-11-04,0.018582602903941762,0.01383974870149665,0.010261840747712345,0.016560993574478867,0.06850595053729581,0.06390179297439882,0.07604692599188785,0.0666327291316593,0.026903160842834097,0.013802830025083094,0.010277986386216239,0.02020927776538374,0.021365352394632386,0.01025504681955305,0.01582595730106113,0.012755788259409765,0.013769456340413433
2022-11-05,,,,,-0.00020999726714571176,-0.00803866974687576,0.0046657475051890655,-0.0008836898512637804,,,,,,,,,
2022-11-06,,,,,-0.03910438366190773,-0.032308822371142534,-0.035612523206543734,-0.036980464593612226,,,,,,,,,
2022-11-07,0.007644605369874352,0.012105386086017432,0.019667614166963554,0.006528655945305162,0.00012663336940262873,-0.004515281254855171,-0.00368303887295629,-0.0009526465035497569,0.006391610036462397,0.010927993929582236,0.019782893603637428,0.005693407021831244,0.014112897090020483,0.01914392219066891,0.005383594297707826,0.010642764529689841,0.0037097227965927023
2022-11-08,0.0069143443870953196,0.00902232623019379,0.012175139685452203,0.007688896785080562,-0.1167796687963813,-0.10389624584326376,-0.12280472182771254,-0.11356656788116819,-0.013701324476817447,0.007511768124859462,0.01198023702196799,-0.0020039177820639145,0.01501351591611203,0.010460439021285144,0.004347415312577393,0.002780512737815933,0.00485055294927357
2022-11-09,-0.021407365719258113,-0.011542437343231167,-0.025905436536587598,-0.018623115907147526,-0.14533737478270545,-0.14517959395217994,-0.14422847611415401,-0.14329660416774817,-0.042062367229832656,-0.013233027272007224,-0.026417667247133247,-0.028367588800128348,-0.010218978048734175,-0.027938624159989232,-0.0201342207006807,-0.011772484304928702,-0.01770915190734844
2022-11-10,0.049564450163136105,0.023523985253884095,0.013669005473435802,0.0436079371743715,0.15718182435819014,0.14201079594025698,0.16709863246302775,0.15225261861965558,0.06750067919564509,0.02572691557407249,0.01390678104735888,0.051882813288860685,0.023431867137355865,0.014353077427654565,0.04922244325112633,0.02540248726551489,0.04395709566796859
2022-11-11,0.011668351522039638,-0.0035182954529671216,0.00719397534167789,0.007412899068804981,-0.017450224027057114,-0.02316670809161961,-0.015697545224543343,-0.01851490750203806,0.00681525559719018,-0.003339797326905403,0.007363997257927558,0.005015301523302773,-0.006402471779789515,0.008476723340016798,0.009968228577931504,-0.00176653963552633,0.006212125514155934
2022-11-12,,,,,-0.031724200843263994,-0.027946649115495888,-0.03273166507540563,-0.030430023500632737,,,,,,,,,
2022-11-13,,,,,-0.03424062873727751,-0.043191083290739035,-0.04590542776416093,-0.03618319212387339,,,,,,,,,
2022-11-14,-0.008784826109372682,-0.0023635898641050394,0.003613944665473501,-0.008492433036868318,0.023508344251123928,0.03226586794158799,0.022447798644641703,0.022715135630163582,-0.003402631049289914,-0.0025296005817525974,0.003375285016205583,-0.00602166074566754,-0.0005534815895827638,0.002777497834519238,-0.01023387799390586,-0.004112593159883592,-0.010187562867710796
2022-11-15,0.009768660956136386,0.007519925253771403,0.004084058957535023,0.008887786407980915,0.014770586640126848,0.015243372347092811,0.017086540441087816,0.014870869788797104,0.010602315236801465,0.007939331199999362,0.004126629961631116,0.009406943022057218,0.0017725675095310507,0.004295987420697546,0.009649278993588159,0.007928078029305624,0.009028492733925945
2022-11-16,-0.010351341361087306,-0.0012966913529590192,-0.007485209276643366,-0.007238594003152268,-0.018455154464827005,-0.01781490723917615,-0.021588436311153127,-0.017868774460486028,-0.011701976878377254,-0.0015584927667201414,-0.0076860327879642405,-0.00782942525776374,0.0008522760882780869,-0.008199352066500189,-0.008698983273669924,-0.001353046503473408,-0.005865342180954384
2022-11-17,-0.002303154749941374,0.003295388816360381,0.005593935966887698,-0.002095422268097682,0.005198850055400294,0.0017805444490592778,0.014679296535846834,0.005132632060900404,-0.0010528206157177618,0.00260760667173053,0.005594662258287763,-0.001521549736364685,0.004018909360815872,0.00558482718244021,-0.0030670735248062484,0.0018080398487650834,-0.0031124994517107195
2022-11-18,0.005043184604821626,0.00875538557231744,0.002320179950235028,0.0065745723710164804,0.002262774809897816,0.0025558795351229933,0.004181615204857137,0.002649371622391178,0.004579782972334324,0.008641751617941588,0.002339847714096303,0.006406163888541815,0.00865240517436221,0.0017597315829543949,0.005721856076315687,0.008627963965067733,0.007158540389608262
2022-11-19,,,,,0.007957564572855102,0.009863659512554045,0.011042896148446736,0.008780935329758866,,,,,,,,,
2022-11-20,,,,,-0.04097185663900473,-0.038650754069859364,-0.05177967682368059,-0.040207465200381876,,,,,,,,,
2022-11-21,0.0008225379434163569,0.0038529919933466567,-0.00013795202777974996,0.002121650578416066,-0.013766519939743083,-0.009277579206192677,-0.002607362960283321,-0.012505904682882518,-0.0016089717037768827,0.003386386791933889,-0.000318546154582191,0.001063127978260018,0.0027992639583964735,-0.001029991865157074,0.000489206619750458,0.002096337754329215,0.0017256247624058009
2022-11-22,0.014802864627182206,0.009669080728789725,0.017917175057013946,0.013253719661950812,0.03818765204158874,0.022962921293782725,0.042030805562205495,0.035648132599413046,0.018700329196249962,0.010142788799003289,0.01807973441943557,0.014996877761674642,0.009582769392381472,0.018961722982056294,0.013945315225927995,0.00974626384912013,0.012509618576884223
2022-11-23,0.003386155798051085,-0.0002597227355556534,-0.007602960674245938,0.0029112242836966395,0.046008196482222014,0.02648627543390362,0.06093859304796428,0.04300100509498136,0.010489829245412906,0.00048081027648001274,-0.007819275791522725,0.0060885790409340775,0.0005918462516804991,-0.007975064240509967,0.004053171427156178,0.0010735139483301034,0.003781480648962301
2022-11-24,,,,,0.01047953732323903,0.02015234436361076,0.016805948562710227,0.011536963897312636,,,,,,,,,
2022-11-25,0.0007421905149644116,0.0011345701358061093,-3.97556694676168e-05,0.0015056251940982334,-0.006553732974283943,-0.0018609226726306232,-0.010793410602921338,-0.006115925635026723,-0.0004737967332436477,0.0012186478181349357,-0.0001449491789926148,0.000976813354611774,-0.0002519250907706294,-0.0003026041956831892,0.0014418644993475225,0.0007417679130459888,0.0021272272774570953
2022-11-26,,,,,-0.003913906244352328,-0.010015184641491688,-0.0010377157038202077,-0.004140177970125805,,,,,,,,,
2022-11-27,,,,,-0.0016151355296764704,0.0038894636219932643,-0.0039681517853302544,-0.0009299719870411423,,,,,,,,,
2022-11-28,-0.018420829031751164,-0.01039779399697362,-0.0153353879559967,-0.016674134602409525,-0.017932822384435165,-0.016080136079816565,-0.01568034752085732,-0.01716019577466296,-0.018339494590531833,-0.010841064285229006,-0.015370669118831663,-0.016594461656960817,-0.007737576920474403,-0.01626401413006632,-0.018063465038637615,-0.011615620749712039,-0.016541850525654867
2022-11-29,0.004199710872548122,0.0034391200908626286,0.003992446933962739,0.0038997575150427764,0.016379010998877487,0.0158088306584556,0.02028166041327295,0.01606502320963911,0.006229594226936348,0.003416925651238016,0.00402235474501833,0.004798062002058446,0.0033471670004336217,0.004100483018418587,0.003442883818998013,0.002590059142778747,0.002895221667525433
2022-11-30,0.023794226081712406,0.017901914004683137,0.014283175470883506,0.021889479084481276,0.034122282916634196,0.029868813780928895,0.03959781052412339,0.03373015785340267,0.025515568887532696,0.017974947996600606,0.01421330766826755,0.022603679712931608,0.02026300851506133,0.013929997456007717,0.02394610493613748,0.018725724443191597,0.022266007351609544
2022-12-01,-0.0002670937734517386,0.0012290797375959191,-0.0020722544121271175,2.4485663743475824e-05,-0.02010211654273666,-0.019397083828581893,-0.02062631734824006,-0.019306736453630124,-0.0035729309016658923,0.001286842534442172,-0.00216497889063272,-0.0014769632681213027,0.0004339304395962613,-0.002060512891823795,0.00026562515753955184,0.0010480535870815739,0.0005692662944804316
2022-12-02,0.001501582251026135,0.0028605030018347423,0.0010533609045164085,0.0016954589014293122,0.00869650707204106,0.0070823891366823735,0.006006360708338415,0.008402866419310307,0.0027007363878619557,0.002784104648319589,0.000997863930690899,0.002173008378211178,0.002201449525289054,0.0011743279505497415,0.0031573610651634844,0.0027076923489483444,0.003008281824897823
2022-12-03,,,,,-0.019275456071140583,-0.01745120018334634,-0.024630511103203103,-0.01863973884299088,,,,,,,,,
2022-12-04,,,,,0.011134860482354781,0.009007650959245965,0.010134898294205377,0.010218779617452226,,,,,,,,,
2022-12-05,-0.017223212605578294,-0.009004548643934367,-0.009647578748299456,-0.0155790139449992,-0.00187915914782929,-0.003868112279184349,0.0037827280812582436,-0.0019356728536518112,-0.014665870362620128,-0.00946097524351254,-0.009911921822303212,-0.014387928161797662,-0.008045843134586384,-0.00954896585016918,-0.01665574525832043,-0.008637738971303507,-0.014968976127089544
2022-12-06,-0.01234790929014816,-0.009772247525447102,-0.012405698173240312,-0.010098839218763032,0.0064333272466877145,0.0044808013360140425,0.00482378568868609,0.006299476576733446,-0.009217703200675517,-0.009300115823097255,-0.012495406278704352,-0.008570722700405306,-0.007632010050948586,-0.012284881698356518,-0.011542974435144003,-0.009168680503369307,-0.009569881105823633
2022-12-07,-0.0011825738283450572,0.0027027034263864564,0.0047501008009858976,-6.270514108995916e-05,-0.01939734123673914,-0.01958983710197305,-0.02836844530781517,-0.01868811130119193,-0.004218368396410738,0.002584241698546732,0.004606475529473623,-0.0013963939585452541,0.004757504089211737,0.004873592562800001,-0.0009595101378354179,0.0037364280206269485,0.00036521951662833735
2022-12-08,0.007090693516795499,0.004645620125008437,0.002479031158072639,0.005847442174538709,0.02164816239338476,0.02349105089446866,0.027233884745545767,0.021969223635436935,0.009516938329560376,0.004708305192884085,0.002409812509671699,0.00700971095293318,0.0035003890869943423,0.0032628363428059983,0.007005328419298832,0.004691777324569622,0.005915670708138265
2022-12-09,-0.01023016726281893,-0.015087993144467375,-0.016850026125858605,-0.010560167724081242,-0.005385923408072269,-0.008502979676658752,-0.010292814399444062,-0.005349881363489193,-0.009422793287027817,-0.014466261850807583,-0.017297147975549966,-0.010187831158993287,-0.015569746605376014,-0.01681296484962559,-0.011563565832281266,-0.016106343085850072,-0.01190644620740996
2022-12-10,,,,,-0.00041431654895387473,-0.001109546974250189,-0.00042763319053971873,-0.00033089863016742696,,,,,,,,,
2022-12-11,,,,,-0.012363960479477366,-0.012158766465101606,-0.007669634019816957,-0.01216612892121223,,,,,,,,,
2022-12-12,0.01662403157485824,0.007647944063670377,0.009486617640307112,0.015247611494265312,-0.0025423718663757037,0.002316445992018291,-0.001961048054958209,-0.002022471125260085,0.01342963100131925,0.008350353273037054,0.00920081868370244,0.013885585172060323,0.005231305460668299,0.00961336061303347,0.016136147797111974,0.007225708278411375,0.014571303896133389
2022-12-13,0.008769632273229216,0.003349986110903288,0.001752955834524572,0.007401136319230139,0.022912054945997573,0.020630762340635638,0.02523932949200404,0.022575163173210417,0.011126702718690606,0.003282852322698629,0.0020537799771499915,0.00846038212738439,0.0024027582674539774,0.0020788306381086955,0.009162391183099692,0.0033331092216663605,0.007791500269422177
2022-12-14,-0.008793645194072684,-0.00048409360128048016,0.00024419706598378303,-0.007031221737836675,-0.010998918446365035,-0.0033737325969870053,-0.011231192043210358,-0.008729246874047625,-0.00916119073612141,-0.0007610178884459363,0.00019369905819426834,-0.007136851201615344,-0.0011764932991245585,-9.586400650592178e-05,-0.008332541718674716,-0.0001351594392862225,-0.006486841936134367
2022-12-15,-0.021585069814526618,-0.015395984107340879,-0.013981821373698975,-0.019550554631928462,-0.023407715499227398,-0.016950274311475833,-0.02560315686936452,-0.02192221927062854,-0.021888844095310084,-0.015361471217845372,-0.01422965725288903,-0.01954275284432663,-0.01433692382454112,-0.014148744444603097,-0.022171769363871267,-0.015426599537753966,-0.020010550200176377
2022-12-16,-0.009499489174056306,-0.006295347099773384,-0.004356600267304301,-0.008961674414228451,-0.08042107349128047,-0.06447149325953669,-0.08051242212100092,-0.07681919133241927,-0.021319753226927002,-0.0065163482622623,-0.004294076817342485,-0.014233694787881791,-0.006442944560367163,-0.004868755678140873,-0.009052992176372938,-0.005975200414658869,-0.008464500590820883
2022-12-17,,,,,0.014197022017520213,0.017897122035579208,0.011450112189166712,0.015089021796128397,,,,,,,,,
2022-12-18,,,,,-0.006549228491721327,-0.005947072376823995,-0.011109260428699353,-0.0068707981207174265,,,,,,,,,
2022-12-19,-0.006694591923182897,-0.0015078747781839456,0.0005760924901453718,-0.005509133537249078,-0.030900155037951894,-0.024463931945594562,-0.02381185219672398,-0.028795217708498338,-0.010728852442311065,-0.0016871414144303074,0.0004530138974424707,-0.007231084136041499,-0.0013932747625855734,0.000560467891019033,-0.006303694316523209,-0.0011237584531456337,-0.005062617331726717
2022-12-20,0.0031792629903663805,0.0008058513113962826,9.103161564980879e-05,0.0028447486799388763,0.03630442386762825,0.031521826866182295,0.03779621307296768,0.03517954027968371,0.008700123136576692,0.0007758428493650014,0.00018030290655613457,0.005290888402605201,0.0009257090816468896,0.00017654008452396247,0.004276186429854748,0.0011397503269594226,0.0037781930845471293
2022-12-21,0.01783012727777786,0.011468049784501604,0.011218404407520631,0.015773698677100795,-0.0035914987728285276,-0.008002812585366163,0.004247045776720123,-0.004408743902745442,0.014259856269343466,0.011484780626148062,0.011317022059943524,0.014091622930429365,0.012062288966234942,0.011344308898781345,0.017963473244775187,0.010972571437828428,0.015684839883265342
2022-12-22,-0.011582264695177421,-0.004410458307368613,-0.006979760379438359,-0.008806403838306349,0.006183164973579569,0.008231670888218516,0.006139032872457919,0.006643173400485983,-0.008621359750384592,-0.0042672863009333515,-0.007194334317137913,-0.007414030296046281,-0.0053468708827738316,-0.0067154454076802554,-0.011323078432837362,-0.004109236310685239,-0.008586540638266738
2022-12-23,0.007750029854520149,0.004626073750492777,0.008411402099571237,0.0074083955399240385,-0.0010842824716702946,-0.003603653349767956,-0.00405159683036874,-0.0021153580757225757,0.006277644466821742,0.004635183722736933,0.00868884036704266,0.006688968176946518,0.005215633289449781,0.008248502699476594,0.008243659906808861,0.004516244416428886,0.007677298741442877
2022-12-24,,,,,-0.0009345266149806462,-0.0010728785087670625,0.001638704812607349,-0.0004918430965872161,,,,,,,,,
2022-12-25,,,,,0.0003434715730120663,-0.001420192292384896,0.00378128732576194,0.0005064629957735674,,,,,,,,,
2022-12-26,,,,,0.01605461149027626,0.015570235878037738,0.016641909310893842,0.015128696110089579,,,,,,,,,
2022-12-27,0.00026554827864285987,0.0018519425713671048,0.0038868224628663827,0.0017716671927914904,-0.011762568229070092,-0.010772431572861773,-0.013182148914922285,-0.011378792512859537,-0.0017391378059759656,0.00211308156751766,0.003939453799353697,0.0008828340206282373,0.0005180597009907418,0.0036708103521670334,0.0010340747225244262,0.0021539764031209764,0.0022924748870044795
2022-12-28,-0.012808033008290868,-0.010174751998294852,-0.01194701773820214,-0.012275589808738212,-0.027080495320851317,-0.019185962876881357,-0.026144241284134402,-0.024843027130102738,-0.015186776727050941,-0.010241690291821618,-0.01215658452907731,-0.013233034995950124,-0.01093723097361343,-0.011789396488750213,-0.013641599021825386,-0.010310057167908535,-0.012961404089741764
2022-12-29,0.013599359712046972,0.006853123764736074,0.003743943458506876,0.011682669964437863,-0.0006051108231715065,-0.0040924437477672495,0.003231688701163934,-0.0013084688443976591,0.011231947956177227,0.007061845097422989,0.0037663296691122974,0.010527940666330036,0.007323965595857753,0.003918135320240191,0.012956539864033152,0.006064660679428308,0.01102921328628075
2022-12-30,-0.0018817762241893554,-0.000222812672654577,0.0022882953864114923,-0.0021104324210304767,0.000411947255461742,0.00044954630071152566,0.003465254100124492,0.0008350378393785264,-0.0014994889775808392,-0.0003994081074047763,0.002339071905184467,-0.0019547123326843713,-0.001773976353548857,0.002083223799140073,-0.002071382583112102,-0.00041323551360250414,-0.0022163408391753263
2022-12-31,,,,,0.0012423581931927932,-0.0032134513165405333,0.0049707355481278664,0.0008004944375294,,,,,,,,,
2023-01-01,,,,,0.0077556029142964444,0.006637273276306967,0.004519181868144522,0.00759820565516284,,,,,,,,,
2023-01-02,,,,,0.01900434961362503,0.01760957321169527,0.025044189504506965,0.017965753566436038,,,,,,,,,
2023-01-03,0.0022509057491670536,0.001271519267869004,-0.012818554165713831,0.0030932751882739216,-0.0027050635667062563,-0.0019167615316229287,-0.00461345028975099,-0.0026169779241497016,0.0014249108631881689,0.0016863644732162816,-0.013298065524857657,0.002646484167785403,-0.0007523926871159861,-0.014439208165242294,0.0005742549123154263,-0.0003343807279923411,0.0012286646435175235
2023-01-04,0.01842817871949494,0.008997924230166184,0.005315005971800329,0.016276605639232434,0.037039870961805214,0.007663235969863713,0.04980677203268178,0.03060686768961462,0.021530127426546652,0.009125106004628087,0.005138979614203863,0.017174503088349908,0.008969299010287517,0.005706129544530509,0.017190387851076624,0.007180839707020785,0.015019930515668372
2023-01-05,-0.00679763801193668,0.0007968647684068843,0.012641664430996409,-0.00558928554157862,-0.014915270707060857,-0.01261871435204057,-0.0237536910982332,-0.014180913407291353,-0.008150576794457376,0.00019355737423633928,0.01300177421241787,-0.006292496844124297,0.0008916055031620924,0.01208566892440205,-0.005004834018544212,0.0009168983005484994,-0.004308256532726156
2023-01-06,0.023249459158050573,0.015335534665406872,0.019671891799350628,0.021783683113940324,0.023992249899001263,0.008430753498553016,0.03170984289263067,0.01938024238738833,0.023373257614875683,0.01547627490169501,0.019615834102904274,0.021555521370348687,0.015271164172216382,0.020057926296279695,0.02291058974032834,0.015943869918510895,0.02162250617013315
2023-01-07,,,,,-0.0033150493784421474,-0.00021785376782298342,-0.005807716324170746,-0.003048466442942777,,,,,,,,,
2023-01-08,,,,,0.02215294241808401,0.017930655886539137,0.017480039543649642,0.02221106851444018,,,,,,,,,
2023-01-09,0.00017208903132034833,-0.01591923455875547,-0.02124613994548433,-0.003360628026762922,0.0273397797884958,0.022437549367948097,0.01942482745643042,0.026529061201999205,0.00470003749084959,-0.015270528830041378,-0.020670810464912627,-0.0011966293025248904,-0.014704211610032025,-0.01681411012130504,-0.00017519968444931164,-0.015767082236950558,-0.0033451138008805175
2023-01-10,0.0076166049742021616,0.002691631831442255,0.0074415765166177435,0.006484103122662452,0.006023627086972295,0.004455428408726143,0.002787660572579615,0.00602659679461493,0.00735110865966385,0.002916668859260695,0.007419411012326758,0.0063483036500177285,0.0015702691763569035,0.0072305408544100285,0.006801641216956826,0.0023117956260707896,0.005830294245482127
2023-01-11,0.00985384963869968,0.002478152099146201,5.19843214878823e-05,0.008234909311844228,0.029362723562493698,0.03249912079423792,0.03752389672033677,0.029874517222009626,0.013105328625998681,0.0025652555824009823,0.00017356781214838366,0.009884601719110287,0.006827728049323622,0.0012503069723816278,0.009431592819433548,0.002492871539112957,0.008036404589303955
2023-01-12,0.007037757028810944,-0.002951700864744404,0.0029868902190071686,0.004383431455241432,0.0257491107409237,0.030515223713003296,0.015468065975321384,0.025875357256448864,0.010156315980829736,-0.0029869557874876206,0.003592168123629467,0.005859213927380459,-0.0006690128006611422,0.006042340505179694,0.00784877928989762,-0.0030157492235613824,0.005084083021475106
2023-01-13,0.0034311464254617023,0.002657783833840947,0.0023919554871031437,0.0030737175364095597,0.03391595944645198,0.039307646876260684,0.028056842280321667,0.03543450137428408,0.008511948595626748,0.002861953685571224,0.002307259391550026,0.005528803923219111,0.0009549476875237969,0.0016833905838442333,0.0032296509641273155,0.002644870940805338,0.0028673057938001637
2023-01-14,,,,,0.03433883214203748,0.03171118286598417,0.03681118339716267,0.0344402206096759,,,,,,,,,
2023-01-15,,,,,-0.0026764894860901167,-0.002574821347145471,-0.005240058097598935,-0.0022643684916192324,,,,,,,,,
2023-01-16,,,,,-0.0045906479143469235,0.00012296734824793323,-0.004556456316761241,-0.0032795812978858555,,,,,,,,,
2023-01-17,-0.004052224805721268,-0.006758844329476081,-0.007848483303811727,-0.005284991607151295,-0.004905501990651051,-0.0057153948306273,7.253663102659426e-05,-0.005186380330759679,-0.004194437669876231,-0.006954467838601495,-0.007723268853281406,-0.005330514899242549,-0.005735948925034552,-0.007012604542089221,-0.0036422573742544875,-0.005270817239865512,-0.004628762139270199
2023-01-18,-0.015965505018307232,-0.01751166370743889,-0.017108631784785354,-0.016922294226275184,-0.04283574448150235,-0.035204889586745614,-0.04279289749095405,-0.04164111724946053,-0.020443878262173084,-0.01782144763283572,-0.01699050593010362,-0.018955420220873154,-0.017055503803974602,-0.016277660718597712,-0.016296033687517805,-0.018576198566888417,-0.017337568559666002
2023-01-19,-0.007476202030265404,-0.0016877538331159447,0.004209639655310035,-0.005918205036699626,0.023740913258057026,0.02258308863116744,0.022966301059875724,0.02354012093725951,-0.002273349482211666,-0.0020021891226972037,0.004428310683959318,-0.0035342675121029024,-0.002640746175803265,0.004663634043598347,-0.007042417230725976,-0.0019013818972239726,-0.0058123203064569615
2023-01-20,0.015312907836691318,0.00871363180139028,0.0072967915090593905,0.012944128484221133,0.06451981663484793,0.05729095140195809,0.06452886933200419,0.063203275783788,0.023514059303050755,0.008925649300157533,0.0073011682045856455,0.016685098299506873,0.009103948536374525,0.009232189354086772,0.01433749197483287,0.008483663003103919,0.012302459752549984
2023-01-21,,,,,-0.009632871913905806,-0.0043450093225159934,-0.023131428349226813,-0.009037454695003682,,,,,,,,,
2023-01-22,,,,,0.00994362955139263,0.0007661411660357986,0.003841811275935975,0.008314226885769853,,,,,,,,,
2023-01-23,0.011435710954858267,0.002515083358819855,-0.0046915085622864765,0.0078352406641363,0.020945304673450772,0.02914278125886737,0.023125129162767266,0.02122338336817141,0.01302064324129035,0.002577828245595437,-0.0047536906998735355,0.008654784282172388,0.0014135953814533033,-0.0037994077779178884,0.010161083607434921,0.0024373305376442413,0.007128035756924304
2023-01-24,-0.002883421629474605,-0.001996364193697262,-0.005551221834524019,-0.0026204122271194967,-0.041702126622754424,-0.03476990362264563,-0.045246420441975285,-0.04026260557183549,-0.009353205795021241,-0.002277965242034259,-0.0054901863781022485,-0.0055869086755633785,-0.002649287149964134,-0.006694190419363389,-0.003328266069117724,-0.0015344985870323505,-0.0030662903770610063
2023-01-25,0.0018486905394841729,-0.00011530562802935505,-0.0023041417206011248,0.001878703944060276,0.03070596164236805,0.02509824374184951,0.028651028298400324,0.03000060952577388,0.0066582357232981525,0.0005111618712578763,-0.002017497902641384,0.004088430824388425,-0.0017746957989335501,-0.0017235512372403652,0.0012227806799906898,-0.0009131451207465372,0.0010068745764058016
2023-01-26,0.008422064284225662,0.00013698525001355373,0.00982652004404682,0.005852530907538041,-0.0017370736202734992,-0.003554989270666126,-0.007938289747812013,-0.0020579717468613705,0.006728874633475804,0.00032277569467673093,0.010444835880301304,0.005019877710746028,0.001171593577439607,0.013882184175642217,0.010502146952315774,0.0019481624203494603,0.008221824264690324
2023-01-27,-0.0012064818542402759,-0.0053685180767000145,-0.010370959693208314,-0.0019193652393455641,0.01066397815581024,0.010883445421400118,0.00964676956454445,0.011428675777995076,0.0007719281474348103,-0.004869354529965568,-0.010675334325806678,-0.0009025318121818385,-0.0046310450664294395,-0.010145854900426583,-0.0013731774146137667,-0.006242697994921869,-0.002028899471220303
2023-01-28,,,,,-0.008871756409081721,-0.00545686791316752,-0.007812243117055863,-0.008399298965389303,,,,,,,,,
2023-01-29,,,,,0.031850761979637036,0.024842861981626902,0.036177167294955376,0.03029952745643435,,,,,,,,,
2023-01-30,-0.01014423915496513,-0.0036887844372946164,-0.010458696248783393,-0.008044604775605865,-0.04704284596112843,-0.039916037365585515,-0.04408529674600207,-0.04528542153986495,-0.016294006955992344,-0.003980777759444298,-0.010611510879891616,-0.010821275740724438,-0.0035097307245187835,-0.012968898939211639,-0.011467080707853131,-0.004602927122421526,-0.009455030726982236
2023-01-31,0.011922802217140906,0.008048914806700551,0.011887553062735942,0.01116893918963132,0.01970616656237656,0.014276294831279769,0.0182654545413551,0.018434064046248512,0.013220029608013514,0.008243678397566265,0.011933028289735418,0.011734739704288637,0.008409206901535578,0.012031102164981525,0.011433553800672826,0.00845016209984564,0.010926184251460089
2023-02-01,0.006518284067217186,-0.016449600506828907,0.0030021809176065412,0.0018949139792715332,0.025797610005811867,0.02395821668015015,0.032883650950000703,0.02511004696578508,0.009731505056982965,-0.015354753914537151,0.0029225481773579327,0.0034597931196763596,-0.02383564927271579,0.0024656142131001956,0.004296781130909581,-0.011756794952668535,0.0015389692310838615
2023-02-02,0.00015704536703527514,-0.01163918729763062,-0.022682141545905386,-0.002836019091797944,-0.004085517910096637,-0.0040488341901685435,-0.003510606967708862,-0.0037210493294324107,-0.00055004851248671,-0.011547575129495861,-0.02229656720922578,-0.003126436615473302,-0.012384823224154452,-0.019731535447857815,-0.0014066746621400259,-0.01234641033785555,-0.003572353751939105
2023-02-03,-0.012768350780830775,-0.008891065773784918,0.0032542603283101414,-0.0118879656705186,0.013795338410564274,0.007271514098252848,0.014874700514175079,0.012363591083049335,-0.008341069248931599,-0.008630278439712105,0.002792909088015875,-0.009815911071698675,-0.00848220136101077,0.0019274205164635145,-0.012433402552304034,-0.008165115836786137,-0.011888305770620567
2023-02-04,,,,,0.0008217074966740402,-0.0023800224607472644,0.001587974874308418,-0.0001572729162788701,,,,,,,,,
2023-02-05,,,,,-0.021485676165057387,-0.01741945690459753,-0.021652622020512463,-0.019702557891132944,,,,,,,,,
2023-02-06,-0.004594982931553284,-0.0012769168699384315,-0.003921125235378235,-0.0031955730411638607,-0.017506770629490034,-0.015057020562021281,-0.015000045462495252,-0.016781775818603416,-0.006746947547876074,-0.0012160483781730414,-0.004151198246814503,-0.004096580274570737,-0.0012242119046319375,-0.0034447607948669195,-0.002174107291218151,0.0007668249821694362,-0.0009872640293301749
2023-02-07,0.01095346104811467,0.007680236293719492,0.011355110582206694,0.008926722569278494,0.03869117832630642,0.03398277489846127,0.040390308903411096,0.03799235865749612,0.015576413927813292,0.007621251679447664,0.011548842804165817,0.011029503731872396,0.007901028654603251,0.012730575942063959,0.009322507531914591,0.006315277250019334,0.007698272299264193
2023-02-08,-0.009564990182089908,-0.007899338098041876,-0.0015280219223274933,-0.009306415618604793,-0.015035624875278054,-0.010491120918522997,-0.010655438114058204,-0.013096943026855575,-0.010476762630954598,-0.008001790841546681,-0.0016292452888335945,-0.009638340427054984,-0.006703061543886048,-0.0031653377247313013,-0.009370981770964132,-0.008440363192978383,-0.009530459599384429
2023-02-09,-0.009694773106965707,-0.0014306190581176489,-0.004233168563390083,-0.00855646427630034,-0.057711348654223275,-0.05365469029426692,-0.06270859069180373,-0.057293162793756354,-0.0176975356981753,-0.0019658268473786503,-0.00437853883661201,-0.012390376756321323,-0.0026561166850258442,-0.004973345002615329,-0.01048758307789583,-0.0025493704002704466,-0.009590130097753523
2023-02-10,0.0076019262954780615,0.012522252089075194,0.019320071965588978,0.009869251916628755,-0.0009264932442613174,-0.00024000564105947526,0.00270975864755476,-0.0005883849920531878,0.006180523038854831,0.012713403043397716,0.01934906827329728,0.00925500145332802,0.013538957512592962,0.019977336629180244,0.0102376785214975,0.014011844471691771,0.011876122498631615
2023-02-11,,,,,0.011119083825479527,0.006879980212167788,0.011858876190169057,0.010535855346505384,,,,,,,,,
2023-02-12,,,,,-0.014240155531741518,-0.011016172656252519,-0.016133896006435937,-0.013069241922544054,,,,,,,,,
2023-02-13,0.00875099441629904,0.0079363563141596,0.00831944938098463,0.008142222149435904,-0.0031842224978953057,0.004442720158320276,-0.0036822587142560266,-0.001064455579818735,0.006761791597266649,0.007965906312500194,0.008206883412328551,0.007328709833346913,0.00705667851185918,0.006912064053467695,0.007438187907654542,0.006955656466546103,0.0069804899832378135
2023-02-14,-0.0006439293321590832,-0.007560045577362976,-0.0006256492207818375,-0.0031550261266676855,0.029872183904632737,0.021743958603814083,0.031146839301262656,0.028643910863282947,0.004442089540639553,-0.007586010992856608,-0.00015624362602923176,-0.0007716331083827972,-0.008576617992032153,0.0003795797720854958,-0.0019126168828956433,-0.007895561154460048,-0.003819261025904884
2023-02-15,0.00028921341721578126,-0.0001598227780241264,-0.009611183281505103,0.00015367332067787895,0.06536374685986238,0.06548785869840457,0.06352414552710078,0.06587259522054525,0.011134968990990212,0.0002320306965972124,-0.009991508285073341,0.0053208747983974946,0.0007770300778216405,-0.01092784282345863,-0.00011769044619513205,-0.0008215103637242031,-0.0002023095269190343
2023-02-16,-0.013939445741509312,-0.012279647784547466,-0.007962538751002753,-0.012550824032631564,-0.0437863949888458,-0.04110963297389336,-0.040220918024660046,-0.0437422362162215,-0.01891393728273206,-0.012343662735950134,-0.007923200402540003,-0.01495973326630117,-0.012374919272219535,-0.00822341841922282,-0.01268393154505614,-0.011298636951175271,-0.011712976781489715
2023-02-17,-0.0027721399648127053,0.012204951942233987,-0.0003903257172963564,0.0008271278534567908,0.048827886165622655,0.04066406563109717,0.03526016467179756,0.04831331208821641,0.005827864390259855,0.012018002116823611,-0.0005631146256404295,0.004911092838762002,0.011126408317266604,-0.0037778461837908823,-0.0024449280712647192,0.011146147085182833,0.0006250400929943116
2023-02-18,,,,,0.007887810379065564,0.005428869415765358,-0.000651609311564627,0.007021817826017014,,,,,,,,,
2023-02-19,,,,,-0.010708115017883579,-0.010162252821974842,-0.010686597978914428,-0.010177232985788418,,,,,,,,,
2023-02-20,,,,,0.02505276381512769,0.0297854930020211,0.016043393533681942,0.024986596463408086,,,,,,,,,
2023-02-21,-0.017502776074307804,-0.004730904487523358,-0.009612232367485088,-0.0149814116994607,-0.019181955927073845,-0.013670118361379493,-0.023303012675530324,-0.019517805235367076,-0.017782639383102143,-0.004984033000254929,-0.00981284349794749,-0.015151459085196224,-0.0042629242591955,-0.01041894439242065,-0.01696686599590674,-0.005510533569108529,-0.015013800769811023
2023-02-22,-0.005551258644505817,-0.004806883841352959,-0.006714357392045164,-0.005724221174278976,-0.0074326139069554225,-0.008478912336673871,0.000382883051852811,-0.007123365067931802,-0.005864817854914084,-0.0049483223837431065,-0.00677130959516729,-0.00586906637764969,-0.004790642847149494,-0.007734689218448044,-0.006129049485648036,-0.0050120706580747115,-0.006209386348659457
2023-02-23,0.005478965095513966,0.0017241724751993304,0.000516223105314741,0.003006586857672428,-0.011735816425103697,-0.010244389067452574,-0.00610272766282949,-0.010905788413875255,0.002609834842077688,0.0013700272311361367,0.0007414198255816839,0.0017643615971748158,0.002658020340002733,0.002601011195707268,0.004239919051341475,0.0021032031496138145,0.0026640396532219127
2023-02-24,-0.009477223615106892,-0.006762262387821481,-0.006764624499245028,-0.008283704052430218,-0.03497155614609792,-0.0294635104414895,-0.03147036342075749,-0.0338849916572953,-0.013726279036938729,-0.006844191967490889,-0.006693467403237359,-0.010227995216372876,-0.008349429446895023,-0.006929541315962492,-0.008119259301149375,-0.006334874548858348,-0.007244300077186312
2023-02-25,,,,,-0.00247534121806664,-0.0010360735055071541,0.000713973152329439,-0.002258081081388389,,,,,,,,,
2023-02-26,,,,,0.01773477469464306,0.01659503030469324,0.018988663168898648,0.017869315510810727,,,,,,,,,
2023-02-27,0.0017761100564900145,2.789220030402216e-05,0.000587303574537433,0.0010280884687143828,-0.004616748672202598,-0.0039866802407487086,-0.003937368801238095,-0.004366955620605798,0.0007106336017079129,-0.00011955581765473955,0.000634778712259641,0.0005356599787780515,0.0007044579396884879,0.0010103423819269987,0.0015977509165285967,-0.0011093649653208153,0.0007298809775254988
2023-02-28,-0.004292925502667182,-0.009356656123074564,-0.007387299400494518,-0.005524361059640594,-0.012715198199124323,-0.012303176055447129,-0.011689531894993667,-0.012204452719183068,-0.005696637618743371,-0.009033701698848312,-0.0072964031025360195,-0.00616591778931576,-0.00997448564273101,-0.006027998408803193,-0.0048469338720193425,-0.0098246386671959,-0.006097842419679378
2023-03-01,-0.001058031993739652,-0.0006899453585163564,0.005304930278004295,-0.0014996890121305906,0.02613632945537423,0.018745279279830836,0.033962844015051494,0.024937267507140738,0.003474361581112661,-0.000988580865547378,0.005561337955876497,0.000625812134672334,1.5533603679846294e-05,0.007546622485666681,-0.0011118932722093398,-0.004110985122257715,-0.0019501125867097925
2023-03-02,0.011963634596800691,0.006330836010545357,0.0059461445068227335,0.010363655886790567,-0.01007078787286344,-0.011132796521047815,-0.004545681274231094,-0.0098253481765387,0.008291230851856669,0.006358214972595781,0.006111089249855332,0.008628971871881209,0.005081895213242103,0.007981372257758617,0.013256376089319812,0.008538013582484799,0.01184307737289779
2023-03-03,0.013041698662887867,0.00487302090057209,0.010536699982271042,0.011907582538280658,-0.022607444872867956,-0.03075489980261591,-0.018829317450094037,-0.024168523669496046,0.007100174740261896,0.005479468929511714,0.010642617221635684,0.00901806091651152,0.0054277912714292284,0.011114061002805101,0.013333125835811348,0.005692761245911306,0.012428514703593739
2023-03-04,,,,,-0.01880899563048919,-0.010902947335252126,-0.024436642289532975,-0.017249439358466276,,,,,,,,,
2023-03-05,,,,,-0.0019956984813301547,-0.002507357364698399,0.0010964856364456656,-0.0013764048375894502,,,,,,,,,
2023-03-06,-0.0018086637367767807,0.00791338094990526,0.008727607964105441,1.7884182565110077e-05,-0.00392180502006011,0.001490588945982829,-0.007930514840171866,-0.003139854661665164,-0.0021608539506573357,0.007203126433925095,0.008733356290890523,-0.00014476124575078748,0.007784616316567117,0.005272155214173743,-0.002465569688689751,0.006294517345099329,-0.0008777968655914267
2023-03-07,-0.017166087290682315,-0.011377534469446976,-0.01261779255296869,-0.01672458402192609,-0.008894546655637115,-0.00512922111818496,-0.016171908897442668,-0.008693371193217787,-0.01578749718484145,-0.01172927467577724,-0.012715154171975754,-0.016055453352687203,-0.012754438163074311,-0.014783065920775702,-0.01699393881402463,-0.011420930135458827,-0.016947643586807424
2023-03-08,0.003191727051693716,-0.006194831732212508,-0.006174358459476651,0.0008831478984869589,-0.027210303066710507,-0.015079969913807249,-0.03506315129675106,-0.02524803480740726,-0.0018752779680403207,-0.005894818389622799,-0.0059778371248816724,-0.001335398100270757,-0.004136519226183718,-0.003109659145317276,0.004950305367465877,-0.003929433131221801,0.0027230859895901174
2023-03-09,-0.017318717825019158,-0.011722068322499397,-0.014859850413943432,-0.016031767517407442,-0.060623633917362446,-0.06651075399680254,-0.07251439290989256,-0.0628324318743265,-0.0245362038404097,-0.011805344593142596,-0.014999513609233508,-0.019676702107386503,-0.011273447564115191,-0.016713017030130558,-0.01708929132356754,-0.011714924718042627,-0.015881527691508496
2023-03-10,-0.013042274760361034,-0.0031796531272374473,-0.009718957343822252,-0.011179801534284025,-0.004351473976778365,-0.007454446019629953,-0.015382834282483816,-0.005662687801800161,-0.011593807963097258,-0.003238538180987955,-0.010021958067628779,-0.010624188572829579,-0.006056287729667772,-0.014947688975021321,-0.013604385730140854,-0.005226492334949553,-0.01233274431898186
2023-03-11,,,,,0.001832193889893608,0.012868214543461374,-0.0015086795593001,0.004586324285791777,,,,,,,,,
2023-03-12,,,,,0.0674362877377666,0.06184456499340729,0.07978355914844859,0.06786672153761747,,,,,,,,,
2023-03-13,-0.0035160180638044696,0.007050067195578715,-0.00911617723636274,-0.001097031890712502,0.04387682758864089,0.043303328664381045,0.04726321966291569,0.04464894373161578,0.004382789544936424,0.007207729561964802,-0.00925295194401683,0.0026398076377068193,0.010314028729000209,-0.009538241153564652,-0.004329795476110435,0.007702443484799683,-0.0018183310584999695
2023-03-14,0.014545495217757273,0.007244393879719963,0.01026637444488836,0.01245932837666101,0.020163527323838592,0.020192026982604062,0.02017656692876566,0.01910143038042196,0.01548183390210416,0.0073721234438559324,0.010318320200149441,0.012881919169679906,0.006021381514695451,0.00930179836634674,0.016083424430117198,0.007590726121830727,0.013536630475506873
2023-03-15,-0.00968814247115212,0.004011915005974146,-0.022012116107571013,-0.006634465792270115,-0.05192990719788016,-0.041027589724050774,-0.05988336106640011,-0.04860954224106692,-0.01672843659227346,0.003700856409737237,-0.022533716076069032,-0.009907243944606061,0.006208975438100179,-0.027325649882212734,-0.009057598286518469,0.0035245023129660017,-0.0065551861644895125
2023-03-16,0.014200648998945931,0.0018648926797754809,0.0036379460699284823,0.010375290285469877,0.018210966972107202,0.01619583474283021,0.021083552513974445,0.017495748126384682,0.014869035327806139,0.002119754776599071,0.0038578516731534304,0.010737833315794126,-0.001055086806580601,0.005063930420092331,0.016962497268927533,0.0024168165562086005,0.012428971100714559
2023-03-17,-0.01224101224018146,-0.01184420090144039,-0.01895814372842874,-0.012561311943677541,0.06565744021574993,0.05825619680836957,0.06621265195072215,0.0642453961015999,0.0007420631691404376,-0.011415373772250546,-0.0190188442026655,-0.00653117460897901,-0.01273796412739485,-0.016130036691222555,-0.010566384352022003,-0.008832284745651354,-0.010901316771464655
2023-03-18,,,,,-0.022695728368747784,-0.02402306261449786,-0.019644383555703526,-0.023559904281408656,,,,,,,,,
2023-03-19,,,,,0.02849706335215436,0.028910514803335993,0.023873968607501482,0.02823851918939212,,,,,,,,,
2023-03-20,0.011381656021337803,0.012895101764512347,0.021221477907052245,0.01202482927213891,-0.03439950547262127,-0.028015636687641045,-0.04066450395995045,-0.032339116633734344,0.003751462439011291,0.012687153390635635,0.021213174652968722,0.008536853055767386,0.013317377595392109,0.020670991400106982,0.010317946289963222,0.011549290597025709,0.010953309720164976
2023-03-21,0.008352348230895293,-0.0014333249691012911,0.013352649648573663,0.0057108005263450425,0.07619108897481006,0.08735383920835177,0.046365577810935574,0.0740280477190364,0.019658805021547758,-0.0013473089757998489,0.013565032358356923,0.011173591021412759,-0.0048465141621089084,0.016166424462295437,0.008276784492482253,-0.0017804658796516212,0.005718339030474128
2023-03-22,-0.019948754862968057,-0.01492610064896475,-0.01797248846477377,-0.01926700171132524,-0.049332456400027216,-0.060529893025535825,-0.042732061875869504,-0.05228723784378776,-0.024846038452477924,-0.015007653728141484,-0.01813248951488363,-0.021884730632627938,-0.015777359481079088,-0.018994927582931292,-0.01924597437963285,-0.014704771384677856,-0.019019679431281637
2023-03-23,0.0017877909140547074,0.005207249542299293,0.00041800889709325297,0.0010917079860450108,0.04653891872498437,0.04817341431888974,0.06090320061586865,0.048429330402107756,0.009246312215876316,0.0050235887893784106,0.000325699151067654,0.004735409508868903,0.005783865619142045,-0.0003029699322106556,0.002835617894701004,0.004275275974882384,0.0013088406960087865
2023-03-24,0.007631212702629167,0.016523743042567714,0.004930075736421367,0.010115734617772102,-0.027248347242557577,-0.03206851533183662,-0.018050498025564264,-0.027684527972612595,0.0018179527117647084,0.016415288658926594,0.004808413585738211,0.007281790345131116,0.018085716925016534,0.0033969858608352416,0.00678547933288002,0.017110459123710908,0.009588238451903663
2023-03-25,,,,,-0.0020463756958890456,0.012235520276378704,-0.014698732372454693,-0.0005482152195812121,,,,,,,,,
2023-03-26,,,,,0.013712003864556753,0.011354290661647202,0.017326353649822712,0.013375070925640319,,,,,,,,,
2023-03-27,0.004297343942389523,0.005158292585279474,0.011867774565061617,0.004664163039645858,-0.019250616939979114,-0.0029273376683409853,-0.03427095824914652,-0.017622110213808752,0.00037268379532808286,0.005010108714388539,0.011881444878902596,0.0029522520426870443,0.0037599151939554896,0.012081784635022675,0.0038172799926260203,0.0054329263288882814,0.004458026705139869
2023-03-28,0.0015994860897350029,-0.00044855466871977773,0.007075761786771042,0.0016929286448243632,0.029880537619454882,0.028323209420443207,0.01858907489585202,0.028577132090090985,0.00631299467802165,1.61583790865612e-05,0.00730728553137121,0.003954414685104486,0.0002636614244240492,0.007293429785549399,0.0012629754090664833,-0.0002634929803029646,0.0016407267230773533
2023-03-29,0.015570466202065446,0.0068967582243781725,0.006370485556594913,0.013666687947078846,0.02862273797752435,0.031406952314393353,0.018825085703790066,0.028027699277797545,0.017745844831308602,0.007083927339630091,0.0063458343796941675,0.014757818689514082,0.007500669505736614,0.008178853874186596,0.016642882031962382,0.008025588211117379,0.014863706998641714
2023-03-30,0.004909293457587829,0.004316709377770778,0.005908063929996133,0.004322391301566928,-0.0017607590749928806,0.00044149830818978816,-0.00022629265316491745,-0.0010985586665711801,0.003797618035491044,0.004121336826979084,0.005919155324139874,0.003864180719578839,0.005514635002459498,0.0062655129132782785,0.005299383583564187,0.004088229167197841,0.004471549113871072
2023-03-31,0.012455541654871609,0.007078785046369057,0.009895978925868396,0.011619988087839154,0.02249685501481829,0.021637599832760944,0.012586239839847168,0.021885221895288704,0.014129093881529387,0.007407795555136929,0.009933533496865387,0.012386963905982547,0.007847412710249102,0.010550011152932942,0.01231471187312586,0.007497528260154274,0.0116635243661788
2023-04-01,,,,,-0.004093416876705503,-0.005596289716420493,0.004810409650534076,-0.0038594908587344092,,,,,,,,,
2023-04-02,,,,,-0.007162079471210982,-0.010110527146075007,-0.011146502695369898,-0.007518466331618097,,,,,,,,,
2023-04-03,0.006940014431519135,0.00989359084739936,0.021376282536853683,0.007294980758767536,-0.0018588488543411661,-0.001141268044046173,-0.0028825110434135045,-0.0021252451363877,0.0054735372172090855,0.009483011955006185,0.021411065290633025,0.006575571572626465,0.009676154764754558,0.020692961361580022,0.00710936967993387,0.009646803858658657,0.007581317851368102
2023-04-04,-0.0050640905631622185,0.0056194873037476376,-0.007347096983623556,-0.003015533816196317,0.008769344303898263,0.00300351646547055,0.012579211538519664,0.00805608457386777,-0.0027585180853188043,0.005290375305248746,-0.007492609516313233,-0.002086321707203226,0.008692373396791606,-0.004763974680396363,-0.003331606722131566,0.0075595867936015335,-0.001401795580710307
2023-04-05,0.003700067303833978,0.014850421159341237,0.013558582569947316,0.007002978735522301,0.004589962586101926,0.004555235189191479,0.006288040780110516,0.004619319046623077,0.00384838318421197,0.014585313817780799,0.013577772481586335,0.007060543324374778,0.01705375680373028,0.015150759061448306,0.0035563916810683843,0.013775078129006253,0.006745977645035598
2023-04-06,-0.00016101982917674727,0.0004175423452064925,-0.004437067080328767,0.0003196491077680639,-0.008989619099706548,-0.008050880148900066,-0.012837500329128226,-0.008344491812978526,-0.0016324530409317136,0.00042050543007861665,-0.00444596510298357,-0.0003225847432561507,0.000920949910376208,-0.0036030149324042357,-0.0001462588741043266,-0.00047715044021642925,0.00023096627442048973
2023-04-07,,,,,-0.0007157523707202245,0.0013586335371460869,0.0008225051627178681,-0.0004156667098734316,,,,,,,,,
2023-04-08,,,,,-0.007581287504680156,-0.007618584332713525,-0.007435808892458074,-0.007163366833111892,,,,,,,,,
2023-04-09,,,,,0.0085751661116362,0.007954252979377519,0.0061921438045021045,0.008549892204335222,,,,,,,,,
2023-04-10,0.003514247817485643,-0.0014505633484071352,-0.0012220977071028497,0.0020047450047423515,0.023579695263970035,0.023190027268372458,0.02352137582612275,0.023615826937534633,0.006858489058566374,-0.0013987689680139965,-0.0011574808186515524,0.0036466443985185364,-0.00298296336910349,-0.002109614971602,0.0036032660661415084,-0.000915833824380927,0.0021296852202465173
2023-04-11,0.0025692064817885224,-0.0003139300047195666,0.0014430932867604376,0.002336099403730393,0.003822860531897898,0.001562442586979082,0.0011485707241262854,0.0030064605225245235,0.0027781488234734173,-0.00023228336001792702,0.0014229771368773558,0.002428482152676555,-0.0021136552257624516,0.0023200618384811842,0.001994670701466308,-0.0002569741048869189,0.0019806079196944748
2023-04-12,-0.002221933994919998,0.0007715601153075707,0.001762146614802672,-0.0013577669450371076,-0.0047451783135010975,-0.010769492824983667,-0.005883608721836952,-0.006053136981386539,-0.0026424747146835148,0.0006679244303167895,0.00172351855237327,-0.0016575155033725518,0.00041936249680981914,0.0017640996495721921,-0.002465732183310765,0.0010051376504398833,-0.0014905174777791715
2023-04-13,0.00697289572006567,0.008955526865150191,0.009365986405305012,0.007287905628784786,0.023349721921274245,0.011783269052922495,0.022084346538992605,0.02152978436923248,0.009702366753600434,0.008922436648610413,0.009360741093427383,0.008390747550394899,0.009150566531483216,0.00992624564830588,0.0067382647587205515,0.009339086015940906,0.007115190976673498
2023-04-14,-0.005796901834398556,-0.00460310396595078,0.001769747410950122,-0.006005466756035745,0.015352888933841126,0.013992044566225567,0.020565070474132478,0.01524811145569771,-0.002271936706358609,-0.004710389786592467,0.0017719958575010432,-0.004315755329200554,-0.006730511611272219,0.00027353440722075194,-0.005586858962591068,-0.00436387583955521,-0.0058969013467125705
2023-04-15,,,,,-0.0004410469546381687,-0.0030397443873884174,-0.005015032887953064,-0.000679617418699611,,,,,,,,,
2023-04-16,,,,,0.007813593645352735,0.008814411908553359,0.013043778573865471,0.00771655787660493,,,,,,,,,
2023-04-17,0.00501314190495388,0.00033280244971187504,0.0010146061706531961,0.004541600472177762,-0.02395434712794098,-0.022101301187247034,-0.018649669544543855,-0.023472889286544688,0.00018522706613807033,0.0004986945179843388,0.0011333240920804828,0.0022890121658783067,-0.0009069063651562501,-0.0006386430541165807,0.004860170904710656,0.0003337165008258007,0.0044579182410429226
2023-04-18,0.00031857017390728875,-0.002126980639567621,0.0072829839827470355,-0.0006373815772947235,0.020489265638337553,0.023533719253023878,0.022023328399094176,0.02095751165030989,0.0036803527513123322,-0.0021765231372682754,0.0072618066452487555,0.000989702294426045,-0.0009393454400007076,0.005764466727676909,2.9099882254969187e-06,-0.0016278382087846481,-0.0007910904418680826
2023-04-19,0.00215018613987956,-9.656217296338275e-05,-0.001058305923562725,0.002260148076754552,-0.07030638123951993,-0.06004672033514484,-0.07061479069311175,-0.06716220849909589,-0.009925908423353686,8.217824613800993e-05,-0.0011071683893414295,-0.0033464333124607476,-0.0006297696646964113,-0.0018489828482755712,0.0020337655095961993,-0.0006411837704528721,0.001989917226834381
2023-04-20,-0.006963271769652835,-0.006103345942815929,-0.011097505611337202,-0.006998317067696503,-0.016593825169400268,-0.016448843630958155,-0.010388154244076487,-0.016368865142053275,-0.008568364002944074,-0.006206018615531842,-0.010458911437587764,-0.007810630366692023,-0.006929224261067116,-0.019078170181595508,-0.008567476687438779,-0.008448641185172513,-0.008820126789868547
2023-04-21,-0.0010172047667623987,0.005668968718837761,0.011173931422495325,0.0006716292623614369,-0.03625064857068939,-0.031180961537875945,-0.03936463264562942,-0.03481223824832095,-0.006889445400750231,0.005709821142900297,0.010970880619178513,-0.0021069854847586243,0.006384006909199751,0.013399537327278783,-0.0010649651583257537,0.006340022449906223,0.0007571045167437867
2023-04-22,,,,,0.02774681680122651,0.025034941658896553,0.02905164230015944,0.026745934885432462,,,,,,,,,
2023-04-23,,,,,-0.011357535930528786,-0.007324092764727807,-0.008079030928767406,-0.01005783444667788,,,,,,,,,
2023-04-24,0.0017570893495593108,0.001843946370253295,0.0026121291796806817,0.0018057668414528149,-0.006202409007347476,-0.0049258936015432325,-0.004767506314835313,-0.006004416219005063,0.0004305062900748464,0.0019380159739169228,0.0028918624589352746,0.0011730648397083128,0.0014370928747158044,-0.0005930964830726364,0.0005170313202432633,0.0008562692011948442,0.000559709429723918
2023-04-25,-0.014954209205319133,-0.0014299955773474228,-0.007901905431708654,-0.011712890473676504,0.01686722061882369,0.01468746571570468,0.015530010573346333,0.01618020560945197,-0.009650637567961994,-0.0023518110071219416,-0.00778221804325578,-0.00926277373983787,0.0003116922321528354,-0.006945907932158176,-0.013754518827811018,-0.0009250723835853814,-0.010520447314974243
2023-04-26,-0.012476823412631973,-0.01932039875638598,-0.017306412668801827,-0.014346126118270141,-0.012759860883439278,-0.01242316802337256,-0.016302684376490694,-0.012087033938434213,-0.012523996324433184,-0.019177105513736362,-0.01706974072721083,-0.014341391937691772,-0.01986111488289597,-0.016956341657181358,-0.012223448090279273,-0.020513177665583516,-0.014247488823330028
2023-04-27,0.014661913021796058,0.004157122291790457,0.012463336302785556,0.012576662099252506,0.014932648311098052,0.013887128513945236,0.016608568308367655,0.015038051541938878,0.014707035570013058,0.003972335428949818,0.012386223084665507,0.012570718909666224,0.012438625553255908,0.012713325820410468,0.01567236046280108,0.005453160228901342,0.013741919031704788
2023-04-28,0.009482238561268225,0.0036256139217396917,0.002972085580044678,0.0074668703935398375,0.003736322462608444,0.007682662341753839,0.006439005289561695,0.004297044596772685,0.008524585878158257,0.0034809139573722223,0.002706973372513163,0.007125451235173498,0.0019154954833288614,0.0025960491527429563,0.009697659253716883,0.00408799445590834,0.007592578161850359
2023-04-29,,,,,0.005886241885930077,0.008513144750273191,0.008258105714401177,0.006392277069986659,,,,,,,,,
2023-04-30,,,,,-0.013803832708956977,-0.010774531501573356,-0.016824902105929265,-0.013075216059573923,,,,,,,,,
2023-05-01,-0.0034225665792960943,0.0008652517649530194,-0.001526998544857793,-0.0028201534856774997,-0.017095930932513506,-0.014571356414768179,-0.014500227578906136,-0.016171844703961376,-0.005701460638165662,0.0006403929982921508,-0.0010936154604529373,-0.003900374614240119,-9.632329875882941e-05,-0.0025228457195622888,-0.00432579665728201,-0.00022303756261602464,-0.003781901418665316
2023-05-02,-0.016682054474223173,-0.008518939375720846,-0.007202851171036804,-0.015491105976398164,0.01303856664680343,0.013343237408983305,0.010508560187832782,0.013252393115611646,-0.011728617620718742,-0.009187269655875862,-0.007109809114333017,-0.013185072881878344,-0.006832572349622697,-0.010069986417026998,-0.016914482438232875,-0.009302199953499379,-0.015837482776207466
2023-05-03,-0.012217496177713012,-0.00889226108330056,-0.023667364727568724,-0.010779183971730905,0.007033688642077719,0.003967774089834813,0.006048967152103029,0.006512127795304639,-0.009008965374414554,-0.008761188148290031,-0.023636154966555564,-0.009253680935068873,-0.015736808045266518,-0.024783776471071394,-0.012539626419886476,-0.008188573936765706,-0.011213909366629513
2023-05-04,-0.00535128995258921,0.0004511315586410122,-0.0106154905624566,-0.00401835629692532,-0.010527365221955643,-0.00609280037104571,-0.00491004193899286,-0.009497823344808346,-0.006213969164150281,0.00020932015280426342,-0.01056267025215319,-0.004431378164777966,0.00327749948426782,-0.009600010830913368,-0.0037802501761238726,0.001977028084420308,-0.0023425764419565697
2023-05-05,0.017515249613176284,0.010935730965944229,0.01528130629957799,0.01562292381624259,0.020691646115858102,0.01753907329599935,0.0162045101429843,0.020684634353546807,0.01804464903028992,0.010948875315790451,0.015374505603916531,0.015933507588945357,0.01322748917709549,0.01658229750124589,0.017408772827756398,0.0109902144451616,0.01565040889876303
2023-05-06,,,,,-0.029721123498456306,-0.021663777633030602,-0.0278379868451704,-0.02817013676418555,,,,,,,,,
2023-05-07,,,,,-0.011481109989431837,-0.011275632671509097,-0.012554426572375293,-0.011658007344014534,,,,,,,,,
2023-05-08,-0.0006943661313251725,-0.00046321554147875664,0.0003801063553292786,-0.0013580083814675402,-0.03585792627868483,-0.033588199203712976,-0.036131972417918476,-0.034703040744239584,-0.006554959489218448,-0.0007238918995373466,0.00045426413715760625,-0.004196908619359661,5.476104117224092e-07,0.0006542744159809265,-0.0008346038791573592,-0.0003239521718384641,-0.0013596490746437735
2023-05-09,-0.004258718762879401,-0.004501042628821268,-0.0017575715350482376,-0.004051774924031411,0.016064871833109975,0.019796797675659956,0.012596907923798204,0.015207197493008423,-0.0008714536635478394,-0.0045209564490742305,-0.001877568330159765,-0.0024154267067835987,-0.004114989081144119,-0.0021035120548438617,-0.003952669939932899,-0.004600818285842334,-0.003750891728788394
2023-05-10,-0.0017783329876314966,-0.0006131577944140281,-0.005870419016048803,-0.001508625495756867,-0.0016382682780426996,-0.0065071705582473004,0.004906903121314765,-0.0016758523157143824,-0.0017549888693666974,-0.0007950334200364005,-0.0057287296360907375,-0.0014947065143459319,0.0008771541594472536,-0.005460447835095946,-0.0018629228485943022,-0.0007355287773427267,-0.0015309490987112826
2023-05-11,-0.008972948417903203,-0.002514871370788219,-0.00426949245095057,-0.007819429907671788,-0.02088555232312441,-0.015721917212577045,-0.021487234319439847,-0.02040011619989486,-0.010958382402106734,-0.0027519838096940353,-0.00422505142948695,-0.008734538391739221,-0.004619997903721223,-0.005999273117991407,-0.0102920642612113,-0.0023950773375466076,-0.009086126910215717
2023-05-12,-0.0008388740546909411,0.0012383941722116784,-0.0025797945563808826,-0.00017022451687686793,0.006633145413243957,0.006020929828440625,0.006695122945219641,0.0068255127933230745,0.00040646252329820854,0.001101106769640388,-0.0026287752814434942,0.0004172276849930263,0.0008918531061200092,-0.0018588051425823422,-0.00039862431126401476,0.001528100832296776,0.00019670922989994564
2023-05-13,,,,,-0.006690148368844429,-0.0058641254969447,-0.0036446686506736038,-0.006095767604811845,,,,,,,,,
2023-05-14,,,,,0.009488724033330365,0.008838891657124034,0.00941711534762088,0.009056205818627962,,,,,,,,,
2023-05-15,0.004566875681341905,-0.002946774224060973,0.0071030149342789966,0.0024672578694359595,0.008324650956111013,0.00823592492801073,0.015735912354789605,0.00840905845516818,0.005193171560470089,-0.002761762193804286,0.007220346167617223,0.002785855028123801,-0.0026379269950655873,0.00723931763382946,0.003581508361330016,-0.0029124628682788267,0.0017997051309239826
2023-05-16,-0.01596931677803586,-0.016005573499757814,-0.009692549876688428,-0.016624169395017086,0.008422101567971952,0.00721775326223135,0.012413738443529762,0.008022772949044334,-0.011904080387034556,-0.01617882251682848,-0.00949475406331931,-0.014604514535597045,-0.01558798024923303,-0.011816163398371776,-0.017386231881871078,-0.016812932498107447,-0.017874556829522128
2023-05-17,0.012319075380388223,-0.0008249726053229674,0.008892693729504431,0.009369972678633848,0.014914573072979952,0.013174415126454776,0.019455225816745036,0.014397799728034713,0.012751658329153513,-0.00034070162775570674,0.008955743153761787,0.009670189389691424,-0.0017633595240035321,0.010609442256977209,0.012131682409357115,0.00024130298389180395,0.009542665407170232
2023-05-18,0.005885373981134901,0.0011551315738550889,0.0027433915843123346,0.0035134085372261186,-0.011625633084243761,-0.009503905541093483,-0.010585229176004981,-0.011511058002220555,0.0029668728035717913,0.0009050789580788689,0.002985162645637914,0.0021142105983248095,-0.0003045891715476245,0.004461696111131451,0.004768210722871916,0.0006301447386021391,0.0027931986117704934
2023-05-19,-0.0024750102388178584,2.4444711177718707e-05,0.0026701097081572632,-0.0015670143898605902,0.003288349523594647,0.005843352234037877,0.007070333327821072,0.00363181096482258,-0.0015144502784157745,4.3556510060167796e-05,0.002564806129632506,-0.0010598935751155805,-0.0015393075683650397,0.000822222054222276,-0.0023939102291697894,-0.0008570330186539295,-0.0017061792628269444
2023-05-20,,,,,0.0049119396708774635,0.008910652469160835,0.009568934262257777,0.006162475721718525,,,,,,,,,
2023-05-21,,,,,-0.01066502158510212,-0.004266330511618092,-0.005355302316687108,-0.00841818675005317,,,,,,,,,
2023-05-22,0.000673317462929217,-0.00527186685868737,-0.009114766329488494,-0.00014823077531851358,0.00852947908232017,0.009088235668290123,0.011147499575597915,0.009589961353326733,0.0019826777328277086,-0.004796422698421676,-0.009059290557671518,0.0005890945717374567,-0.004246721135507133,-0.008204799688590494,9.825353214531511e-05,-0.006306734449644753,-0.0006998178237786605
2023-05-23,-0.007158860298573353,-0.003868497849905687,-0.009997089783406068,-0.006677400903814544,0.008546689643816751,0.006795953526656216,0.008068735293567109,0.008395666531907877,-0.004541268641508335,-0.004057623891200839,-0.010171249457544393,-0.00533786924734483,-0.00688740724851823,-0.009643099180090667,-0.006690377972824124,-0.0027141971847602373,-0.006120554763177015
2023-05-24,-0.009243029757406198,-0.006751510094006649,0.0011111285500835994,-0.008878424675152739,-0.02931162757569497,-0.028042421415941814,-0.03425776145945264,-0.028853637413043334,-0.012587796060454327,-0.00683480531817328,0.0010155192986347763,-0.01049270320957805,-0.006221486048168312,-0.0008114083694739146,-0.00942255478102388,-0.007289950910943496,-0.009131317532883846
2023-05-25,9.278741905413969e-05,-0.013386929662397087,-0.010151566965166817,-0.005695595117402355,0.0006137923240644661,0.002393171874482958,0.0014732686077080586,0.0008592070501156381,0.00017962156988919186,-0.013448469890428106,-0.008595144479246098,-0.005464653391515349,-0.014836280603933437,-0.008332685512847226,-0.001215138310462451,-0.012672727237980567,-0.0060087803680830545
2023-05-26,0.00866367468365841,-0.0007427816190694559,-0.0022861273763109522,0.005692635013371794,0.013862260516455062,0.008111727523198699,0.0103448772797371,0.012140555106533227,0.009530105655791186,-0.0007454908557475594,-0.0020959711852095676,0.006050441771806755,0.0004886672307123531,4.104978322386056e-05,0.007586368490953249,-0.0002808792937379278,0.005188354883120651
2023-05-27,,,,,0.008685536718812826,0.00957988186391816,0.011728093578132287,0.009198056951043731,,,,,,,,,
2023-05-28,,,,,0.02725699349392983,0.02099540503940205,0.024864673934438232,0.026371794340369473,,,,,,,,,
2023-05-29,,,,,-0.0063216406445530515,-0.00438341052635639,-0.0042711763871373445,-0.006574424683512287,,,,,,,,,
2023-05-30,-0.0018190711166541516,-0.003654566777801858,-0.009328975917604796,-0.002749540052691292,0.009550061586042526,0.01130255153207969,0.013408244178786012,0.00952715408334455,7.578433379529505e-05,-0.003844811870604457,-0.009098323645406229,-0.0017506945783628425,-0.003306303501008444,-0.0077082083184999315,-0.0018970924268032487,-0.0033644121288292474,-0.0025807295880059125
2023-05-31,-0.004663092855496197,0.00678400928471827,-0.0017110197889229218,-0.0017029368863533034,-0.010968334133005764,-0.006989364600225265,-0.014928059487223323,-0.010856529140483934,-0.005713966401747791,0.006498564566569022,-0.001942369334619484,-0.0023170909813359326,0.00821347747397426,-0.003511071706338869,-0.004774455929051065,0.005695039722634724,-0.0022296046214323527
2023-06-01,0.005148317863618266,-0.002280040360452723,0.01599331122019934,0.003033847956970166,-0.00700504803598222,-0.009419737114505486,-0.0009956356049730885,-0.007325571661375761,0.0031227568803515173,-0.0023542365764117152,0.011741177766175746,0.0019197468746403065,-0.0005174998807318422,0.013978873957004216,0.005503100591646991,-0.0030266507467164453,0.003439017479551911
2023-06-02,0.019500197664424103,0.010042774724255892,0.011519538760150352,0.017601193834837738,0.030470134154125517,0.03677202487258709,0.04014595753490768,0.03502232305076856,0.021328520412707667,0.009589264336745887,0.014890780683744748,0.019121890649057175,0.012354658098132649,0.012420420125822194,0.020146563453272613,0.010412049403537196,0.018114052494177885
2023-06-03,,,,,-0.0032645391579624763,-0.0048349504874028,-0.005073266067804226,-0.00389499047320124,,,,,,,,,
2023-06-04,,,,,0.0019090477931811849,0.0015210296583227107,0.0026576105188586443,0.0015475078559718386,,,,,,,,,
2023-06-05,-0.005896949385171215,0.002003131010193093,-0.005049643929646654,-0.00404254085797242,-0.055567419705904994,-0.049515579323998124,-0.052423932434714486,-0.05388059096945377,-0.014175361105293511,0.0018902304912610825,-0.010895146840099075,-0.008323345666864969,0.0012668966661316605,-0.004632191080003253,-0.005809493606800182,0.002485501694784623,-0.004062380726393404
2023-06-06,0.004403184679716093,-0.0064381244082010155,-0.009452603745928729,0.001687690688435752,0.03446928333226702,0.029459862442887397,0.029486871077230893,0.03238410784311581,0.009414201121807917,-0.006359384085870601,-0.0031417058279626254,0.0042496295473623295,-0.007342063251405953,-0.009712571578227741,0.003695516366936029,-0.006501799650674028,0.0009987647196603353
2023-06-07,0.008253330916676531,0.0015197823358113216,-0.003752279575431799,0.008140721643368177,-0.03397566127408609,-0.03201812765530419,-0.02584609716186843,-0.03288882781913282,0.0012151655515494277,0.002101670831038231,-0.005522148621482318,0.00468098427718058,0.000588310607855384,-0.003377518380369688,0.00917360065693717,0.0024924822429334666,0.008730242354546912
2023-06-08,0.004105881849056212,0.006472930845720465,0.01864134413885811,0.004424094777486277,0.007310911144695708,0.004583965807877311,0.00549360460274884,0.007242243477631945,0.0046400533983294604,0.0064924066405817,0.016805263535663105,0.004665015489598472,0.00778297223865913,0.018444202743055582,0.002789191557758639,0.005908977085343853,0.003380693625689211
2023-06-09,-0.0028027315168983645,-8.662958983949997e-05,0.0019243036822269347,-0.002883471013187107,-0.011508540340358878,-0.016484469379996168,-0.008644183392926164,-0.014890147302376486,-0.004253699654141782,-0.0002811788439617226,0.004898199001242694,-0.00388791448639971,0.0008364599373958401,0.0014788239715173956,-0.003774005238478296,-0.0002096439695377021,-0.003597336666775542
2023-06-10,,,,,-0.08270980281888682,-0.05694554383031063,-0.0759875194898228,-0.07685276182079838,,,,,,,,,
2023-06-11,,,,,0.0016502033140609273,0.00577724914519715,0.00796728332828842,0.0024853627635542572,,,,,,,,,
2023-06-12,0.0052286646422442075,-0.002402512869838719,0.004210828436350035,0.0031567571490803683,0.00048789843885728136,0.002529402421716183,0.003489476110524326,0.0011909751648079912,0.004438536941679719,-0.002196179751086578,0.004239034143863204,0.002770363077943053,-0.001434092079947178,0.003646880676445698,0.004468113243053049,-0.0026417939761748024,0.0026377219356686645
2023-06-13,0.007318719029048488,0.006098948290073863,0.009437268561930149,0.006438444033408201,0.0022993820597000175,0.003190438645193022,0.0009958458063858357,0.0027106773366403973,0.006482162867490409,0.005890956895551445,0.006135893783666956,0.0060486543750487365,0.005170633733368574,0.009162181802669343,0.007872664893758331,0.006065774916564071,0.0070124500435916745
2023-06-14,0.00012724349296770363,0.0007469337685931344,0.003107056825675067,-0.0007006147856773499,-0.0431723460804432,-0.03700837745925902,-0.04592655333238593,-0.04117364072896512,-0.0070893547692674475,0.00025654254634535726,-0.008730501138621595,-0.004403481879563999,0.0024405377289924133,0.0029869031307631698,-0.0004518914551665176,-0.00012764427338945452,-0.00119202747883126
2023-06-15,0.010003512200136698,0.010103038750602714,0.005885446140685458,0.010632960477905583,0.005789103691559106,0.0005723496917471116,0.009722560656497048,0.004734658351844518,0.009301110782040432,0.010415762807072576,0.005286294972615372,0.01015792160737223,0.007561459381031677,0.006435895764266561,0.010000155911917706,0.00952795572431336,0.010563501657711995
2023-06-16,0.0005502064556709694,0.0007753932095539597,-5.8144365958598865e-05,0.0012605086557003651,0.011168012818247086,0.012311656715326995,0.00959135146667224,0.01041740090601767,0.0023198408494336555,0.0009345397867601711,-0.0006842390241757406,0.002098291530947267,-0.00010122513587050542,-0.00016949410520216373,0.0001100469785125321,0.0011459277737818055,0.000851030899443593
2023-06-17,,,,,0.00953205851289305,0.011773654724732168,0.009568057136400564,0.010152594612203948,,,,,,,,,
2023-06-18,,,,,-0.005460914609440515,-0.005831100966616732,-0.0023446044852417835,-0.00624187695747729,,,,,,,,,
2023-06-19,,,,,0.006550246328475962,0.006511484532140415,0.0063286407076142935,0.006244557364377951,,,,,,,,,
2023-06-20,-0.012622406708579165,-0.007776786191552958,-0.0062539431491332185,-0.011628103207867951,0.027151896154307277,0.02899329377274261,0.020991224616245342,0.026609788690052514,-0.005993356231431425,-0.007780798636499839,-0.006017524885934417,-0.008208916027806872,-0.007077122745843634,-0.006461438467732705,-0.012797187789668823,-0.00810514890375117,-0.011750563921926435
2023-06-21,-0.0031648906733249046,-0.0019625688359088365,0.000608827214852789,-0.0017569160823364943,0.06914386829461867,0.06869682654823453,0.043980888140762876,0.06620348450475236,0.00888656915466569,-0.0019273477672926873,0.0032076945965701636,0.004391653590911924,-0.0015121079859822353,0.000435119675336627,-0.002671513339714526,-0.002358642028811176,-0.0016378928462877681
2023-06-22,-0.005592422870120341,0.00726332908030613,0.002350190422956173,-0.0035537273425635387,-0.0036441032838237077,-0.003463293460726999,-0.005024527349255349,-0.0036561525945073272,-0.005267702939070903,0.0067108296969234605,0.0007785226028061544,-0.003498896426180777,0.00799362093798404,0.00269622199984434,-0.00589962013337606,0.006823557262520559,-0.0037381660983812084
2023-06-23,-0.0072595814398227175,-0.005689411370715368,-0.005513195805559828,-0.007266256393551402,0.0747016117794201,0.06709384709406616,0.044496725984992776,0.06862060175047921,0.006400617430051086,-0.005830081307886181,-0.0039484854743122915,-0.0005243805329965519,-0.004465852254269481,-0.005449310405382909,-0.006694009448595018,-0.0058516811075317865,-0.006672853504310301
2023-06-24,,,,,0.011652634564868593,0.015913941777026992,-0.0059474141125128105,0.009849140107158823,,,,,,,,,
2023-06-25,,,,,-0.010868836642279278,-0.005895751089504051,-0.006901998881116288,-0.008179917911574531,,,,,,,,,
2023-06-26,0.006682503230795585,0.001790835283362495,-0.009922298191494044,0.006286369055273257,0.005978334015964882,0.01228994842233573,-0.006757778090505015,0.005948625152658817,0.006565141694990467,0.0023533987800292786,-0.010909536665799366,0.006217887332105857,0.001658614805583248,-0.009359361369329973,0.007690000358667709,0.0024866573493453653,0.007002350090635944
2023-06-27,0.007222896182025429,0.0028293286568671036,0.007193029428251642,0.00507639751390792,0.02263140143154352,0.03370362240785773,0.009343831128182744,0.023215533586317366,0.009790980390278444,0.002657347978214164,0.00743089925913115,0.006486963387904679,0.0038282326744787866,0.006417471035741173,0.007185420241609232,0.002523271692637628,0.0050970359324269835
2023-06-28,-0.0017040372863230946,-0.0031404065619230195,0.0013072659925326643,-0.002153915831619793,-0.03996466241134235,-0.026528318411374055,-0.03991489485662546,-0.03658647112688534,-0.00808080814049297,-0.0030784396722886814,-0.003293455551630126,-0.0052434417081695505,-0.003850301564130889,0.0008694929031539554,-0.0002898436218287492,-0.0029454948630931012,-0.0008635223965117813
2023-06-29,0.006333876012833469,0.00019026592583558182,0.0014571091181098984,0.005685110792289736,0.029699728716752083,0.030554582489874832,0.018551690424989095,0.028238029734725018,0.010228184796819903,0.0006373469610387353,0.004585551941276423,0.007680402103296613,-0.0008151361104342588,0.0016730649762186267,0.006456527419735699,0.000978926240885586,0.005851178601217822
2023-06-30,0.008314033679412117,0.0069268695687522575,0.01771374694285196,0.008362011263564869,0.09404904955033086,0.07006061543379258,0.10114568700729301,0.08555437006709696,0.022603202991231905,0.007224240711917058,0.015020764497309576,0.015417613600060212,0.007837327854258624,0.01709455960329199,0.008025896879072455,0.006493537295293241,0.008107796387181544
2023-07-01,,,,,-0.0018449409424392104,-0.00253556081522764,-0.01080496546201493,-0.0009185009065268636,,,,,,,,,
2023-07-02,,,,,0.005238620849933817,0.005156431290970849,0.02116465060575809,0.004259516941640559,,,,,,,,,
2023-07-03,0.005677130992006777,0.0037885586996936954,-0.003110623543780195,0.005261120304489104,-0.005122109370999129,0.0024034441419486176,-0.010073632900087068,-0.0022164856298879055,0.003877257598172458,0.004427465431604645,-0.005512066169689129,0.004508823877561961,0.0025773726114614007,-0.0021675486810256274,0.005792959760342576,0.003972650887011974,0.005512746337045026
2023-07-04,,,,,-0.01944257981250476,-0.013229057778062353,-0.020513687669372126,-0.017522068414743134,,,,,,,,,
2023-07-05,-0.004240653464778886,0.0020365243519201294,-0.0003995305637753385,-0.0025303348376432317,-0.015160100684215774,-0.01533533161020778,-0.011676012478556356,-0.014366362879269828,-0.006060561334685033,0.001972063110035773,-0.0010525064746867727,-0.003426517344910015,0.0003221046654385697,-0.0004155957842781295,-0.003100652451190243,0.0022108678636087917,-0.0014085403641161797
2023-07-06,-0.012084138933912192,-0.008499056525263046,-0.010033070252771835,-0.011757819884966927,-0.025132335253464935,-0.02450707945096411,-0.02488030067015813,-0.023425759991752917,-0.014258838320504315,-0.008417911905869735,-0.009136147310451752,-0.012829883911817353,-0.008827972210637958,-0.009884245653506854,-0.012563422772707153,-0.008721793856069988,-0.012205873926657054
2023-07-07,0.0006819149565187499,-0.012966372818625189,-0.005464896706289718,-0.0019694163889785983,0.01796298117539279,0.015757639428512,0.014061388355406204,0.017714864160272428,0.003562092659664423,-0.011386573406726849,-0.006300107375425077,-0.0003362034192814777,-0.013290679458764155,-0.004300194086138199,5.214243226695978e-05,-0.013212522220485124,-0.002467942327196736
2023-07-08,,,,,0.0015316509312837683,0.00986777225679665,-0.004964808777589685,0.0034489507412975547,,,,,,,,,
2023-07-09,,,,,-0.013726282828247383,-0.014333574259082223,-0.013331039830086249,-0.014401734232541116,,,,,,,,,
2023-07-10,0.004779669698334352,0.001826805841513221,0.009499397592474902,0.004353082415495181,0.012686976892272451,0.010311518377557654,0.01663527896030597,0.011547969736483154,0.006097554230657368,0.0019542162595557627,0.012122104710754072,0.004981043537428866,0.0023425001830227566,0.008802081674058571,0.004614815156596553,0.0019068307280272357,0.004046275272798565
2023-07-11,0.014211688018259465,0.009248976268699763,0.0033873956806041708,0.013063582289161709,0.00029969873734785307,-0.0002786126997706673,6.0717282890361806e-05,0.00012926294242151084,0.011893023138107528,0.008742966290397242,0.00100784241656287,0.011727216722880017,0.009870630879238005,0.004557750346598285,0.013983289050558411,0.00803443275448787,0.012887177535769453
2023-07-12,0.008237350960354339,-0.002001907750921521,0.005456276196593345,0.006682673082179461,-0.004325411937046787,-0.007548407256506275,0.0017414884727111981,-0.004203338440236867,0.0061435571441208195,-0.0012055241026521525,0.005815256260192765,0.005624777719195935,-0.0029796054446971057,0.006455400524263019,0.008283893324316113,-0.0009592156192394504,0.0069716759436539025
2023-07-13,0.005613289998631371,0.0012238364799455953,0.0063887476649667095,0.004314416980960526,0.19549932848969684,0.27522165366887547,0.14385299045095026,0.19696833644843542,0.037260963080475606,0.002606545857017034,0.035135069311088306,0.022047413266791452,0.0018735798409174496,0.007227771376643799,0.005705699004851305,0.0012817622768763917,0.004412273041664703
2023-07-14,-0.006609687433745771,0.002033582465875163,-0.0010918544716791887,-0.00509968622189263,-0.06154752460039317,-0.0710640979697812,-0.05385747385440812,-0.060116739270824476,-0.015765993628187,0.0005988582761782239,-0.00852033667556223,-0.01007266431103647,0.0006352925620448969,-0.002249386216795805,-0.006131748368371031,0.002372319603209234,-0.00468766734733219
2023-07-15,,,,,-0.01001040605553859,-0.012121724625173531,-0.011039313045512575,-0.009107800422515609,,,,,,,,,
2023-07-16,,,,,-0.005380767728361047,0.0030059140599156837,-0.0008926405971728477,-0.004275358800576284,,,,,,,,,
2023-07-17,-0.0035596088175880564,-0.0052034455910267745,0.002371226518907037,-0.00507231707683877,-0.004097995284557189,-0.008502655228085966,-0.010821076237614921,-0.004490388406947781,-0.003649339895416245,-0.005647374510105676,-0.0008737954795486191,-0.005201402449242066,-0.007768794458494836,0.0027165098254337884,-0.0038973339041712186,-0.004279774987026697,-0.00539632429957715
2023-07-18,0.005936202752823029,0.0014613208236920142,0.006226277955324378,0.00486673954628979,0.0006437713452430403,0.008634452329678077,0.004991647350703227,0.0016042280074122913,0.0050541308515596964,0.0014754975825800347,0.0077878872351959,0.004554080136356619,-0.0006360747358976052,0.006070667790496447,0.004646341000215351,0.0010771779396313583,0.0035269117522005464
2023-07-19,0.006037952272526241,0.007458362249050619,-0.002642592096614502,0.006537867767738286,0.029475186809692955,0.05076512492846272,0.009440536841150059,0.03066441672069158,0.00994415802872069,0.007511983938155169,-2.976316190520141e-05,0.00887123638970027,0.007367497924406089,-0.0023162232095087117,0.005974363446485416,0.007478563104469078,0.006553385670204694
2023-07-20,0.0017480758015509055,0.014889570597725124,0.007049013088817611,0.005178434868149451,-0.0002528017318526698,0.0023143469142142426,-0.005233305537197112,0.0004145022426844066,0.0014145962126503107,0.014544931659649265,0.005863166539201117,0.005127985028959803,0.014116438187417044,0.005829912808700079,0.002602215647229976,0.014815927696394202,0.0061587043442175365
2023-07-21,0.004489892359851595,0.006021808691416673,-0.0018302327664556708,0.005661946557788451,-0.0015039225025845092,-0.010317357238054041,0.0019711629856718526,-0.002595885417459705,0.0034909232161122444,0.006157402860401578,-0.0011240224699987852,0.0050038362519853165,0.0076411241247311456,-0.0022967671627943664,0.0053707808130647435,0.005789349526525479,0.006480327374161417
2023-07-22,,,,,-0.012805089144875936,-0.0058101543278769215,-0.019887553462221,-0.008875520970996923,,,,,,,,,
2023-07-23,,,,,0.013126348690180534,0.008225051551987368,0.016947564413319797,0.011387955199759783,,,,,,,,,
2023-07-24,0.005464941830862186,0.0017170622030757568,-0.004355473896247506,0.004297447007786112,-0.03911088820428194,-0.040556022167639344,-0.03642209686038664,-0.038278374005099314,-0.001964363174995168,0.001125626826930824,-0.009788836928985557,0.0003164171211610164,0.00042115976037435544,-0.0022295225047043268,0.004889076664251337,0.0019542730679780688,0.0038851374931302795
2023-07-25,0.0034160131953540488,-0.002556090378803943,0.014647910385902003,0.001957148119414169,0.0004515707248740952,0.001590009865463437,0.002852033033592086,0.0009224547696669408,0.002921939450274056,-0.002184479971189622,0.013307460879576183,0.0017317927513376314,-0.0022532291029892775,0.01510699132760341,0.0033844208548518048,-0.002511187043071847,0.0020588169406183746
2023-07-26,0.002190463077594868,0.0021912038479424984,-0.003883954402338256,0.0020284848728530213,0.015362130043130941,0.020682887248573763,0.010126163716921622,0.015321278928071948,0.004385740905184213,0.001961820817603066,-0.002122408081309551,0.0033265085348653514,0.001611593444295232,-0.002827130043591033,0.002727765948688646,0.002955085555755549,0.002569729237323528
2023-07-27,-0.004634011643839129,-0.00609938667744603,-0.002950747898820454,-0.005121530360524239,0.002244313463071346,0.00373695036746361,-0.0005741064918863695,0.0022725034685453114,-0.003487624126020716,-0.005397603584178644,-0.0018792419186113825,-0.004415746730321526,-0.009816548058893503,-0.0021576826485067355,-0.005151126887778986,-0.0060594140533397215,-0.005696008516240541
2023-07-28,0.004241321399844555,0.0027037078044763177,0.005712941428570453,0.0032834187650805716,0.007462819176447867,0.009865996407255086,0.0033927146008271604,0.009083454843950105,0.0047782376959451065,0.0034479563839743795,0.003776772575399075,0.003695517767749251,0.002094834723329675,0.005589464669031453,0.0043901448730056455,0.002606183554724519,0.0031689075729819565
2023-07-29,,,,,0.003363640436718896,-0.002159034130218727,0.006917570715502705,0.0010857906289467667,,,,,,,,,
2023-07-30,,,,,-0.0018887354070578296,-0.010282450189839736,0.0018384311391383829,-0.005335964205671857,,,,,,,,,
2023-07-31,0.00431474159010003,-0.003384607264677693,0.00011684674066344224,0.002618571928744785,-0.01723273511035757,-0.020286021365699076,-0.011086749831872748,-0.017684270327433815,0.0007234954733570974,-0.00384212513183312,-0.0021952727884023064,0.0006214193360618832,-0.0034015420161781764,0.0003548978421899568,0.0042377956403464095,-0.003038465607919059,0.002615253284824073
2023-08-01,-0.003631701024004783,-0.005562036201442788,-0.0084000394431341,-0.004792081518619544,0.008097901202082248,0.008520453990207054,0.0077841781751053505,0.008233672789302579,-0.0016767673196569437,-0.005395614189847845,-0.007509612469551882,-0.003703700905831322,-0.00643871697234222,-0.008586601110974963,-0.004318596029706528,-0.005995149305297331,-0.005559995666472458
2023-08-02,-0.013699281238668084,-0.0086051436939004,-0.010436156801169837,-0.011447810431651499,-0.03714694707929563,-0.03417753166673206,-0.04162141123162011,-0.03569894445772491,-0.01760722554543934,-0.009178085149136938,-0.01396497450888187,-0.013471302201321316,-0.012096787003581822,-0.010972839148025722,-0.013555986269835457,-0.008753085276003499,-0.01102620635452204
2023-08-03,-0.004931584621457255,-0.006014061661236224,0.0027045158546744894,-0.005459510126842396,-0.01737553628357058,-0.010130034672175658,-0.018307226146032952,-0.014448550656572207,-0.007005576565142809,-0.005083393559749033,-0.00022096936776097478,-0.006369835183381215,-0.010169373073748697,0.0030304116734201987,-0.0062175931236716254,-0.00574176814212467,-0.006700698971686282
2023-08-04,-0.0021970232173001113,-0.003883607067349399,0.004761985713581897,-0.002387959757819116,-0.007302872222976842,-0.003319180736068256,-0.010291579160255516,-0.0064174142422693935,-0.0030479980515795663,-0.0035795416668418533,0.001472177644305685,-0.0027631966227739174,-0.006834520896330242,0.004424770302039705,-0.00194683199995145,-0.0033096065637587524,-0.0022939951867266056
2023-08-05,,,,,0.004349784985149952,0.004776014342776698,0.0013962832455338692,0.004544511836141391,,,,,,,,,
2023-08-06,,,,,-0.005434122335717784,-0.005497818862407248,-0.008267673321753379,-0.005408398822177621,,,,,,,,,
2023-08-07,0.008020413923411242,0.012661822645139462,0.014226271526488952,0.00883920769039473,0.00701631019083232,0.009545177986877658,0.013639819834891776,0.006695386947663402,0.007853063301314753,0.012480741179106322,0.01562548915237986,0.008798326216812119,0.01091737145067532,0.013740493130752502,0.0073400851085375935,0.012692712635367014,0.008233783726135606
2023-08-08,-0.0034409407439325804,-0.0027384130044052295,-0.004123915211249235,-0.002451147349693514,0.014720931908673896,0.013008806462745638,0.016285309484840128,0.013767727927166483,-0.0004139619684981686,-0.0020674877101841556,-0.0013317018806204986,-0.0008800195705141732,-0.0014246849224469693,-0.0034774864664800904,-0.0024364653741945387,-0.002344271636870193,-0.0012880492946516903
2023-08-09,-0.0019255958226743841,0.0022793166018664846,-0.009009423611488581,-0.0004936848862071835,-0.002395454912777484,-0.0019207231980745395,-0.0022339467997966934,-0.002390951243034121,-0.0020039056710249004,0.002267064056389022,-0.008365758304312323,-0.0005660111165209166,0.0015348928481170572,-0.008377363993658194,-0.0010767481679681188,0.0022959284806424434,0.0004032240411402981
2023-08-10,0.0009644399956669523,-0.0013998898362822284,-0.0008922786276311567,0.000767174462920906,-0.010313452290058634,-0.007286587256690839,-0.010403024210771772,-0.008699675711268187,-0.0009152087186206454,-0.0008289185477971886,-0.0026256173987689174,-0.00012160673898209336,-0.0015305380727263953,-0.002068864008198085,0.0008672637916456126,-0.001269015552226791,0.0007106690976284894
2023-08-11,0.0016758150228857094,0.0061091590564790405,0.0012336942112799682,0.0031495299373806196,-0.002505354091861367,-0.00266087392081118,-0.002366968641742218,-0.0024291369675487383,0.0009789535037611965,0.005966348060414788,0.001020243101089891,0.002712216878012905,0.006014817044199173,0.0006601366727746592,0.0025135344266354067,0.006796357754807163,0.003995539594992635
2023-08-12,,,,,-3.937036608947725e-06,-0.00044016195470988797,-0.0010057783287255263,0.0003364060447672353,,,,,,,,,
2023-08-13,,,,,-0.006202337709924489,-0.0053832201624371655,-0.00586070690991889,-0.00602800033458284,,,,,,,,,
2023-08-14,0.0017062775996715218,-0.00018478950264122845,0.015736979312296187,0.0004935637004697261,0.001951599250878311,0.002666726156009331,0.006100054147214885,0.0022609257506258596,0.00174716454153932,-7.812236280294328e-05,0.015195257071517634,0.0005350508728731212,4.593570815828161e-05,0.016634123280851718,0.0017800484983275036,1.4253971017798356e-05,0.00033893625531265494
2023-08-15,-0.01322545628250715,-0.006216773263815572,-0.006374202442952386,-0.011942932043556443,-0.028483106955607816,-0.017424952818992492,-0.02057911144002902,-0.025860757270791013,-0.01576839806135726,-0.006526028646750572,-0.00851930593399211,-0.013141462034110778,-0.007606980062296819,-0.0065865757145918795,-0.013156547576737253,-0.006354665399615218,-0.011961008762383669
2023-08-16,-0.008186117279367163,-0.0028888899404193786,-0.0062974617572537864,-0.006853529658513492,-0.03890073461971866,-0.03140046310493622,-0.04470698711804284,-0.036774553740331936,-0.013305220169425746,-0.003535172467421351,-0.01142544050815814,-0.009588193725716008,-0.0038189117801994727,-0.0069575008937475865,-0.008196983961113154,-0.003108627309185817,-0.006712585280666412
2023-08-17,-0.0046557882757702375,-0.005761491090011816,-0.01051716481587349,-0.004559789527497471,-0.08842940887497387,-0.07266316761942061,-0.09460059975736988,-0.08224639335629483,-0.01861805837563751,-0.006344200284587431,-0.022988182844219437,-0.011607904735577603,-0.011396291827534344,-0.008731231076814361,-0.0038409708132603735,-0.005036818928408445,-0.0036924450397611244
2023-08-18,0.001733029370723882,0.0031259292156909373,0.0031268755400157538,0.0016851855983892,0.006166164594595425,-0.0004132928663053291,-0.004329730233392515,0.004357323038749982,0.002471885241369139,0.0029576231803995993,0.003551930955428646,0.001978465690272558,0.0032691057010877083,0.0024523297274512425,0.002278993137339855,0.003012098026915086,0.0021801714527816965
2023-08-19,,,,,0.014460294216996438,0.010579592517738308,0.0083817772645427,0.013393785370208945,,,,,,,,,
2023-08-20,,,,,0.016883672615801638,0.01485497983615409,0.018981746572562887,0.016520565093341374,,,,,,,,,
2023-08-21,-0.0005131283529655392,-0.00261200296416226,0.015097443152142757,-0.0015442067914113054,-0.009879608817271868,-0.010375318965079964,-0.005893024063345687,-0.009416059576288733,-0.0020742084303499273,-0.0027657211012403005,0.01062960518028,-0.0024025980374999486,-0.0022740784335506183,0.015964479830646455,-0.00017300311752589204,-0.0025233722858255783,-0.001529018303495536
2023-08-22,-0.0049044034665741655,-0.005405011487944394,-0.012186121710477742,-0.004609669311425437,-0.014368192690346893,-0.011971296815339549,-0.009239279086012166,-0.012576259921554624,-0.006481701670536287,-0.005102441772419272,-0.01168661042368538,-0.00534294052335472,-0.004681094938724378,-0.013366653018289765,-0.005056440967201517,-0.006011718786969087,-0.004731037592226849
2023-08-23,0.007321780440630266,0.010144711936594688,0.02236783114056963,0.007311047973208794,0.03150211746919023,0.029721839693218927,0.024518695120859094,0.03058873300107693,0.011351836612056925,0.010234460390821333,0.02353532278662226,0.009343497306726989,0.013186373953071248,0.02332554551288954,0.007557148228804878,0.010167511218319037,0.007304603124455176
2023-08-24,-0.012228581664713427,-0.009740123817106469,-0.012330855979951467,-0.011066452743853187,-0.012132670149970028,-0.010619132385485328,-0.01050173434615571,-0.011874175611715072,-0.012212596412256194,-0.009799906643965203,-0.01272322332514042,-0.011041490207217166,-0.010512008693007734,-0.012134449396153803,-0.012573876011577593,-0.009831796251084603,-0.011173376763015438
2023-08-25,0.00491251329495216,0.0027482252190035297,-0.00031638201606644525,0.004714784511395866,-0.001097954023416292,-0.00313683303700392,0.0021113201865803123,-0.0008275870973179751,0.003910768741890752,0.003043492544529296,0.0006500953960971934,0.004256509142469287,0.0024022740352822106,-0.0015636022808846175,0.005807731863723558,0.002739632787122878,0.005529443706534011
2023-08-26,,,,,-0.005586021939540321,-0.003500405224166071,-0.0030506490714611086,-0.004640193788655943,,,,,,,,,
2023-08-27,,,,,0.009236659750104225,0.008654481005420165,0.010345157431155317,0.00864706729547032,,,,,,,,,
2023-08-28,0.008364884527056863,0.003281703890151203,0.008844410930061088,0.007017440921047115,-0.005905699793415331,-0.006590858630651043,-0.01015992320865069,-0.006417248878269055,0.005986453806978164,0.0029529751072479267,0.005729941062466479,0.005713085543577038,0.0028397143854628337,0.009436945258907556,0.007564514742174566,0.0030743441299893666,0.006195500622569656
2023-08-29,0.011982477817999245,0.006140587914721699,0.01618637805261509,0.010827761084558539,0.055070350603778455,0.05462748979493898,0.06702210600847583,0.05299137091008344,0.019163789948962447,0.006828608728706641,0.02416564525658848,0.014616911988255177,0.009490877183241793,0.01651912478179021,0.01136802034305648,0.0061641599320936425,0.01019336550936253
2023-08-30,0.0015849659208836808,0.0017304872987308044,0.002280750327393707,0.0013588191286247873,-0.022248078588893397,-0.02104791719260965,-0.022841654632321618,-0.021805717673158594,-0.002387208164079165,0.0009969050240065693,-0.0013268213377825343,-0.0007389960530873592,0.0011031801023015356,0.0033785356802120223,0.0020418823367686235,0.0017258151624884917,0.0016494655462034604
2023-08-31,-0.003055568691088684,-0.004951794107550733,-0.0025415867368504437,-0.00410212801016637,-0.03801269052597048,-0.031809353664565096,-0.03250517124976491,-0.03451928533831515,-0.008881755663568981,-0.004418554836606473,-0.006243572195689763,-0.00691807574516332,-0.006034046736444484,-0.002906410202363788,-0.003017045999249681,-0.005007707075403678,-0.004178711867624456
2023-09-01,0.004049068438607959,0.0012396793079194448,-0.0006112398901127851,0.0032665952930692275,-0.012928701106311181,-0.010365982912561092,-0.018132534483231676,-0.01214606849054481,0.0012194401811214347,0.0012865875360787596,-0.003483027583452544,0.0018213907740795795,0.002688869990613262,-0.0008762415550057703,0.0024327684965198154,3.3221040882835934e-05,0.0016644956332351228
2023-09-02,,,,,0.002151171943819353,0.0030805810040596946,0.0037977296643254225,0.002974250896194785,,,,,,,,,
2023-09-03,,,,,0.006164628955449204,0.002749839568431163,0.0024905959764116676,0.0050981229103182635,,,,,,,,,
2023-09-04,,,,,0.003160991113200329,-0.0005960495265500822,-0.0023882566398815224,0.002371642025292782,,,,,,,,,
2023-09-05,-0.008724813019335222,-0.009566049973157485,-0.010133215118066983,-0.009590324457629236,-0.001604615569630974,0.00017575208009071623,-0.004882993600642911,-0.001270957291236456,-0.007538113444384513,-0.009341961960492159,-0.009878669463029364,-0.008963359779781892,-0.012935303782203643,-0.009972654035284084,-0.010187242495926811,-0.009816722440545772,-0.01078006900623597
2023-09-06,-0.004176147151662311,-0.0032949335358804952,-0.006699300710210792,-0.0040964021887162005,0.0014576500461318865,0.002992247827091303,0.002849220023737082,0.0026194978602876533,-0.003237180952029945,-0.0029757101970722868,-0.00694103863204456,-0.0034892691097983277,-0.0033112368833471423,-0.0067619371275568765,-0.003945133398296554,-0.0024598282932130826,-0.0037799898995507487
2023-09-07,-0.0001734081651079623,0.007251149120348134,6.379824437340944e-05,0.002172412327287874,0.007585107840102846,0.007976125671329073,0.007658524782748487,0.007669049865555539,0.0011196778357605054,0.007642953509926116,-0.0002505005895471638,0.002778785269387213,0.007983134372322943,0.0006520129272041782,0.0009880311621072479,0.006336287708451971,0.0030060941857797054
2023-09-08,0.002637923536046847,0.00399712660253135,0.00044256717194311805,0.0037772778330435416,-0.00505856760002702,-0.006392522875716165,-0.0058715250435182565,-0.005130316615162697,0.001355175013367869,0.003967078829839368,4.249254821312958e-05,0.0030612207324363554,0.0036391217116618995,0.000770233080663932,0.0025276977216074276,0.0034683382061198756,0.0036440695181255383
2023-09-09,,,,,0.003653019516587175,0.0009342595814057322,0.0012041211815783182,0.0029590068974562115,,,,,,,,,
2023-09-10,,,,,-0.01358203824648161,-0.01186823483101025,-0.013794824679992702,-0.013064346872533373,,,,,,,,,
2023-09-11,0.002865687446399157,0.0036530331078581633,0.004007656189781811,0.003239012114956138,-0.03317390146200886,-0.029052585024541496,-0.031177834752464953,-0.031009106051269893,-0.00314091070500218,0.0033277253318831903,0.0003310105172716043,0.00014207937446853304,0.002009632498646174,0.003122720321186899,0.003011947521344694,0.003870854100931526,0.003444466202750607
2023-09-12,0.0023082438512042904,-0.001157070145403369,0.0021649103809550647,0.0020046008392338144,0.02023627737002509,0.029447554275491297,0.03669123353398462,0.023255864806672816,0.005296249437674424,0.000370253025019089,0.006073081206969813,0.003937235018892455,0.0014575132866361008,0.0016864799342786597,0.0011704953965741933,-0.0016478921626630041,0.0009783616366499134
2023-09-13,-0.0009672270966173911,0.00048378074206381123,-0.003782140191760258,-0.00038205148265005133,0.010910137712222902,0.01081241295828623,0.013000207500435339,0.010796061905555774,0.001012333704855991,0.0007251789362360952,-0.0029635822586373496,0.0006138225675705353,0.0006892595375700574,-0.002533048696028778,-9.896599785039575e-05,0.0005186247030351783,0.0005256235197494039
2023-09-14,0.012360870706178877,0.008898923125000669,0.010629020151532536,0.012392898721088022,0.015075647116377933,0.01811004252236771,0.021542303937344187,0.01645902825785347,0.012813333441212053,0.010069137040212499,0.0119611825137516,0.012867828419137643,0.005145527728785296,0.010084865422562582,0.012634158771707933,0.008242796803755505,0.012497503390130275
2023-09-15,-0.010489077213557504,-0.008596090739804944,-0.013047089779230685,-0.009278900796580607,0.017594204754288658,0.010720510203040897,0.02513856659678336,0.015844018416500627,-0.005808530218916477,-0.007991315609372426,-0.009401674929685968,-0.006951763502146996,-0.007540932763182739,-0.013039559093845908,-0.009869638350660521,-0.008800296611787335,-0.00874497789660258
2023-09-16,,,,,-0.0038962074747921236,-0.00386203106347632,-0.005836199114350043,-0.00399858509232359,,,,,,,,,
2023-09-17,,,,,-0.01639326751851299,-0.010810986675051888,-0.013740102978363672,-0.01446426799780227,,,,,,,,,
2023-09-18,-0.00024995003851792526,0.0010952397925455119,0.002847580532964011,2.8230234622378945e-05,0.01968908084512331,0.015397897640708893,0.021966804433081053,0.01823365939758193,0.0030732217754222803,0.001270588982092268,0.005280112279313467,0.001700731282089993,-6.856474064196151e-05,0.001873578488153973,-0.0010513903507037743,7.810606278268388e-05,-0.0007573986737433618
2023-09-19,-0.0042135020148569065,0.0007535060822598236,-0.004637041313425125,-0.00327261299982717,0.011995626949226111,0.010787725509868262,0.014957550089768928,0.011622320490997668,-0.0015119805208430694,0.0010753227018731326,-0.0033045784028440683,-0.001925925168032337,-0.0002767506057352896,-0.004440513358173933,-0.004451553829609404,0.0006688856636239342,-0.003573783456646301
2023-09-20,-0.005264643861468341,0.0014168835246817506,-0.008573821679582677,-0.003325937725013022,-0.010665434056974475,-0.010162152616452843,-0.009470191385192,-0.010012209286377515,-0.006164775560719362,0.0014853844061644488,-0.00877688818253967,-0.003812775924557589,-0.00189040586318102,-0.007957541052761292,-0.004064565200040281,0.0013408348342513786,-0.002339843127964769
2023-09-21,-0.018588068789013295,-0.014258383532851053,-0.015203174782763588,-0.017093567387887948,-0.019800399291338335,-0.02036412849788691,-0.018944304324014047,-0.019557902567895753,-0.018790123872734137,-0.014160985681132452,-0.01655292457626093,-0.017211291865204984,-0.015301703471087252,-0.015397594727379333,-0.019286223784210774,-0.015337587682974484,-0.017850200258592828
2023-09-22,-0.0033341264056424035,-0.0021368013087233197,-0.0003373908875032058,-0.003269903601542293,0.0012225372952483827,0.0011383401743548774,0.0010090627557190531,0.0012577424790853639,-0.0025746824554939386,-0.0022232977218532173,-0.0002536318831390008,-0.0028807097223062825,-0.0035223351042152997,-2.6955555239639858e-05,-0.0032170737219710185,-0.0019803931618441527,-0.0030427616065681813
2023-09-23,,,,,0.0025781426251764274,0.0027511872630889543,0.0015204913155753069,0.002673715616049816,,,,,,,,,
2023-09-24,,,,,-0.013020335411775554,-0.010535377020845357,-0.012551913283639218,-0.01194416555557911,,,,,,,,,
2023-09-25,0.002086940375641444,-0.0008633548813516444,0.0052792379533319455,0.0013953392218511694,0.00871039004850741,0.008746748896503492,0.01170304414735291,0.008741482074081751,0.0031908486544524385,-4.084312792124455e-05,0.006295494505632286,0.00207214195494744,-0.0013556448538780282,0.004909776763432708,0.0013973788481495054,-0.0012985030424534304,0.0007332558636393902
2023-09-26,-0.012038678588931189,-0.006161209795881374,-0.007598722419779227,-0.01121519391417703,-0.0030991371631249546,5.9150917650227996e-05,-8.769944742640355e-05,-0.002480108446709459,-0.010548755017963485,-0.005731538984474537,-0.006622267315141768,-0.01041988513245116,-0.00853891663371173,-0.007459144492136796,-0.013082349141403576,-0.006901933310793058,-0.012405919143786236
2023-09-27,-0.0014106684457594158,-0.005691403710221389,0.0031307983587759805,-0.002905845287253213,0.009322785106952891,0.009604683794656106,0.014786339817471893,0.00940210427275982,0.00037824047969263583,-0.004904024115373309,0.005808568235083556,-0.0018128885724271633,-0.008236653031968365,0.0018884512551446968,-0.004238403931713952,-0.006301594601110981,-0.005536116396129574
2023-09-28,0.004051206390830819,0.0025396151611554512,0.007743317622585059,0.002782874571709314,0.02507332442056951,0.025438236798113335,0.026681075514026584,0.02466723282840042,0.007554892729120601,0.002901644592451527,0.010133884474008207,0.0045750086008405095,0.004131910161415935,0.007200304883663278,0.003066364937528516,0.002340924450041215,0.0016982901140696264
2023-09-29,-0.0010645976616187156,-0.004921216939931411,-0.011459670541423151,-0.002368737086798507,0.005434094670924462,0.005877638411641091,0.007497845395798865,0.0065927776978739454,1.8517727138480625e-05,-0.0041995987210102555,-0.00988836403852935,-0.0016508839609741415,-0.005296944094974097,-0.009841363907535025,0.0007443677575938675,-0.004111471058839508,-0.0007100392036968723
2023-09-30,,,,,0.004049637744505442,0.002740608016832259,-0.0024968226426511243,0.0033823232062451876,,,,,,,,,
2023-10-01,,,,,0.029508245626091827,0.032919312515487145,0.03028145359367368,0.029419962365394833,,,,,,,,,
2023-10-02,-0.014277794548844161,-0.007340154329198716,0.00026066604189800476,-0.014413518589708555,-0.02263630601154587,-0.023965157385949974,-0.018992276768686728,-0.0229360832634134,-0.015670879792627778,-0.008097701238931363,0.0011695404210274347,-0.015271078101700367,-0.0052320966533109595,-0.0008915175410692917,-0.01660457947405427,-0.007374862468964733,-0.016449906649713367
2023-10-03,-0.008623840049693497,-0.00839414599605285,-0.012417448485788277,-0.008049196839299444,0.00018829581268208287,0.0015811185594784847,-0.004538820683427964,0.0016373816099600437,-0.0071551507392975675,-0.007092314463539343,-0.015987927151833954,-0.007065975825025921,-0.013368470332241953,-0.011454103277223904,-0.007566766765033413,-0.008406018765296893,-0.007018742567698576
2023-10-04,0.001458761961919132,0.005956367407801991,0.002862283447684637,0.0019219483625734358,-0.006274930158273262,-0.005105147535445897,-0.0023247557111806877,-0.0062806738122585005,0.0001698132752204005,0.004984874157575386,0.003755091619582427,0.0011349710927626086,0.006803615372284988,0.0015509780030702402,0.0001608774857630921,0.0059788058444676506,0.0009136760346798503
2023-10-05,-0.0018481504494788203,-0.008234239629290489,0.0018991478399557197,-0.0023961450660892145,-0.01105963270235685,-0.012366789844013964,-0.011218991947819803,-0.011014987762923607,-0.0033833974916251583,-0.007151478994211249,0.0011327101985429096,-0.0032588996423654933,-0.004126894978115799,0.0006047340117011814,-0.0025297695779118853,-0.007721221557299256,-0.003129687401107809
2023-10-06,0.010572819190709796,0.004739794816545963,0.012749646635590632,0.009496956571147252,0.009812111022711312,0.009724896441097253,0.007280840577732991,0.00889112145970714,0.010446034496043382,0.004106161544635378,0.012545013579014504,0.009301131312202572,0.005726036233570928,0.011968906232343583,0.010073535001843999,0.005234176102319475,0.009206997270746621
2023-10-07,,,,,-0.004232898693495945,-0.0024300927841142384,-0.0005508091143872794,-0.0029862287590352622,,,,,,,,,
2023-10-08,,,,,-0.004816313761426894,-0.00317602825417828,-0.003351179903999876,-0.0043035458581604565,,,,,,,,,
2023-10-09,0.008763926303623772,0.005503472748541276,0.004330362129602353,0.008850077163042359,-0.030927593647395134,-0.027775882668190973,-0.028124536696495516,-0.029459383942586775,0.002148672978453955,0.0052501065957897735,0.0011644348199697306,0.005454669625306284,0.005885454484481183,0.005824590236404625,0.010010675996121758,0.006205255291658197,0.009917029007852416
2023-10-10,0.008282561086268072,0.008720960684443804,0.005133167924333298,0.008081648821372866,-0.0074236072208690995,-0.006147604234101486,-0.00810420151869852,-0.006712612980643417,0.005664866368411877,0.008074530283659046,0.0031247170062649664,0.006712195961478432,0.0075257316951597465,0.005211446047848594,0.008975393101838449,0.010332384861327844,0.008982829746111837
2023-10-11,0.0033651576290092255,0.0029348615287451228,0.012326555142498363,0.0035286157411665736,-0.008962957009541505,-0.006931409707499427,-0.008519014456202683,-0.008646186177059425,0.001310471855917437,0.0028608434655026725,0.012863716638411798,0.002533600195375508,0.0015114267195474459,0.011094967636938824,0.003284805852502468,0.0024950392100235043,0.0034767298914075064
2023-10-12,-0.008311144835865697,-0.004304338553094319,-0.0036001459171713,-0.007990449609914725,-0.008336279694453464,-0.008899312968437207,-0.008667333728449666,-0.00857087715293973,-0.008315333978963656,-0.004613483985399875,-0.003612964453330723,-0.008069292798819686,-0.004923839191044818,-0.004087280134010514,-0.008893806754610325,-0.004557053234079697,-0.008736737633226969
2023-10-13,0.0011147766253742544,0.0027560496106202935,-0.008744243924274295,0.0023770621344403613,0.007031694669283151,0.007309601812130575,0.008231849839936469,0.007022297259326932,0.0021009296326924038,0.002739342922701262,-0.007680443548140015,0.0028539591599496305,0.0026707586663723276,-0.007297164519035924,0.0029880974173727205,0.0027093024035602454,0.0037923413999256268
2023-10-14,,,,,0.0015492963973016472,-0.0006942789631476518,-0.002642057003921658,0.0008271673361539211,,,,,,,,,
2023-10-15,,,,,0.006085723990029369,0.008565694043900809,0.007040914443928065,0.007149281058874843,,,,,,,,,
2023-10-16,0.010057492329704919,0.005827724131728579,0.006390332223038529,0.009321390671000946,0.029826719180017003,0.03269625876534841,0.04067861941134905,0.030741738516324373,0.013352363471423597,0.006292900877457255,0.010929101263368903,0.011193663987558772,0.008030285816333695,0.0062745414563492455,0.009782374104150312,0.005923993533274446,0.009147606773283409
2023-10-17,0.002793269700487219,0.004514920391431063,-0.0066799754885299555,0.002884978431390186,-0.018865643579989568,-0.015587439631625136,-0.013148167297766977,-0.017124736741630554,-0.0008165491795922443,0.003955378047255833,-0.007827963358868205,0.0010684894631439097,-0.0006764429061427582,-0.004367690641712331,0.002825253993141092,0.004325098205756422,0.002654223501041705
2023-10-18,-0.01429852367233557,-0.008000737004239766,-0.0210622632298495,-0.01284694320552157,-0.006922478049449166,-0.003840944353661092,-0.003287354321346466,-0.005714234329429082,-0.013069182735187833,-0.007929263317508081,-0.01954449742724051,-0.01212918550802661,-0.010297172241050596,-0.019351132239205156,-0.013761468057081139,-0.00846778277418725,-0.012608821766651918
2023-10-19,-0.00931339622377608,-0.006109769752028208,-0.010143601939145699,-0.0091380601199342,0.0170962051766866,0.009240041434484963,0.013355166045791296,0.015147865982587203,-0.004911795990365633,-0.0058888724401012504,-0.008938748633159231,-0.006938503809506631,-0.010315883205800375,-0.010740099446727543,-0.008735826072088696,-0.005246238474458589,-0.008310023875313115
2023-10-20,-0.008972743882415861,-0.00022148011727272585,-0.005641280598798326,-0.007126934044716524,0.02151512776330269,0.023504558755644403,0.027362914877199492,0.02179509579850071,-0.003891431941462769,-0.00016899118183494202,-0.0020364487252484713,-0.004525636427819996,0.0010880389577792831,-0.005863513494336235,-0.008712590020443394,-0.0008713751468511469,-0.00710402345060158
2023-10-21,,,,,0.018699108965846388,0.01591796262038869,0.01232354605036918,0.017523243285573104,,,,,,,,,
2023-10-22,,,,,0.00468562831336562,0.0047360065516287315,0.0029839405185815918,0.0036323679972505942,,,,,,,,,
2023-10-23,-0.0065969844195609105,-0.004679771582307856,0.009299489478551397,-0.0065741763645067956,0.057254370553528625,0.06070241226830975,0.061800940531493216,0.05695478585592647,0.004044908075954012,-0.004108833287027005,0.013050434139870313,-0.0010138665821187334,-0.00010470207602158722,0.008077960713619365,-0.006659448364044574,-0.004798347387892086,-0.00656080994097499
2023-10-24,0.010865236461424664,0.014005406727815153,0.01668474479302975,0.010973992437761516,-5.5170320917186056e-05,0.003920817544644183,0.002201769998260005,0.0010108977093420128,0.009045168664367689,0.013324251046803175,0.014320351350509132,0.010119827915247228,0.010910011196964844,0.01596658664747483,0.011695154312119331,0.014635703073574705,0.012118795241140316
2023-10-25,-0.012071946699170878,-0.0029565689544798946,-0.016396425189216076,-0.009686045232635507,0.003641279162773315,0.008144323652727508,0.007228679624153768,0.005066221918694139,-0.009453075722180175,-0.0030248564715156545,-0.015373647559607661,-0.00816238029605349,-0.0031963771517505924,-0.015231659312572797,-0.00986370489872362,-0.0039600917925970425,-0.00799479399046376
2023-10-26,-0.002091230643623226,-0.002345000242278172,-0.014809215513635475,-0.001440941468744328,-0.0004957256077606437,-0.0006098670516221452,-0.006692977965051509,-0.0011525114987292783,-0.0018253131376461283,-0.0025691911188115597,-0.016299660585352732,-0.0013464387801290214,-0.004420697188924587,-0.01637327509819603,-0.0028855164072628336,-0.0031348317573023313,-0.002195775203695966
2023-10-27,-0.010091752733279386,-0.01771119114555189,-0.013254011065830002,-0.012464236411009926,-0.01083655687974755,-0.004327679778604334,-0.013149554245556817,-0.009168751306932121,-0.010215886757690747,-0.017630155033343493,-0.014700266574616719,-0.012437985226860336,-0.015162553807085451,-0.01269289911995868,-0.011788673260730076,-0.016763004873959448,-0.013520761005922971
2023-10-28,,,,,0.012065201809833438,0.011832800741242678,0.008002825270688704,0.01155717175929435,,,,,,,,,
2023-10-29,,,,,0.012478492769189997,0.008834892688312206,0.010456587614722408,0.01171766560976342,,,,,,,,,
2023-10-30,0.010000411649502994,0.004708939608991668,0.014146680617105396,0.009198716792401244,0.012115615043815276,0.006887094948655774,0.0067259838230756324,0.01055802560786006,0.01035294554855504,0.005363868960762395,0.013712671536909833,0.009356128632788605,0.007891676892505733,0.014353022270932545,0.010029507190402086,0.00492087408547927,0.00922953844826542
2023-10-31,0.005876567388702727,0.005177689713999493,-0.012851539835642968,0.005200512396839897,0.009585151462079567,0.003744046565375943,0.006280789628334392,0.009080026947516053,0.006494664734265532,0.0052267873334481485,-0.012570181997106088,0.005484224344323606,0.00665028860603065,-0.011890117169227256,0.00684292643744687,0.006465317066091853,0.0063850889376674755
2023-11-01,0.004883111660390649,0.004867652457489139,0.007643948755698703,0.004857186305016543,0.020423321832506593,0.025426140366930486,0.016905115112326834,0.021477690710638344,0.0074731466890766395,0.00579381442681495,0.00713477870581493,0.006133076905439482,0.00716878327074473,0.008449226686207883,0.004928027063598382,0.005108594687988167,0.004872235564214087
2023-11-02,0.025794960167503007,0.014819443247623805,0.011412437846445947,0.02310512138704559,-0.010673215464948316,-0.006914742152063273,-0.015156076467678584,-0.010795300890194835,0.019716930895427788,0.014636251511620712,0.00684691267186831,0.020369572317974118,0.010449685156793504,0.011721918006664871,0.026393678192218717,0.015011205125867587,0.023547610384551467
2023-11-03,0.012794021607402124,0.0024682791660088584,0.012313501283570458,0.010647599840661366,0.005687092970192598,0.0028664600602672226,-0.0008007392527714114,0.0034591278006841984,0.011609533501200536,0.0026009641178043,0.012458189999107737,0.010009232798545294,0.004343350547727073,0.011932263733458933,0.011090511543590746,0.001925315730649268,0.009050939842563483
2023-11-04,,,,,0.00926673148983166,0.008457725127782615,0.00902976081232779,0.009091212941691162,,,,,,,,,
2023-11-05,,,,,0.022180669055755532,0.014659074782358715,0.016955567613799887,0.01923912852797813,,,,,,,,,
2023-11-06,-0.004456576056500966,0.0001826672540790104,0.008247893249467798,-0.0036579264100482893,0.029873216562228896,0.01587286979097726,0.026988963983092223,0.0249243440758193,0.0012650560466206796,-0.0004201436819574594,0.011220671462294262,-0.0012718429179820092,-0.0014132228330137999,0.006982297409811601,-0.005011801377057087,-7.118899151587431e-05,-0.004126929436151123
2023-11-07,-0.0037390629774691317,0.0009007798787610161,0.0008862628442898199,-0.0035145118997197133,-0.015245608939161116,-0.008229404504859662,-0.009463041407644656,-0.013131431442437341,-0.005656820637751128,0.00016524501855080597,0.0006095551404851949,-0.00435165061913784,-0.0001862894933901552,0.00047157583861953277,-0.003975612026660431,0.0009209431440488626,-0.0036107563229939013
2023-11-08,-0.0011798844009914,-0.000556708744421861,0.004153675504477645,-0.0015557162988530885,0.009123363828995878,0.011019186942559458,0.005625301753755566,0.009645035171299523,0.0005373236373398132,-0.0007554965541856449,0.004878001453585769,-0.0007686171313903405,-0.004539706356356671,0.003320978079585428,-0.0006345336068024012,-0.001050735731859121,-0.0010576688895129853
2023-11-09,-0.008903880726641446,-0.010201098053011377,-0.005748438057776595,-0.01014954534221733,0.018942521337077956,0.028817101311487993,-0.0019886028386223633,0.020884530331658414,-0.004262813716021545,-0.010357335292314059,-0.006972867109147564,-0.008071344235148237,-0.006970811220909909,-0.006133469831862308,-0.007340764387393827,-0.008742818208303596,-0.008558289785848782
2023-11-10,0.010646732594233559,0.005394890591149932,0.016098908973203613,0.0090604787627762,0.016119127764091114,0.026826769773040916,0.01502022722259342,0.020288073447914376,0.011558798455876484,0.006528348918055594,0.015211992541615047,0.009885559546985303,0.006884209920939163,0.016347267248607883,0.010454707109431825,0.005716529926526636,0.009021010745076524
2023-11-11,,,,,0.0003847868334870938,0.001856708008279641,0.005095844658901646,0.0010857861850154138,,,,,,,,,
2023-11-12,,,,,-0.0006957615929076177,0.0001836057909236949,-0.0007683213347497828,-0.0003817673271785338,,,,,,,,,
2023-11-13,-0.0011335907036108958,0.0027399038750449112,0.00522553557669318,-0.0007839591241920119,-0.015109750322123416,-0.01767541044235525,-0.012687119103610617,-0.015097333913795363,-0.0034629506400296493,0.001984793264791727,0.004133708338514632,-0.0020194970200080277,-0.0008998936240879603,0.004667282170603237,0.0001761509641589863,0.0029518138582165262,0.0004917150482066956
2023-11-14,0.024594043415612957,0.00820342969345565,0.010185731557417836,0.021111755967682826,-0.03211101876751308,-0.029080317467740254,-0.031948137485575255,-0.03228707079897758,0.015143199718425288,0.007973931390739939,0.007404303087742165,0.01686465149142717,0.007690543975299188,0.010311294963513642,0.021379019131134526,0.0071280802691799225,0.01796075574287016
2023-11-15,0.005349194798091734,0.002987722390235659,-0.0020800417149578233,0.00444552244354168,0.04185776999454001,0.044631294580525796,0.038371526137499695,0.041431024410949396,0.011433957330833112,0.002904076748921785,0.001099032118615481,0.007385083290068568,0.0027062324851909016,-0.0008817649603229842,0.005376480852109239,0.003219965231460078,0.004537173509545285
2023-11-16,0.0007631679789122893,-0.010463145844057952,-0.008405024707371369,-0.0004474994872415712,-0.0333948653714404,-0.03240183703308216,-0.035105857936934604,-0.03259395278164283,-0.004929837579479825,-0.008633308742716651,-0.010603282741591625,-0.0030542715564432646,-0.0056300087061445705,-0.008877432845473954,-0.0009372124660252316,-0.012280704405548178,-0.0022966957856772577
2023-11-17,0.00316831981270451,0.00022865544174764413,0.0002613104359180063,0.0025370742794904202,-0.0013511061181286092,0.001858454929826843,-0.0014626404228763842,0.00010302339786028338,0.0024150821575656565,0.0007026824476568487,-0.0015470828277546257,0.002314668394928538,0.0005012442504269229,0.00037156199387109075,0.0035799311378270286,0.0006631156812607366,0.002962058000735173
2023-11-18,,,,,0.0010200089476241625,0.0028295618270262213,-0.004525827983326803,0.0005352097788304892,,,,,,,,,
2023-11-19,,,,,0.01752721150821428,0.016954703565805557,0.01549838163737872,0.016808390850820334,,,,,,,,,
2023-11-20,0.004432305553655235,0.003959710372432897,0.010270781040942438,0.004058163908264387,-0.01249711047945268,-0.009597211778284665,-0.015338665037351776,-0.012241805706516807,0.0016107362148039149,0.003547195130926582,0.006925943615045898,0.002675344783515358,0.0045896002002174295,0.010013308353595618,0.004787570032722338,0.004119249417099267,0.0044765773618905755
2023-11-21,-0.0023448833096139056,0.002563180192093054,-0.0032984112451083267,-0.0013656383974212244,-0.05277398882146187,-0.05119937249747847,-0.04617693945886417,-0.05203112547629729,-0.010749734228255233,0.0014331098257262486,-0.007490189971363828,-0.005386997393048497,0.0009386074594450856,-0.0031887760685039936,-0.002720874091203004,0.002811105864142907,-0.0016651898631680534
2023-11-22,0.0017220553186484747,-0.0002846374813563733,-0.00703230132054414,0.001495853226677343,0.04727342608349421,0.051337697335427646,0.04355617265207958,0.047823975565987956,0.009313950446122762,0.0007205081287786896,-0.0032386947421615066,0.0051779089517931184,0.0008506441667823572,-0.006519226984113284,0.0014100202596127533,-0.0003282880265805079,0.0011697456316239014
2023-11-23,,,,,0.0031977855030910773,0.0028612358061051715,0.007010853443689314,0.003171325458462353,,,,,,,,,
2023-11-24,0.002442867504645432,0.004096447318728546,-0.0007755918526454166,0.00256969121459802,0.010683066717420787,0.01198899074810755,0.012580712810082375,0.011862490476951463,0.0038162340401079902,0.004046373941804773,-0.000445033927048922,0.0033156251125567205,0.0024560869540638333,-0.0002355216270798025,0.0025136198162080707,0.004067443680235175,0.0026293253242291553
2023-11-25,,,,,0.014944736662485992,0.016342262960102084,0.012656858437953614,0.016024828902046085,,,,,,,,,
2023-11-26,,,,,-0.010789537345764112,-0.00919325657345434,-0.010980518212732828,-0.01050419369191304,,,,,,,,,
2023-11-27,0.000531490573988136,0.00011420745425534608,0.0006215689408987737,0.000225442120072523,-0.024229064196371886,-0.025625063838798492,-0.02143477861985868,-0.02545909286751801,-0.003595268554405201,-0.0006523181509391125,-0.0006818604517894795,-0.001826940671438831,-0.0010097162724747456,0.0001806166659925767,-0.00019509023926353472,0.00014098683157502592,-0.00037220346989043303
2023-11-28,0.0020426557000202085,-0.0009167543369591751,-0.0030580972855470804,0.0014754541387326835,0.010875359748756306,0.010933831937636442,0.008858198372914565,0.010837575947418932,0.0035147730414762253,-0.0010598884731581385,-0.0024782193914621195,0.0022250720109744018,-0.0008362245101633006,-0.0027318803638592304,0.0010469230046192515,-0.0003718284372999723,0.0005924300647607432
2023-11-29,0.004678034968830294,-0.0005581552508676726,-0.0006549795651150842,0.003725715556080437,-0.0015633888162123301,-0.0018074441809806513,0.000966381535515891,-0.0011580771817305286,0.0036377976713231897,4.609857768511136e-05,-0.0009861668236957539,0.003299976205119106,-8.23875699248024e-05,-0.0010578974869474907,0.0038761743988442654,-0.0010611831419078338,0.0030549430297173055
2023-11-30,0.006384512229031319,0.009580324694311979,0.0027238001135518703,0.007549246115356238,-0.003735138334125721,-0.0018648291237560182,-0.004824969484285703,-0.003259443989812794,0.004697903801838477,0.009822624355644086,0.0009616387896223521,0.006761971875907011,0.009113735672301266,0.00360528334627448,0.0059342183108136055,0.00903055244555215,0.0072108183489611715
2023-12-01,0.009225927380084264,0.004069146026883348,0.0012002766329777515,0.008607064376607193,0.01645782673107902,0.01566191833167057,0.013336426476780338,0.01577062994234493,0.01043124393858339,0.004743306573393007,0.004550560710298751,0.009355432514933487,0.00410864950083773,0.0020105723849051216,0.00967893139764471,0.005198798833781238,0.009174378415336835
2023-12-02,,,,,0.01966302971088343,0.019826854033353207,0.017077366604674463,0.019115669286401172,,,,,,,,,
2023-12-03,,,,,0.004459218640063989,0.004979335359497213,0.007434156910564453,0.004680441490826829,,,,,,,,,
2023-12-04,-0.001813409218366713,0.001145911660015478,-0.011906340150778415,-0.0009213758391799836,0.024341067994396857,0.02918035680213212,0.03450472437526501,0.02503571228900599,0.0025456703170938823,0.0021607069246804707,-0.0006393406469291476,0.0016161118130357014,0.002535138746510658,-0.009549731200099753,-0.0015869175188339584,0.0009592818658928077,-0.0008920465345151404
2023-12-05,-0.00526148572996548,0.002203442719637296,7.843973090884899e-05,-0.0038523025819704663,0.018389489538105597,0.02404790770484348,0.013544319012405338,0.01910194176259827,-0.0013196565186203014,0.0025567392490612774,0.005397895840309806,-0.001784338608581844,0.0005411227836948371,-0.0013164379256323873,-0.0054618272357526264,0.002169634308403572,-0.004045729777860982
2023-12-06,-0.0007160063436409093,-0.002194713120390264,-0.004326761783169647,-6.69758341655443e-05,0.001323715687506554,-0.003782537829963205,-0.004355470983490468,-9.384099121058018e-06,-0.00037605267178299846,-0.0016960162074393125,-0.007183197540529261,2.8084724635169737e-05,0.0013330909746323274,-0.0013806648585832715,8.472985925704439e-05,-0.0012463748439438807,0.0008451492457818262
2023-12-07,0.004900293951280299,0.000811555244315545,0.005396310387657125,0.0031756967355009735,0.02423427798230167,0.01904701663742525,0.011142755188113343,0.022218598714698477,0.008122624623117193,0.0006238440831632113,0.005492941806965557,0.004786622831365104,0.00012883706202494575,0.001760676599183949,0.004103503828180978,0.0012502133888992971,0.0027638782941143926
2023-12-08,0.00322869369613636,-0.0014023095324940823,0.008383544305123178,0.0023489686543286988,0.046945668764004966,0.04085681525709535,0.023447904342119512,0.04307704248674601,0.010514856207447795,-0.000260543509399744,0.011612273242602597,0.006055349733579808,0.0004182718975854942,0.007290023655158842,0.003104895779730392,-0.0005245722427622581,0.002341685416729582
2023-12-09,,,,,0.006388985528143444,0.008993547688364169,-0.008483441613439287,0.005403821241790868,,,,,,,,,
2023-12-10,,,,,0.001943994632641011,0.003598391010097771,0.0027669578442939087,0.00253216348669084,,,,,,,,,
2023-12-11,0.006783475745804726,0.0066963424252206106,0.0012549275439230805,0.006669579148907376,-0.06588507928304638,-0.059629783344717545,-0.05875589475183258,-0.06347479429041725,-0.0053279500923371255,0.0050675975158988714,-0.010222268380931133,0.00024231078076564238,0.008744109242712957,-0.0003840135397908934,0.005759797919306878,0.006702779635107336,0.005811107580162516
2023-12-12,0.0007978025859253558,0.0036483576864009696,0.010785926765593465,0.0011062721641141161,0.006350064513168774,0.005469856002644169,-0.00019995276960130606,0.005584665253179963,0.001723179573799259,0.0035642944886119543,0.010212804961762951,0.0014547547489350892,0.004654739008360711,0.010526861201230423,0.0005959910109306289,0.003521815798950807,0.0008669704607952549
2023-12-13,0.020902411458579084,0.015125398951306566,0.010380515952253453,0.020157223533168112,0.03016846894188363,0.032358557049467176,0.0194046250570788,0.029086271146874416,0.022446754372463178,0.015248655054167299,0.011722485706810669,0.02105244333332473,0.013993951946677916,0.014284287867758972,0.02229465369502146,0.014347547211564757,0.021247561071443336
2023-12-14,0.014493407254842454,-0.0019139416499574708,-0.00961308841594014,0.010530785946744458,0.0058804058603049054,0.007666204686776099,0.011636753112663907,0.006745684990411543,0.013057907022419529,-0.000938496092705427,-0.006888503500481879,0.010173227878523334,-0.007648265716360835,-0.00799733413749299,0.015209679211435505,-0.0007894791571840234,0.011193196789022006
2023-12-15,-0.003011783157942525,-0.004646723818465564,0.0037770746843289477,-0.003957313677892406,-0.04007389396266611,-0.04047115464973985,-0.03592985379482343,-0.03986181942624872,-0.009188801625396455,-0.0056975401716678675,-0.0006899798861097805,-0.0073481074609619956,-0.004887926693861428,0.0007101258878390276,-0.004106644865189905,-0.0055865106325441154,-0.0049705449213366185
2023-12-16,,,,,0.01889895317922652,0.01574985487076547,0.008275591548334496,0.017849897837229733,,,,,,,,,
2023-12-17,,,,,-0.01908536977025386,-0.016448280385403278,-0.014371081953326231,-0.018183579151668534,,,,,,,,,
2023-12-18,-0.0013770380177555873,0.0036977216617281247,0.008191428947527293,-0.0004857068616725595,0.0026682168001951447,0.005809567206433404,0.008086425726538931,0.0031714938955841043,-0.0007028288814304655,0.0036883148125627235,0.011556979659451246,-0.00016376776164279868,0.004492470587991011,0.005749696810052671,-0.0018119269307901125,0.0021067325619915788,-0.0010563610386852328
2023-12-19,0.008156436334441006,0.004098073740263057,0.005705237091006297,0.007209242918048425,-0.01388986274678524,-0.013627422675115478,-0.010592492572169595,-0.013133721568745895,0.004482053154236631,0.0039635285170847795,0.00331439203434226,0.005318068904371364,0.0005680915909438499,0.005600340155250365,0.007726769796707382,0.004467042965157422,0.00685204342903197
2023-12-20,-0.014752978135857561,-0.012842103179516909,-0.019417540759765702,-0.014129014334776625,0.019194650398160328,0.020507649252048697,0.020760635453828336,0.019661749150619967,-0.009095040046854578,-0.0115120045580615,-0.012726703943759245,-0.011021612472499246,-0.014167865437413923,-0.018358731910585964,-0.014406982539285053,-0.012117290283921006,-0.013833019880475163
2023-12-21,0.008160532810200162,0.007939343979245068,0.014562239907303846,0.00763209633189128,0.028038946398433566,0.027648246334956463,0.013549966509365846,0.026623313442301864,0.011473601741572397,0.008190521842489387,0.014697719478772638,0.00924873320260724,0.00535695444403544,0.013269650413197201,0.007305864705891321,0.007696870462101763,0.006805655889832298
2023-12-22,0.00195996413291749,0.0064115015881611535,0.0015023727178745192,0.003156364577518671,0.017659209009807143,0.013202981570569212,0.014462672259109629,0.01695113215394635,0.004576504945732433,0.006259546630945702,0.002636663396812728,0.0044605206714484515,0.005909482774873973,0.0019507747589149586,0.0030337514409393873,0.005331855545599155,0.0037235391973372924
2023-12-23,,,,,-0.009033084431587103,-0.005154185192826188,-0.005810165277890107,-0.007450879760802086,,,,,,,,,
2023-12-24,,,,,-0.017737058550317878,-0.016915492458319234,-0.013402798051494202,-0.017092216232702524,,,,,,,,,
2023-12-25,,,,,0.03047235648036244,0.02126530131919381,0.018266966078949266,0.026487436176331102,,,,,,,,,
2023-12-26,0.006506457589898613,0.0029574709259115634,0.007400085806854027,0.005364233120494714,-0.022479580266228295,-0.020613184343319373,-0.02638831963223268,-0.022270475401518233,0.0016754512805441286,0.002019137426366614,0.0028578394779642828,0.002825117404743691,0.002856108669155799,0.005884358769225381,0.006036406511537743,0.003162321873961452,0.0050831244886936095
2023-12-27,0.0014553578874705298,0.0034266466244681315,0.0013248232679304434,0.0018023216524176208,0.05254635573080771,0.046152081761315404,0.05655714257600538,0.0504836455586254,0.009970524194693391,0.003916193700355765,0.012932066538491023,0.006301818435058923,0.0032145020468170946,0.0009116701786970598,0.0011636073330573502,0.0026318146831761646,0.0014184220110173107
2023-12-28,0.0012242203691481567,0.0020649879684355417,0.002173127120825188,0.0016191201325789233,-0.008408280584752969,-0.012100378436689756,-0.007170250495525588,-0.008742923577121791,-0.0003811964565020311,0.001794101593263889,-0.0007855096945164408,0.0006924624260998672,0.0032308873756704774,0.0028925683491539435,0.0013161502955577305,0.0026248210963149233,0.001833453102677385
2023-12-29,-0.0030351187391592354,-0.00023909800105471478,-0.0013265045391022776,-0.002264223994771919,-0.01857000180069473,-0.016544631488288934,-0.01603972810967068,-0.017200781304270635,-0.005624265916081817,-0.000466305764223692,-0.004517551624103289,-0.0036816652643855423,0.0016595252982423703,-0.0015257524874987653,-0.0029369338805815756,-4.655647490134514e-05,-0.0021527337685023165
2023-12-30,,,,,0.00732226086147536,0.0053865516547734445,0.012621613230176555,0.0065813701667258254,,,,,,,,,
2023-12-31,,,,,-0.011748167139113263,-0.00483882648963862,-0.008181199723571146,-0.00909337750345444,,,,,,,,,
